# 23 directories
# dir   1  /btl
# dir   2  /btl/char
# dir   3  /btl/common
# dir   4  /btl/cut_in
# dir   5  /btl/debug
# dir   6  /btl/eff
# dir   7  /btl/magic
# dir   8  /btl/map
# dir   9  /btl/prm
# dir  10  /fc
# dir  11  /item
# dir  12  /item/icon
# dir  13  /m
# dir  14  /m/misc
# dir  15  /m/misc/2D
# dir  16  /m/misc/etc
# dir  17  /menu
# dir  18  /menu/monsterbook
# dir  19  /menu/spirlink
# dir  20  /movie
# dir  21  /s
# dir  22  /s/lvd
# dir  23  /title
# fat_id	start	end	size	path
31	1732608	1739052	6444	/TODS3_BtlMemoData.dat
32	1739264	1741619	2355	/TODS3_CureStoneData.dat
33	1741824	1742792	968	/TODS3_LinkCounterData.dat
34	1742848	1780515	37667	/TODS3_OutLineData.dat
35	1780736	1781048	312	/TODS3_PlayerData.dat
36	1781248	1819332	38084	/TODS3_SormaBuildData.dat
37	1819648	1854811	35163	/TODS3_SormaSkillData.dat
38	1854976	1863652	8676	/TODS3_SpirLinkData.dat
39	1863680	1873516	9836	/TODS3_SpirLinkTreasureData.dat
40	1873920	1875336	1416	/TODS3_StrategyData.dat
41	1875456	1906850	31394	/TODS3_TitleData.dat
42	249644544	249705260	60716	/trialFont10.NFTR
43	249705472	249785996	80524	/trialFont12.NFTR
44	249786368	249787044	676	/trialFont8.NFTR
45	1907200	1950832	43632	/btl/char/char.b
46	1951232	17193604	15242372	/btl/char/char.dat
47	17193984	17233380	39396	/btl/common/common.cbb
48	17233408	17246214	12806	/btl/common/common.ds3
49	17246720	17251574	4854	/btl/common/face_LZ.bin
50	17251840	17252308	468	/btl/common/shadow.ds3
51	17252352	17252952	600	/btl/cut_in/cut_in.b
52	17253376	17310192	56816	/btl/cut_in/cut_in.dat
53	17310208	17317364	7156	/btl/debug/debug.b
54	17317376	17401848	84472	/btl/debug/debug.dat
55	17503232	17571356	68124	/btl/eff/sysresTextureTex.efg
56	17401856	17416804	14948	/btl/eff/Tex.b
57	17417216	17503064	85848	/btl/eff/Tex.dat
58	17571840	17574300	2460	/btl/magic/mag.b
59	17574400	19810888	2236488	/btl/magic/mag.dat
60	19811328	19814612	3284	/btl/map/map.b
61	19814912	24602424	4787512	/btl/map/map.dat
62	24602624	24604424	1800	/btl/prm/To9_BattleEventData.bin
63	24604672	24607408	2736	/btl/prm/To9_DialogueData.bin
64	24607744	24613672	5928	/btl/prm/To9_EncountAreaData.dat
65	24613888	24700800	86912	/btl/prm/To9_EncountGroupData.dat
66	24700928	24708536	7608	/btl/prm/To9_EncountTable.dat
67	24708608	24792368	83760	/btl/prm/To9_EnemyData.dat
68	24792576	24797408	4832	/fc/fc.b
69	24797696	26196128	1398432	/fc/fc.dat
70	26196480	26204832	8352	/fc/fcscr.b
71	26205184	26769600	564416	/fc/fcscr.dat
72	26769920	26772792	2872	/item/CTODS3_AccessoryShopData.bin
73	26772992	26775558	2566	/item/CTODS3_CureStoneShopData.bin
74	26776064	26778300	2236	/item/CTODS3_MaterialShopData.bin
75	26778624	26780491	1867	/item/CTODS3_ToolShopData.bin
76	26780672	26796025	15353	/item/TODS9_AccessoryData.dat
77	26796032	26800727	4695	/item/TODS9_GradeShopData.dat
78	26801152	26805439	4287	/item/TODS9_ItemData.dat
79	26805760	26816705	10945	/item/TODS9_MaterialData.dat
80	26817024	26852118	35094	/item/TODS9_SormaData.dat
81	26852352	26860082	7730	/item/TODS9_ValueData.dat
82	26860544	26866468	5924	/item/icon/ItemIcon.b
83	26866688	27267952	401264	/item/icon/ItemIcon.dat
84	27268096	27272679	4583	/m/hsr.bin
85	27272704	27339712	67008	/m/m.b
86	27339776	93258688	65918912	/m/m.dat
87	93943296	93961504	18208	/m/o.b
88	93961728	99956864	5995136	/m/o.dat
89	99957248	100005680	48432	/m/p.b
90	100005888	107619248	7613360	/m/p.dat
91	107619328	107622528	3200	/m/rmp.b
92	107622912	107646640	23728	/m/rmp.dat
93	93291008	93293660	2652	/m/misc/2D/compass.ds3
94	93294080	93294480	400	/m/misc/2D/dnab.ds3
95	93294592	93294992	400	/m/misc/2D/dnar.ds3
96	93295104	93328704	33600	/m/misc/2D/erimg.dat
97	93328896	93395104	66208	/m/misc/2D/fine_1.ds3
98	93395456	93420632	25176	/m/misc/2D/fine_2.dat
99	93421056	93434912	13856	/m/misc/2D/fldm00.dat
100	93435392	93449376	13984	/m/misc/2D/fldm01.dat
101	93258752	93288100	29348	/m/misc/2D/Menu_Event.dat
102	93288448	93290880	2432	/m/misc/2D/Menu_Slot.dat
103	93449728	93474992	25264	/m/misc/2D/sepia_beryl.ds3
104	93475328	93500592	25264	/m/misc/2D/sepia_chalcedony.ds3
105	93500928	93526192	25264	/m/misc/2D/sepia_hisui.ds3
106	93526528	93551792	25264	/m/misc/2D/sepia_innes.ds3
107	93552128	93577392	25264	/m/misc/2D/sepia_kohaku.ds3
108	93577728	93602992	25264	/m/misc/2D/sepia_kunzite.ds3
109	93603328	93628592	25264	/m/misc/2D/sepia_lichia.ds3
110	93628928	93654192	25264	/m/misc/2D/sepia_shing.ds3
111	93654528	93657184	2656	/m/misc/etc/acthelpwin.bin
112	93657600	93660020	2420	/m/misc/etc/charshadow.nsbmd
113	93660160	93695444	35284	/m/misc/etc/eb.ds3
114	93695488	93700368	4880	/m/misc/etc/lc.bin
115	93700608	93713312	12704	/m/misc/etc/mapsteff.bin
116	93713408	93714576	1168	/m/misc/etc/mesiconfc.bin
117	93714944	93718560	3616	/m/misc/etc/meswin.bin
118	93719040	93721212	2172	/m/misc/etc/sring.bin
119	93721600	93740160	18560	/m/misc/etc/sys_sav.bin
120	93740544	93928960	188416	/m/misc/etc/tn.dat
121	93928960	93931504	2544	/m/misc/etc/townNameJewel.ds3
122	93931520	93943040	11520	/m/misc/etc/weather.bin
123	107646976	107672876	25900	/menu/BERYL.dat
124	107673088	107682744	9656	/menu/CHARA_FACE.dat
125	107682816	107708716	25900	/menu/HISUI.dat
126	107708928	107734828	25900	/menu/INNES.dat
127	107735040	107760940	25900	/menu/KOHAKU.dat
128	107761152	107787052	25900	/menu/KOHAKU2.dat
129	107787264	107813164	25900	/menu/KUNZITE.dat
130	107813376	107824508	11132	/menu/Link_BERYL.dat
131	107824640	107835772	11132	/menu/Link_HISUI.dat
132	107835904	107847036	11132	/menu/Link_INNES.dat
133	107847168	107858300	11132	/menu/Link_KOHAKU.dat
134	107858432	107869564	11132	/menu/Link_KOHAKU2.dat
135	107869696	107880828	11132	/menu/Link_KUNZITE.dat
136	107880960	107892092	11132	/menu/Link_SHING.dat
137	107892224	107906372	14148	/menu/MENU_BG.b
138	107906560	108302056	395496	/menu/MENU_BG.dat
139	108302336	108316284	13948	/menu/NAVIMAP_BG.b
140	108316672	109249428	932756	/menu/NAVIMAP_BG.dat
141	109249536	109275436	25900	/menu/SHING.dat
142	109275648	109301548	25900	/menu/STAN.dat
143	109301760	109338928	37168	/menu/WORLDMAP_1.dat
144	109339136	109376304	37168	/menu/WORLDMAP_2.dat
145	109376512	109390140	13628	/menu/monsterbook/EnemyIcon.b
146	109390336	109892724	502388	/menu/monsterbook/EnemyIcon.dat
147	109893120	109893724	604	/menu/spirlink/SpirLinkIcon.b
148	109894144	109939740	45596	/menu/spirlink/SpirLinkIcon.dat
149	135717888	135717938	50	/movie/memo.txt
150	109940224	112952884	3012660	/movie/MOV000_A.mods
151	112953344	114683932	1730588	/movie/MOV000_B.mods
152	114684416	120479324	5794908	/movie/MOV001.mods
153	120479744	123107708	2627964	/movie/MOV002.mods
154	123107840	125268424	2160584	/movie/MOV003.mods
155	125268480	127023480	1755000	/movie/MOV004.mods
156	127023616	128859676	1836060	/movie/MOV005.mods
157	128860160	131808560	2948400	/movie/MOV006.mods
158	131808768	135717636	3908868	/movie/MOV007.mods
159	135718400	135738167	19767	/s/C0101
160	135738368	135763244	24876	/s/C0102
161	135763456	135781114	17658	/s/C0103
162	135781376	135820755	39379	/s/C0104
163	135820800	135848484	27684	/s/C0201
164	135848960	135905573	56613	/s/C0202
165	135905792	135927523	21731	/s/C0204
166	135927808	135951052	23244	/s/C0205
167	135951360	135967769	16409	/s/C0301
168	135968256	135988791	20535	/s/C0302
169	135989248	136010952	21704	/s/C0303
170	136011264	136049080	37816	/s/C0304
171	136049152	136062020	12868	/s/C0401
172	136062464	136067369	4905	/s/C0402
173	136067584	136097039	29455	/s/C0403
174	136097280	136118728	21448	/s/C0404
175	136118784	136135939	17155	/s/C0405
176	136136192	136163924	27732	/s/C0501
177	136164352	136178461	14109	/s/C0502
178	136178688	136210718	32030	/s/C0503
179	136210944	136235734	24790	/s/C0504
180	136236032	136265625	29593	/s/C0601
181	136265728	136290939	25211	/s/C0602
182	136291328	136309487	18159	/s/C0603
183	136309760	136322132	12372	/s/C0604
184	136322560	136338581	16021	/s/C0605
185	136338944	136369211	30267	/s/C0606
186	136369664	136383202	13538	/s/C0701
187	136383488	136426741	43253	/s/C0702
188	136427008	136446188	19180	/s/C0704
189	136446464	136469732	23268	/s/C0705
190	136470016	136476521	6505	/s/C0801
191	136476672	136481278	4606	/s/C0802
192	136481280	136489204	7924	/s/C0803
193	136489472	136527497	38025	/s/C0804
194	136527872	136533714	5842	/s/C0806
195	136534016	136563842	29826	/s/C0901
196	136564224	136596982	32758	/s/C0902
197	136596992	136644615	47623	/s/C0903
198	136645120	136672699	27579	/s/C0904
199	136672768	136708560	35792	/s/C0905
200	136708608	136735471	26863	/s/C0906
201	136735744	136750712	14968	/s/C0907
202	136751104	136776111	25007	/s/C0908
203	136776192	136790144	13952	/s/C1001
204	136790528	136827279	36751	/s/C1002
205	136827392	136848486	21094	/s/C1003
206	136848896	136868111	19215	/s/C1004
207	136868352	136894163	25811	/s/C1005
208	136894464	136915278	20814	/s/C1101
209	136915456	136916751	1295	/s/C1102
210	136916992	136940783	23791	/s/C1103
211	136941056	136975898	34842	/s/C1104
212	136976384	137005538	29154	/s/C1105
213	137005568	137015729	10161	/s/C1106
214	137015808	137058529	42721	/s/C1107
215	137058816	137075721	16905	/s/C1201
216	137076224	137088524	12300	/s/C1202
217	137089024	137100489	11465	/s/C1203
218	137100800	137117837	17037	/s/C1204
219	137118208	137147132	28924	/s/C1205
220	137147392	137156648	9256	/s/C1206
221	137157120	137190139	33019	/s/C1207
222	137190400	137220044	29644	/s/C1208
223	137220096	137252084	31988	/s/C1209
224	137252352	137272105	19753	/s/C1301
225	137272320	137274039	1719	/s/C1302
226	137274368	137318930	44562	/s/C1303
227	137319424	137350001	30577	/s/C1304
228	137350144	137366189	16045	/s/C1305
229	137366528	137398910	32382	/s/C1306
230	137399296	137441712	42416	/s/C1401
231	137441792	137469556	27764	/s/C1402
232	137469952	137487276	17324	/s/C1403
233	137487360	137522990	35630	/s/C1403b
234	137523200	137528496	5296	/s/C1404
235	137528832	137547291	18459	/s/C1405
236	137547776	137553637	5861	/s/C1406
237	137553920	137576336	22416	/s/C1407
238	137576448	137584370	7922	/s/C1408
239	137584640	137597188	12548	/s/C1501
240	137597440	137617313	19873	/s/C1502
241	137617408	137642473	25065	/s/C1503
242	137642496	137672455	29959	/s/C1504
243	137672704	137712245	39541	/s/C1505
244	137712640	137725090	12450	/s/C1506
245	137725440	137756692	31252	/s/C1507
246	137757184	137775286	18102	/s/C1601
247	137775616	137802239	26623	/s/C1602
248	137802240	137820753	18513	/s/C1603
249	137821184	137846947	25763	/s/C1604
250	137847296	137853104	5808	/s/C1605
251	137853440	137887525	34085	/s/C1701
252	137887744	137914913	27169	/s/C1702
253	137915392	137939071	23679	/s/C1703
254	137939456	137948423	8967	/s/C1704
255	137948672	137975148	26476	/s/C1705
256	137975296	137980761	5465	/s/C1706
257	137980928	138003921	22993	/s/C1707
258	138003968	138012578	8610	/s/C1708
259	138012672	138036004	23332	/s/C1709
260	138036224	138051062	14838	/s/C1801
261	138051072	138058084	7012	/s/C1802
262	138058240	138090412	32172	/s/C1803
263	138090496	138095567	5071	/s/C1804
264	138095616	138117497	21881	/s/C1901
265	138117632	138141819	24187	/s/C1902
266	138142208	138176922	34714	/s/C1903
267	138177024	138213039	36015	/s/C1904
268	138213376	138225064	11688	/s/C1905
269	138225152	138248082	22930	/s/C1906
270	138248192	138298001	49809	/s/C2001
271	138298368	138302923	4555	/s/C2002
272	138302976	138330694	27718	/s/C2003
273	138331136	138353302	22166	/s/C2004
274	138353664	138372627	18963	/s/C2005
275	138373120	138421270	48150	/s/C2006
276	138421760	138435379	13619	/s/C2101
277	138435584	138473965	38381	/s/C2102
278	138473984	138501616	27632	/s/C2103
279	138501632	138553773	52141	/s/C2104
280	138553856	138599609	45753	/s/C2105
281	138599936	138636479	36543	/s/C2106
282	138636800	138663977	27177	/s/C2107
283	138664448	138691315	26867	/s/C2201
284	138691584	138713152	21568	/s/C2202
285	138713600	138742989	29389	/s/C2203
286	138743296	138762461	19165	/s/C2204
287	138762752	138780314	17562	/s/C2205
288	138780672	138802112	21440	/s/C2206
289	138802176	138825952	23776	/s/C2207
290	138826240	138864936	38696	/s/C2301
291	138865152	138890561	25409	/s/C2303
292	138890752	138893497	2745	/s/C2304
293	138893824	138918386	24562	/s/C2305
294	138918400	138950973	32573	/s/C2306
295	138951168	138966769	15601	/s/C2307
296	138967040	138992704	25664	/s/C2401
297	138993152	139018206	25054	/s/C2402
298	139018240	139044140	25900	/s/C2403
299	139044352	139067332	22980	/s/C2404
300	139067392	139078415	11023	/s/C2405
301	139078656	139112293	33637	/s/C2405b
302	139112448	139139195	26747	/s/C2406
303	139139584	139152882	13298	/s/C2407
304	139152896	139175901	23005	/s/C2501
305	139175936	139210398	34462	/s/C2502
306	139210752	139225914	15162	/s/C2503
307	139226112	139253031	26919	/s/C2504
308	139253248	139279312	26064	/s/C2505
309	139279360	139307243	27883	/s/C2601
310	139307520	139338361	30841	/s/C2602
311	139338752	139366657	27905	/s/C2603
312	139366912	139407431	40519	/s/C2604
313	139407872	139429225	21353	/s/C2605
314	139429376	139468088	38712	/s/C2701
315	139468288	139509491	41203	/s/C2702
316	139509760	139547759	37999	/s/C2703
317	139548160	139581378	33218	/s/C2704
318	139581440	139603983	22543	/s/C2705
319	139604480	139633821	29341	/s/C2801
320	139634176	139660921	26745	/s/C2802
321	139661312	139692994	31682	/s/C2803
322	139693056	139709729	16673	/s/C2804
323	139709952	139739341	29389	/s/C2805
324	139739648	139788345	48697	/s/C2806
325	139788800	139796292	7492	/s/C2807
326	139796480	139817121	20641	/s/C2901
327	139817472	139824455	6983	/s/C2902
328	139824640	139935177	110537	/s/C2903
329	139935232	139959982	24750	/s/C3001
330	139960320	139967765	7445	/s/C3002
331	139968000	139991113	23113	/s/C3003
332	139991552	140022460	30908	/s/C3004
333	140022784	140043644	20860	/s/C3005
334	140043776	140067962	24186	/s/C3006
335	140068352	140089862	21510	/s/C3101
336	140090368	140116802	26434	/s/C3102
337	140116992	140153808	36816	/s/C3103
338	140153856	140188872	35016	/s/C3104
339	140189184	140213156	23972	/s/C3105
340	140213248	140242579	29331	/s/C3106
341	140242944	140275189	32245	/s/C3107
342	140275200	140300951	25751	/s/C3108
343	140301312	140329265	27953	/s/C3201
344	140329472	140350881	21409	/s/C3202
345	140350976	140361351	10375	/s/C3203
346	140361728	140368105	6377	/s/C3204
347	140368384	140392458	24074	/s/C3205
348	140392960	140412757	19797	/s/C3301
349	140412928	140438852	25924	/s/C3302
350	140439040	140452350	13310	/s/C3303
351	140452352	140470274	17922	/s/C3304
352	140470784	140500230	29446	/s/C3305
353	140500480	140515672	15192	/s/C3401
354	140515840	140527782	11942	/s/C3402
355	140528128	140539355	11227	/s/C3403
356	140539392	140560521	21129	/s/C3404
357	140560896	140585995	25099	/s/C3405
358	140586496	140610824	24328	/s/C3406
359	140611072	140628138	17066	/s/C3407
360	140628480	140653999	25519	/s/C3408
361	140654080	140675713	21633	/s/C3501
362	140676096	140690702	14606	/s/C3502
363	140690944	140754246	63302	/s/C3503
364	140754432	140763920	9488	/s/C3505
365	140764160	140791739	27579	/s/C3506
366	140791808	140819524	27716	/s/C3507
367	140819968	140866494	46526	/s/C3601
368	140866560	140889393	22833	/s/C3603
369	140889600	140916887	27287	/s/C3604
370	140917248	140941316	24068	/s/C3605
371	140941824	140964266	22442	/s/C3701
372	140964352	140993716	29364	/s/C3702
373	140994048	141036340	42292	/s/C3703
374	141036544	141050162	13618	/s/C3704
375	141050368	141058522	8154	/s/C3705
376	141058560	141081133	22573	/s/C3706
377	141081600	141111050	29450	/s/C3801
378	141111296	141134154	22858	/s/C3802
379	141134336	141155694	21358	/s/C3803
380	141155840	141183746	27906	/s/C3804
381	141184000	141207474	23474	/s/C3901
382	141207552	141225949	18397	/s/C3902
383	141225984	141248634	22650	/s/C3903
384	141249024	141270077	21053	/s/C3904
385	141270528	141279455	8927	/s/C3905
386	141279744	141288302	8558	/s/C3906
387	141288448	141321472	33024	/s/C4001
388	141321728	141335671	13943	/s/C4002
389	141336064	141354185	18121	/s/C4003
390	141354496	141364519	10023	/s/C4004
391	141364736	141374348	9612	/s/C4005
392	141374464	141394566	20102	/s/C4006
393	141394944	141412523	17579	/s/C4101
394	141412864	141422696	9832	/s/C4102
395	141423104	141452151	29047	/s/C4103
396	141452288	141474840	22552	/s/C4104
397	141475328	141486157	10829	/s/C4105
398	141486592	141542800	56208	/s/C4106
399	141542912	141566222	23310	/s/C4201
400	141566464	141586463	19999	/s/C4202
401	141586944	141599878	12934	/s/C4203
402	141600256	141624457	24201	/s/C4204
403	141624832	141630443	5611	/s/C4205
404	141630464	141644531	14067	/s/C4206
405	141644800	141665896	21096	/s/C4207
406	141666304	141676843	10539	/s/C4208
407	141677056	141700304	23248	/s/C4301
408	141700608	141735791	35183	/s/C4302
409	141735936	141757571	21635	/s/C4303
410	141757952	141779279	21327	/s/C4304
411	141779456	141802119	22663	/s/C4305
412	141802496	141820784	18288	/s/C4306
413	141820928	141844516	23588	/s/C4401
414	141844992	141865321	20329	/s/C4402
415	141865472	141899431	33959	/s/C4403
416	141899776	141915741	15965	/s/C4404
417	141916160	141952080	35920	/s/C4405
418	141952512	141972508	19996	/s/C4406
419	141972992	141998536	25544	/s/C4407
420	141998592	142026402	27810	/s/C4408
421	142026752	142041589	14837	/s/C4501
422	142041600	142061038	19438	/s/C4502
423	142061056	142087798	26742	/s/C4503
424	142088192	142111583	23391	/s/C4504
425	142111744	142141069	29325	/s/C4505
426	142141440	142163691	22251	/s/C4601
427	142163968	142187052	23084	/s/C4602
428	142187520	142207954	20434	/s/C4603
429	142208000	142223004	15004	/s/C4604
430	142223360	142234743	11383	/s/C4605
431	142235136	142261547	26411	/s/C4606
432	142261760	142294771	33011	/s/C4607
433	142295040	142326563	31523	/s/C4608
434	142326784	142361668	34884	/s/C4609
435	142362112	142389741	27629	/s/C4610
436	142389760	142418409	28649	/s/C4611
437	142418432	142450689	32257	/s/C4612
438	142451200	142471857	20657	/s/C4613
439	142472192	142493251	21059	/s/C4701
440	142493696	142508090	14394	/s/C4702
441	142508544	142521550	13006	/s/C4703
442	142521856	142555654	33798	/s/C4704
443	142556160	142573298	17138	/s/C4705
444	142573568	142585740	12172	/s/C4706
445	142585856	142598979	13123	/s/C4707
446	142599168	142613272	14104	/s/C4708
447	142613504	142632647	19143	/s/C4709
448	142632960	142664266	31306	/s/C4801
449	142664704	142703044	38340	/s/C4802
450	142703104	142726593	23489	/s/C4803
451	142726656	142760584	33928	/s/C4804
452	142760960	142785207	24247	/s/C4805
453	142785536	142807962	22426	/s/C4806
454	142808064	142827364	19300	/s/C4807
455	142827520	142848420	20900	/s/C4901
456	142848512	142865174	16662	/s/C4902
457	142865408	142873905	8497	/s/C4903
458	142874112	142897055	22943	/s/C4904
459	142897152	142916401	19249	/s/C4905
460	142916608	142965029	48421	/s/C4906
461	142965248	142991062	25814	/s/C4907
462	142991360	143015366	24006	/s/C5001
463	143015424	143041799	26375	/s/C5002
464	143042048	143075870	33822	/s/C5003
465	143076352	143102057	25705	/s/C5004
466	143102464	143133632	31168	/s/C5005
467	143133696	143159419	25723	/s/C5006
468	143159808	143181636	21828	/s/C5007
469	143181824	143189556	7732	/s/C5008
470	143190016	143208396	18380	/s/C5009
471	143208448	143234515	26067	/s/C5101
472	143234560	143259579	25019	/s/C5102
473	143259648	143287569	27921	/s/C5103
474	143287808	143317936	30128	/s/C5104
475	143318016	143343241	25225	/s/C5105
476	143343616	143380030	36414	/s/C5201
477	143380480	143413934	33454	/s/C5202
478	143414272	143457119	42847	/s/C5203
479	143457280	143483258	25978	/s/C5204
480	143483392	143506580	23188	/s/C5205
481	143506944	143530437	23493	/s/C5301
482	143530496	143555378	24882	/s/C5302
483	143555584	143573685	18101	/s/C5303
484	143574016	143594691	20675	/s/C5304
485	143595008	143632303	37295	/s/C5305
486	143632384	143663220	30836	/s/C5306
487	143663616	143690535	26919	/s/C5307
488	143690752	143723894	33142	/s/C5401
489	143724032	143743671	19639	/s/C5402
490	143744000	143779692	35692	/s/C5403
491	143779840	143790623	10783	/s/C5404
492	143791104	143823854	32750	/s/C5405
493	143823872	143849714	25842	/s/C5406
494	143849984	143876997	27013	/s/C5407
495	143877120	143901553	24433	/s/C5501
496	143901696	143915602	13906	/s/C5502
497	143916032	143951989	35957	/s/C5503
498	143952384	143955763	3379	/s/C5504
499	143955968	143978223	22255	/s/C5505
500	143978496	143987751	9255	/s/C5506
501	143988224	144041442	53218	/s/C5601
502	144041472	144063769	22297	/s/C5602
503	144064000	144106144	42144	/s/C5603
504	144106496	144116150	9654	/s/C5604
505	144116224	144143845	27621	/s/C5605
506	144143872	144154690	10818	/s/C5606
507	144155136	144176329	21193	/s/C5606b
508	144176640	144183312	6672	/s/C5701
509	144183808	144200771	16963	/s/C5702
510	144201216	144228257	27041	/s/C5703
511	144228352	144254939	26587	/s/C5704
512	144254976	144295752	40776	/s/C5705
513	144295936	144318146	22210	/s/C5706
514	144318464	144337779	19315	/s/C5801
515	144337920	144361376	23456	/s/C5802
516	144361472	144364823	3351	/s/C5803
517	144365056	144380688	15632	/s/C5804
518	144380928	144396910	15982	/s/C5805
519	144397312	144406359	9047	/s/C5806
520	144406528	144415704	9176	/s/C5807
521	144415744	144437416	21672	/s/C5901
522	144437760	144456701	18941	/s/C5902
523	144456704	144477599	20895	/s/C5903
524	144477696	144505917	28221	/s/C5904
525	144506368	144524138	17770	/s/C6001
526	144524288	144558710	34422	/s/C6002
527	144559104	144587731	28627	/s/C6003
528	144587776	144608442	20666	/s/C6004
529	144608768	144637628	28860	/s/C6005
530	144637952	144658256	20304	/s/C6006
531	144658432	144677450	19018	/s/C6007
532	144677888	144701940	24052	/s/C6008
533	144701952	144720129	18177	/s/C6009
534	144720384	144738668	18284	/s/C6010
535	144738816	144754883	16067	/s/C6011
536	144755200	144762447	7247	/s/C6012
537	144762880	144768850	5970	/s/C6013
538	144769024	144783088	14064	/s/C6101
539	144783360	144798727	15367	/s/C6102
540	144799232	144823729	24497	/s/C6103
541	144823808	144833078	9270	/s/C6104
542	144833536	144856264	22728	/s/C6105
543	144856576	144871234	14658	/s/C6106
544	144871424	144887411	15987	/s/C6107
545	144887808	144904882	17074	/s/C6201
546	144905216	144914060	8844	/s/C6202
547	144914432	144935970	21538	/s/C6203
548	144936448	144958621	22173	/s/C6204
549	144958976	144971207	12231	/s/C6205
550	144971264	144989412	18148	/s/C6301
551	144989696	145007100	17404	/s/C6302
552	145007104	145034059	26955	/s/C6303
553	145034240	145037226	2986	/s/C6304
554	145037312	145053809	16497	/s/C6305
555	145054208	145074053	19845	/s/C6401
556	145074176	145098540	24364	/s/C6402
557	145098752	145138141	39389	/s/C6403
558	145138176	145151145	12969	/s/C6404
559	145151488	145170863	19375	/s/C6405
560	145170944	145188672	17728	/s/C6406
561	145188864	145206945	18081	/s/C6501
562	145207296	145239918	32622	/s/C6502
563	145240064	145259568	19504	/s/C6503
564	145260032	145290974	30942	/s/C6504
565	145291264	145292945	1681	/s/C6505
566	145293312	145316782	23470	/s/C6601
567	145316864	145343260	26396	/s/C6602
568	145343488	145364478	20990	/s/C6603
569	145364480	145378375	13895	/s/C6604
570	145378816	145399572	20756	/s/C6605
571	145399808	145417817	18009	/s/C6606
572	145418240	145436291	18051	/s/C6607
573	145436672	145440829	4157	/s/C6608
574	145441280	145450283	9003	/s/C6701
575	145450496	145464756	14260	/s/C6702
576	145464832	145475961	11129	/s/C6703
577	145476096	145486709	10613	/s/C6704
578	145486848	145504854	18006	/s/C6705
579	145505280	145509544	4264	/s/C6706
580	145509888	145540099	30211	/s/C6707
581	145540608	145562097	21489	/s/C6801
582	145562112	145593572	31460	/s/C6802
583	145593856	145618960	25104	/s/C6803
584	145619456	145645926	26470	/s/C6804
585	145646080	145676295	30215	/s/C6805
586	145676800	145708509	31709	/s/C6806
587	145708544	145742906	34362	/s/C6807
588	145743360	145770872	27512	/s/C6808
589	145771008	145793757	22749	/s/C6901
590	145794048	145819088	25040	/s/C6902
591	145819136	145849321	30185	/s/C6903
592	145849344	145879254	29910	/s/C6904
593	145879552	145907366	27814	/s/C6905
594	145907712	145941717	34005	/s/C7001
595	145942016	145964056	22040	/s/C7002
596	145964544	145997535	32991	/s/C7003
597	145997824	146030382	32558	/s/C7004
598	146030592	146069563	38971	/s/C7005
599	146070016	146111350	41334	/s/C7006
600	146111488	146126667	15179	/s/C7101
601	146126848	146150557	23709	/s/C7102
602	146150912	146169713	18801	/s/C7103
603	146169856	146203042	33186	/s/C7104
604	146203136	146227611	24475	/s/C7105
605	146227712	146259952	32240	/s/C7106
606	146259968	146274712	14744	/s/C7107
607	146274816	146307017	32201	/s/C7108
608	146307072	146325770	18698	/s/C7201
609	146326016	146352292	26276	/s/C7202
610	146352640	146372649	20009	/s/C7203
611	146373120	146394285	21165	/s/C7204
612	146394624	146414379	19755	/s/C7205
613	146414592	146441894	27302	/s/C7206
614	146442240	146458533	16293	/s/C7207
615	146458624	146491974	33350	/s/C7208
616	146492416	146502025	9609	/s/C7209
617	146502144	146529341	27197	/s/C7210
618	146529792	146554006	24214	/s/C7301
619	146554368	146559560	5192	/s/C7302
620	146560000	146568012	8012	/s/C7303
621	146568192	146592493	24301	/s/C7304
622	146592768	146618467	25699	/s/C7305
623	146618880	146649667	30787	/s/C7306
624	146650112	146657107	6995	/s/C7307
625	146657280	146674775	17495	/s/C7308
626	146675200	146705567	30367	/s/C7309
627	146705920	146719368	13448	/s/C7310
628	146719744	146741555	21811	/s/C7401
629	146741760	146750853	9093	/s/C7402
630	146750976	146771908	20932	/s/C7403
631	146771968	146807361	35393	/s/C7404
632	146807808	146833142	25334	/s/C7405
633	146833408	146861150	27742	/s/C7406
634	146861568	146883841	22273	/s/C7407
635	146884096	146915081	30985	/s/C7408
636	146915328	146924119	8791	/s/C7409
637	146924544	146959003	34459	/s/C7410
638	146959360	146969789	10429	/s/C7411
639	146970112	146986921	16809	/s/C7412
640	146987008	146996395	9387	/s/C7413
641	146996736	147004969	8233	/s/C7414
642	147005440	147035622	30182	/s/C7415
643	147035648	147056448	20800	/s/C7416
644	147056640	147082361	25721	/s/C7417
645	147082752	147111420	28668	/s/C7418
646	147111424	147115006	3582	/s/C7419
647	147115008	147116757	1749	/s/C7420
648	147117056	147119446	2390	/s/C7421
649	147119616	147148135	28519	/s/C7501
650	147148288	147164851	16563	/s/C7502
651	147165184	147174089	8905	/s/C7503
652	147174400	147202434	28034	/s/C7504
653	147202560	147227073	24513	/s/C7505
654	147227136	147252438	25302	/s/C7506
655	147252736	147261118	8382	/s/C7507
656	147261440	147284572	23132	/s/C7508
657	147284992	147307653	22661	/s/C7509
658	147308032	147325576	17544	/s/C7510
659	147325952	147360939	34987	/s/C7511
660	147361280	147368837	7557	/s/C7512
661	147368960	147385159	16199	/s/C7513
662	147385344	147407776	22432	/s/C7514
663	147407872	147425940	18068	/s/C7515
664	147426304	147433035	6731	/s/C7516
665	147433472	147459696	26224	/s/C7517
666	147460096	147480866	20770	/s/C7518
667	147481088	147491557	10469	/s/C7519
668	147491840	147493570	1730	/s/C7520
669	147493888	147497327	3439	/s/C7521
670	147497472	147519274	21802	/s/C7601
671	147519488	147541235	21747	/s/C7602
672	147541504	147553562	12058	/s/C7603
673	147553792	147572420	18628	/s/C7604
674	147572736	147597151	24415	/s/C7605
675	147597312	147621653	24341	/s/C7606
676	147621888	147644682	22794	/s/C7607
677	147644928	147675292	30364	/s/S000101
678	147675648	147705523	29875	/s/S000102
679	147705856	147732043	26187	/s/S000103
680	147732480	147760978	28498	/s/S000104
681	147761152	147802067	40915	/s/S000105
682	147802112	147830069	27957	/s/S000501
683	147830272	147872305	42033	/s/S000502
684	147872768	147915541	42773	/s/S000503
685	147915776	147931370	15594	/s/S000504
686	147931648	147950023	18375	/s/S000505
687	147950080	147976665	26585	/s/S010101
688	147976704	147982345	5641	/s/S010102
689	147982848	148007873	25025	/s/S010103
690	148007936	148019647	11711	/s/S010104
691	148019712	148052918	33206	/s/S010105
692	148052992	148087835	34843	/s/S010106
693	148088320	148118689	30369	/s/S010107
694	148119040	148137792	18752	/s/S010108
695	148137984	148164825	26841	/s/S010109
696	148165120	148193163	28043	/s/S010110
697	148193280	148221402	28122	/s/S010111
698	148221440	148235143	13703	/s/S010112
699	148235264	148250570	15306	/s/S010113
700	148250624	148253592	2968	/s/S010114
701	148253696	148279164	25468	/s/S010115
702	148279296	148303900	24604	/s/S010116
703	148304384	148335049	30665	/s/S010117
704	148335104	148367850	32746	/s/S010118
705	148367872	148395847	27975	/s/S010119
706	148396032	148422502	26470	/s/S010120
707	148422656	148432007	9351	/s/S010121
708	148432384	148454061	21677	/s/S010122
709	148454400	148473297	18897	/s/S010123
710	148473344	148513031	39687	/s/S010201
711	148513280	148528834	15554	/s/S010202
712	148529152	148557049	27897	/s/S010203
713	148557312	148577393	20081	/s/S010204
714	148577792	148610537	32745	/s/S010205
715	148610560	148625022	14462	/s/S010206
716	148625408	148664045	38637	/s/S010207
717	148664320	148694316	29996	/s/S010208
718	148694528	148717249	22721	/s/S010209
719	148717568	148755521	37953	/s/S010210
720	148755968	148766267	10299	/s/S010211
721	148766720	148783561	16841	/s/S010212
722	148783616	148814041	30425	/s/S010213
723	148814336	148837734	23398	/s/S010214
724	148837888	148862096	24208	/s/S010215
725	148862464	148883578	21114	/s/S010216
726	148883968	148913581	29613	/s/S010217
727	148913664	148935853	22189	/s/S010218
728	148936192	148959863	23671	/s/S010219
729	148960256	148983588	23332	/s/S010220
730	148983808	148988852	5044	/s/S010221
731	148988928	148996087	7159	/s/S010222
732	148996096	149009564	13468	/s/S010223
733	149009920	149042114	32194	/s/S010224
734	149042176	149068209	26033	/s/S010225
735	149068288	149074319	6031	/s/S010226
736	149074432	149101852	27420	/s/S010227
737	149102080	149106522	4442	/s/S010228
738	149106688	149128250	21562	/s/S010229
739	149128704	149139433	10729	/s/S010230
740	149139456	149169485	30029	/s/S010231
741	149169664	149194405	24741	/s/S010232
742	149194752	149215680	20928	/s/S010401
743	149215744	149234335	18591	/s/S010402
744	149234688	149249835	15147	/s/S010403
745	149250048	149264147	14099	/s/S010404
746	149264384	149276419	12035	/s/S010405
747	149276672	149296733	20061	/s/S010406
748	149297152	149328906	31754	/s/S010407
749	149329408	149357707	28299	/s/S010408
750	149358080	149392392	34312	/s/S010409
751	149392896	149421444	28548	/s/S010410
752	149421568	149441513	19945	/s/S010411
753	149441536	149458442	16906	/s/S010412
754	149458944	149493040	34096	/s/S010413
755	149493248	149506630	13382	/s/S010414
756	149507072	149524984	17912	/s/S010415
757	149524992	149534427	9435	/s/S010416
758	149534720	149551473	16753	/s/S010417
759	149551616	149580484	28868	/s/S010418
760	149580800	149603001	22201	/s/S010501
761	149603328	149621519	18191	/s/S010502
762	149621760	149638100	16340	/s/S010503
763	149638144	149660951	22807	/s/S010504
764	149661184	149694673	33489	/s/S010505
765	149694976	149710840	15864	/s/S010506
766	149710848	149732315	21467	/s/S010507
767	149732352	149766719	34367	/s/S010508
768	149767168	149798538	31370	/s/S010509
769	149798912	149803087	4175	/s/S010510
770	149803520	149809832	6312	/s/S010511
771	149810176	149819424	9248	/s/S010512
772	149819904	149849459	29555	/s/S010513
773	149849600	149865190	15590	/s/S010514
774	149865472	149885025	19553	/s/S010515
775	149885440	149896090	10650	/s/S010516
776	149896192	149914528	18336	/s/S010517
777	149914624	149927279	12655	/s/S010518
778	149927424	149939082	11658	/s/S010519
779	149939200	149960224	21024	/s/S010520
780	149960704	149995818	35114	/s/S010521
781	149996032	150023421	27389	/s/S010522
782	150023680	150046468	22788	/s/S010523
783	150046720	150063355	16635	/s/S010524
784	150063616	150064915	1299	/s/S010525
785	150065152	150091250	26098	/s/S010526
786	150091264	150105433	14169	/s/S010527
787	150105600	150136501	30901	/s/S010528
788	150136832	150168556	31724	/s/S010701
789	150168576	150182456	13880	/s/S010702
790	150182912	150197410	14498	/s/S010703
791	150197760	150219724	21964	/s/S010704
792	150219776	150250747	30971	/s/S010705
793	150251008	150285131	34123	/s/S010706
794	150285312	150293113	7801	/s/S010707
795	150293504	150320172	26668	/s/S010708
796	150320640	150332162	11522	/s/S010709
797	150332416	150369280	36864	/s/S010710
798	150369280	150395259	25979	/s/S010711
799	150395392	150427307	31915	/s/S010712
800	150427648	150449050	21402	/s/S010713
801	150449152	150467050	17898	/s/S010714
802	150467072	150490637	23565	/s/S010715
803	150491136	150495753	4617	/s/S010716
804	150496256	150512358	16102	/s/S010717
805	150512640	150521711	9071	/s/S010718
806	150521856	150524066	2210	/s/S010719
807	150524416	150550608	26192	/s/S010720
808	150551040	150565149	14109	/s/S010721
809	150565376	150601146	35770	/s/S010722
810	150601216	150606214	4998	/s/S010723
811	150606336	150636571	30235	/s/S010724
812	150637056	150639637	2581	/s/S010725
813	150640128	150657332	17204	/s/S010726
814	150657536	150690346	32810	/s/S010727
815	150690816	150715179	24363	/s/S010728
816	150715392	150727170	11778	/s/S010729
817	150727680	150736273	8593	/s/S010730
818	150736384	150750721	14337	/s/S010731
819	150751232	150770766	19534	/s/S010732
820	150771200	150782780	11580	/s/S010733
821	150782976	150788217	5241	/s/S010734
822	150788608	150825380	36772	/s/S010735
823	150825472	150835862	10390	/s/S010901
824	150836224	150839334	3110	/s/S010902
825	150839808	150854762	14954	/s/S010903
826	150855168	150869578	14410	/s/S010904
827	150870016	150906335	36319	/s/S010905
828	150906368	150920503	14135	/s/S010906
829	150920704	150940274	19570	/s/S010907
830	150940672	150963638	22966	/s/S010908
831	150963712	150977708	13996	/s/S010909
832	150978048	150995708	17660	/s/S010910
833	150995968	151022225	26257	/s/S010911
834	151022592	151036637	14045	/s/S010912
835	151036928	151051271	14343	/s/S010913
836	151051776	151064091	12315	/s/S010914
837	151064576	151071162	6586	/s/S010915
838	151071232	151078456	7224	/s/S010916
839	151078912	151106535	27623	/s/S011201
840	151106560	151134418	27858	/s/S011202
841	151134720	151164555	29835	/s/S011203
842	151164928	151194804	29876	/s/S011204
843	151195136	151212727	17591	/s/S011205
844	151213056	151258338	45282	/s/S011206
845	151258624	151291607	32983	/s/S011207
846	151291904	151310737	18833	/s/S011208
847	151310848	151339940	29092	/s/S011209
848	151340032	151360729	20697	/s/S011210
849	151361024	151388317	27293	/s/S011211
850	151388672	151405501	16829	/s/S011212
851	151405568	151434095	28527	/s/S011213
852	151434240	151469188	34948	/s/S011214
853	151469568	151490576	21008	/s/S011215
854	151491072	151517735	26663	/s/S011216
855	151518208	151533555	15347	/s/S011217
856	151533568	151546171	12603	/s/S011218
857	151546368	151553685	7317	/s/S011219
858	151554048	151574456	20408	/s/S011220
859	151574528	151582951	8423	/s/S011221
860	151583232	151611627	28395	/s/S011222
861	151611904	151629557	17653	/s/S011223
862	151629824	151646070	16246	/s/S011501
863	151646208	151654213	8005	/s/S011502
864	151654400	151672334	17934	/s/S011503
865	151672832	151688538	15706	/s/S011504
866	151688704	151710871	22167	/s/S011505
867	151711232	151716972	5740	/s/S011506
868	151717376	151720131	2755	/s/S011507
869	151720448	151743948	23500	/s/S011508
870	151744000	151774209	30209	/s/S011509
871	151774720	151778659	3939	/s/S011510
872	151778816	151813552	34736	/s/S011511
873	151813632	151847227	33595	/s/S011512
874	151847424	151851372	3948	/s/S011513
875	151851520	151865008	13488	/s/S011514
876	151865344	151876933	11589	/s/S011515
877	151877120	151892895	15775	/s/S011516
878	151892992	151913661	20669	/s/S011517
879	151913984	151932259	18275	/s/S011518
880	151932416	151943070	10654	/s/S011519
881	151943168	151969359	26191	/s/S011520
882	151969792	151991738	21946	/s/S011521
883	151991808	151997314	5506	/s/S011522
884	151997440	152016483	19043	/s/S011523
885	152016896	152036449	19553	/s/S011524
886	152036864	152072341	35477	/s/S011525
887	152072704	152106350	33646	/s/S011526
888	152106496	152115020	8524	/s/S011527
889	152115200	152146337	31137	/s/S011528
890	152146432	152169908	23476	/s/S011529
891	152169984	152190824	20840	/s/S011530
892	152190976	152205808	14832	/s/S011531
893	152205824	152264357	58533	/s/S011532
894	152264704	152268484	3780	/s/S011533
895	152268800	152287039	18239	/s/S011534
896	152287232	152307266	20034	/s/S020201
897	152307712	152324095	16383	/s/S020202
898	152324096	152365324	41228	/s/S020203
899	152365568	152394095	28527	/s/S020204
900	152394240	152418817	24577	/s/S020205
901	152419328	152426794	7466	/s/S020206
902	152427008	152435082	8074	/s/S020207
903	152435200	152457878	22678	/s/S020208
904	152458240	152477011	18771	/s/S020209
905	152477184	152507103	29919	/s/S020210
906	152507392	152521792	14400	/s/S020211
907	152522240	152524439	2199	/s/S020212
908	152524800	152556675	31875	/s/S020213
909	152557056	152570305	13249	/s/S020214
910	152570368	152611610	41242	/s/S020215
911	152611840	152648814	36974	/s/S020216
912	152649216	152679372	30156	/s/S020217
913	152679424	152698980	19556	/s/S020218
914	152699392	152708040	8648	/s/S020219
915	152708096	152740472	32376	/s/S020220
916	152740864	152767125	26261	/s/S020221
917	152767488	152786995	19507	/s/S020222
918	152787456	152794661	7205	/s/S020223
919	152795136	152816558	21422	/s/S020224
920	152816640	152853758	37118	/s/S020225
921	152854016	152877081	23065	/s/S020226
922	152877568	152910959	33391	/s/S020227
923	152911360	152921118	9758	/s/S020228
924	152921600	152951341	29741	/s/S020229
925	152951808	152987477	35669	/s/S020230
926	152987648	152994264	6616	/s/S020231
927	152994304	153027031	32727	/s/S020232
928	153027072	153054670	27598	/s/S020233
929	153054720	153071785	17065	/s/S020234
930	153072128	153081520	9392	/s/S020235
931	153081856	153105166	23310	/s/S020601
932	153105408	153133332	27924	/s/S020602
933	153133568	153158103	24535	/s/S020603
934	153158144	153172599	14455	/s/S020604
935	153172992	153206590	33598	/s/S020605
936	153206784	153217896	11112	/s/S020606
937	153218048	153251130	33082	/s/S020607
938	153251328	153277838	26510	/s/S020608
939	153277952	153291568	13616	/s/S020609
940	153291776	153323230	31454	/s/S020610
941	153323520	153335657	12137	/s/S020611
942	153335808	153365968	30160	/s/S020612
943	153366016	153387736	21720	/s/S020613
944	153388032	153412471	24439	/s/S020614
945	153412608	153425221	12613	/s/S020615
946	153425408	153446262	20854	/s/S020616
947	153446400	153462161	15761	/s/S021201
948	153462272	153469601	7329	/s/S021202
949	153469952	153498918	28966	/s/S021203
950	153499136	153524840	25704	/s/S021204
951	153525248	153535219	9971	/s/S021205
952	153535488	153568393	32905	/s/S021206
953	153568768	153588859	20091	/s/S021207
954	153589248	153622958	33710	/s/S021208
955	153623040	153644027	20987	/s/S021209
956	153644032	153671379	27347	/s/S021210
957	153671680	153679418	7738	/s/S021211
958	153679872	153726762	46890	/s/S021212
959	153726976	153734346	7370	/s/S021213
960	153734656	153792957	58301	/s/S021214
961	153793024	153814760	21736	/s/S021215
962	153815040	153843880	28840	/s/S021216
963	153844224	153849130	4906	/s/S021216a
964	153849344	153893343	43999	/s/S021217
965	153893376	153954527	61151	/s/S021218
966	153954816	153968480	13664	/s/S021219
967	153968640	153981248	12608	/s/S021220
968	153981440	153995263	13823	/s/S021601
969	153995264	154008061	12797	/s/S021602
970	154008064	154024581	16517	/s/S021603
971	154024960	154046807	21847	/s/S021604
972	154046976	154050380	3404	/s/S021605
973	154050560	154060469	9909	/s/S021606
974	154060800	154067569	6769	/s/S021607
975	154067968	154072861	4893	/s/S021608
976	154073088	154080513	7425	/s/S021609
977	154080768	154089952	9184	/s/S021610
978	154089984	154109659	19675	/s/S021611
979	154109952	154146214	36262	/s/S021612
980	154146304	154170856	24552	/s/S021613
981	154170880	154184592	13712	/s/S021614
982	154184704	154216439	31735	/s/S021615
983	154216448	154232107	15659	/s/S021616
984	154232320	154253511	21191	/s/S021617
985	154253824	154267367	13543	/s/S021618
986	154267648	154282314	14666	/s/S021619
987	154282496	154301367	18871	/s/S021620
988	154301440	154328252	26812	/s/S021621
989	154328576	154354232	25656	/s/S021622
990	154354688	154361113	6425	/s/S021623
991	154361344	154386142	24798	/s/S021624
992	154386432	154388456	2024	/s/S021625
993	154388480	154413894	25414	/s/S021626
994	154414080	154425542	11462	/s/S021627
995	154425856	154443329	17473	/s/S021628
996	154443776	154470583	26807	/s/S021629
997	154470912	154484195	13283	/s/S021630
998	154484224	154520606	36382	/s/S021631
999	154521088	154534713	13625	/s/S021632
1000	154534912	154545894	10982	/s/S021633
1001	154546176	154555524	9348	/s/S030501
1002	154555904	154564483	8579	/s/S030502
1003	154564608	154584042	19434	/s/S030503
1004	154584064	154600975	16911	/s/S030504
1005	154601472	154627364	25892	/s/S030505
1006	154627584	154647212	19628	/s/S030506
1007	154647552	154674163	26611	/s/S030507
1008	154674176	154679642	5466	/s/S030508
1009	154679808	154700244	20436	/s/S030509
1010	154700288	154724180	23892	/s/S030510
1011	154724352	154749108	24756	/s/S030511
1012	154749440	154762611	13171	/s/S030512
1013	154762752	154777254	14502	/s/S030513
1014	154777600	154792278	14678	/s/S030514
1015	154792448	154829091	36643	/s/S030515
1016	154829312	154850595	21283	/s/S030516
1017	154850816	154879792	28976	/s/S030517
1018	154880000	154911916	31916	/s/S030518
1019	154912256	154945612	33356	/s/S030519
1020	154946048	154978697	32649	/s/S030520
1021	154978816	154996762	17946	/s/S030521
1022	154997248	155016612	19364	/s/S030522
1023	155016704	155041684	24980	/s/S030523
1024	155041792	155067626	25834	/s/S030524
1025	155067904	155095713	27809	/s/S030525
1026	155096064	155105943	9879	/s/S030526
1027	155106304	155120891	14587	/s/S030527
1028	155121152	155140280	19128	/s/S030528
1029	155140608	155151323	10715	/s/S030529
1030	155151360	155155907	4547	/s/S030530
1031	155155968	155186954	30986	/s/S030531
1032	155187200	155198345	11145	/s/S030532
1033	155198464	155218348	19884	/s/S030533
1034	155218432	155244321	25889	/s/S030534
1035	155244544	155272292	27748	/s/S030535
1036	155272704	155293591	20887	/s/S030536
1037	155293696	155308481	14785	/s/S030537
1038	155308544	155310711	2167	/s/S030538
1039	155311104	155328477	17373	/s/S030539
1040	155328512	155336961	8449	/s/S030540
1041	155337216	155372147	34931	/s/S030541
1042	155372544	155391732	19188	/s/S030542
1043	155392000	155412280	20280	/s/S030601
1044	155412480	155428177	15697	/s/S030602
1045	155428352	155444855	16503	/s/S030603
1046	155445248	155466384	21136	/s/S030604
1047	155466752	155485974	19222	/s/S030605
1048	155486208	155489169	2961	/s/S030606
1049	155489280	155505786	16506	/s/S030607
1050	155506176	155513999	7823	/s/S030608
1051	155514368	155553297	38929	/s/S030609
1052	155553792	155579023	25231	/s/S030610
1053	155579392	155592165	12773	/s/S030611
1054	155592192	155612826	20634	/s/S030612
1055	155613184	155640829	27645	/s/S030613
1056	155640832	155661843	21011	/s/S030614
1057	155662336	155670554	8218	/s/S030615
1058	155671040	155697167	26127	/s/S030616
1059	155697664	155714362	16698	/s/S030617
1060	155714560	155741510	26950	/s/S030618
1061	155741696	155773015	31319	/s/S030619
1062	155773440	155785010	11570	/s/S030620
1063	155785216	155800319	15103	/s/S030621
1064	155800576	155828885	28309	/s/S030622
1065	155829248	155840405	11157	/s/S030623
1066	155840512	155853457	12945	/s/S030624
1067	155853824	155863570	9746	/s/S030701
1068	155864064	155883607	19543	/s/S030702
1069	155884032	155903875	19843	/s/S030703
1070	155904000	155926308	22308	/s/S030704
1071	155926528	155938454	11926	/s/S030705
1072	155938816	155965580	26764	/s/S030706
1073	155965952	156007369	41417	/s/S030707
1074	156007424	156016332	8908	/s/S030708
1075	156016640	156054945	38305	/s/S030709
1076	156055040	156084721	29681	/s/S030710
1077	156084736	156108889	24153	/s/S030711
1078	156109312	156142720	33408	/s/S030712
1079	156143104	156170675	27571	/s/S030713
1080	156170752	156200894	30142	/s/S030714
1081	156200960	156224271	23311	/s/S030715
1082	156224512	156256384	31872	/s/S030716
1083	156256768	156275177	18409	/s/S030717
1084	156275200	156300435	25235	/s/S030718
1085	156300800	156336829	36029	/s/S030719
1086	156337152	156358592	21440	/s/S030801
1087	156358656	156383013	24357	/s/S030802
1088	156383232	156390379	7147	/s/S030803
1089	156390400	156416264	25864	/s/S030804
1090	156416512	156424293	7781	/s/S030805
1091	156424704	156437868	13164	/s/S030806
1092	156438016	156459856	21840	/s/S030807
1093	156460032	156481945	21913	/s/S030808
1094	156482048	156503000	20952	/s/S030809
1095	156503040	156524391	21351	/s/S030810
1096	156524544	156527902	3358	/s/S030811
1097	156528128	156545646	17518	/s/S030812
1098	156546048	156567523	21475	/s/S030813
1099	156567552	156584415	16863	/s/S030901
1100	156584448	156601914	17466	/s/S030902
1101	156602368	156611577	9209	/s/S030903
1102	156611584	156640667	29083	/s/S030904
1103	156640768	156671102	30334	/s/S030905
1104	156671488	156702227	30739	/s/S030906
1105	156702720	156720987	18267	/s/S030907
1106	156721152	156729679	8527	/s/S030908
1107	156729856	156745180	15324	/s/S030909
1108	156745216	156754064	8848	/s/S030910
1109	156754432	156763181	8749	/s/S030911
1110	156763648	156773605	9957	/s/S030912
1111	156773888	156783287	9399	/s/S031001
1112	156783616	156791644	8028	/s/S031002
1113	156791808	156801767	9959	/s/S031003
1114	156802048	156811976	9928	/s/S031004
1115	156812288	156814749	2461	/s/S031005
1116	156814848	156826214	11366	/s/S031006
1117	156826624	156832535	5911	/s/S031007
1118	156832768	156840256	7488	/s/S031008
1119	156840448	156863432	22984	/s/S031009
1120	156863488	156876619	13131	/s/S031010
1121	156876800	156886596	9796	/s/S031011
1122	156887040	156902932	15892	/s/S031012
1123	156903424	156922183	18759	/s/S031013
1124	156922368	156943422	21054	/s/S031014
1125	156943872	156957593	13721	/s/S031015
1126	156957696	156984581	26885	/s/S031016
1127	156984832	157006612	21780	/s/S031017
1128	157006848	157032304	25456	/s/S031018
1129	157032448	157033788	1340	/s/S031019
1130	157033984	157069004	35020	/s/S031020
1131	157069312	157105842	36530	/s/S031021
1132	157106176	157130482	24306	/s/S031022
1133	157130752	157142837	12085	/s/S031023
1134	157143040	157154981	11941	/s/S031024
1135	157155328	157192704	37376	/s/S031025
1136	157192704	157221046	28342	/s/S031026
1137	157221376	157232219	10843	/s/S031027
1138	157232640	157244853	12213	/s/S031028
1139	157244928	157270302	25374	/s/S031029
1140	157270528	157288668	18140	/s/S031030
1141	157288960	157301447	12487	/s/S031031
1142	157301760	157311566	9806	/s/S031032
1143	157312000	157335366	23366	/s/S031033
1144	157335552	157352879	17327	/s/S031034
1145	157352960	157377911	24951	/s/S031035
1146	157378048	157380228	2180	/s/S031401
1147	157380608	157392064	11456	/s/S031402
1148	157392384	157413306	20922	/s/S031403
1149	157413376	157449288	35912	/s/S031404
1150	157449728	157489984	40256	/s/S031405
1151	157490176	157499872	9696	/s/S031406
1152	157499904	157504148	4244	/s/S031407
1153	157504512	157520964	16452	/s/S031408
1154	157521408	157543865	22457	/s/S031409
1155	157543936	157580632	36696	/s/S031410
1156	157580800	157593636	12836	/s/S031411
1157	157594112	157602552	8440	/s/S031412
1158	157602816	157609630	6814	/s/S031413
1159	157609984	157621123	11139	/s/S031414
1160	157621248	157657368	36120	/s/S031415
1161	157657600	157660757	3157	/s/S031416
1162	157661184	157663014	1830	/s/S031417
1163	157663232	157666397	3165	/s/S031418
1164	157666816	157704854	38038	/s/S031419
1165	157705216	157708573	3357	/s/S031420
1166	157708800	157743903	35103	/s/S031421
1167	157744128	157760358	16230	/s/S031422
1168	157760512	157775663	15151	/s/S031423
1169	157775872	157784522	8650	/s/S031424
1170	157784576	157788270	3694	/s/S031425
1171	157788672	157801280	12608	/s/S031426
1172	157801472	157821610	20138	/s/S031427
1173	157821952	157824516	2564	/s/S031428
1174	157825024	157849429	24405	/s/S031429
1175	157849600	157866498	16898	/s/S031430
1176	157867008	157875708	8700	/s/S031431
1177	157875712	157888617	12905	/s/S031432
1178	157889024	157903602	14578	/s/S031433
1179	157903872	157925834	21962	/s/S031434
1180	157925888	157950589	24701	/s/S031435
1181	157950976	157995240	44264	/s/S031501
1182	157995520	158027427	31907	/s/S031502
1183	158027776	158032443	4667	/s/S031503
1184	158032896	158054056	21160	/s/S031504
1185	158054400	158058919	4519	/s/S031505
1186	158059008	158069047	10039	/s/S031506
1187	158069248	158073268	4020	/s/S031507
1188	158073344	158083696	10352	/s/S031508
1189	158084096	158099125	15029	/s/S031509
1190	158099456	158118924	19468	/s/S031510
1191	158119424	158136489	17065	/s/S031511
1192	158136832	158161341	24509	/s/S031512
1193	158161408	158172425	11017	/s/S031513
1194	158172672	158184737	12065	/s/S031514
1195	158184960	158206521	21561	/s/S031515
1196	158206976	158212830	5854	/s/S031516
1197	158213120	158230474	17354	/s/S031517
1198	158230528	158240909	10381	/s/S031518
1199	158241280	158252992	11712	/s/S031519
1200	158253056	158261552	8496	/s/S031520
1201	158261760	158274488	12728	/s/S031521
1202	158274560	158301298	26738	/s/S031522
1203	158301696	158312815	11119	/s/S031523
1204	158312960	158344723	31763	/s/S031524
1205	158345216	158377347	32131	/s/S031525
1206	158377472	158414196	36724	/s/S031526
1207	158414336	158437542	23206	/s/S031527
1208	158437888	158463577	25689	/s/S031528
1209	158464000	158469002	5002	/s/S031529
1210	158469120	158499488	30368	/s/S031530
1211	158499840	158514756	14916	/s/S031531
1212	158515200	158539570	24370	/s/S031532
1213	158539776	158580417	40641	/s/S031533
1214	158580736	158596558	15822	/s/S031534
1215	158596608	158630462	33854	/s/S031535
1216	158630912	158635934	5022	/s/S031536
1217	158636032	158677916	41884	/s/S031537
1218	158678016	158716654	38638	/s/S031538
1219	158716928	158730986	14058	/s/S031539
1220	158731264	158752506	21242	/s/S031540
1221	158752768	158760473	7705	/s/S031541
1222	158760960	158799740	38780	/s/S031542
1223	158799872	158816503	16631	/s/S031543
1224	158816768	158832252	15484	/s/S031544
1225	158832640	158852302	19662	/s/S031545
1226	158852608	158876433	23825	/s/S031601
1227	158876672	158889387	12715	/s/S031602
1228	158889472	158900497	11025	/s/S031603
1229	158900736	158908280	7544	/s/S031604
1230	158908416	158917518	9102	/s/S031605
1231	158917632	158928485	10853	/s/S031606
1232	158928896	158944099	15203	/s/S031607
1233	158944256	158964368	20112	/s/S031608
1234	158964736	158976145	11409	/s/S031609
1235	158976512	158987098	10586	/s/S031610
1236	158987264	159000770	13506	/s/S031611
1237	159001088	159022701	21613	/s/S031612
1238	159023104	159050917	27813	/s/S031801
1239	159051264	159094050	42786	/s/S031802
1240	159094272	159102997	8725	/s/S031803
1241	159103488	159130370	26882	/s/S031804
1242	159130624	159133166	2542	/s/S031805
1243	159133184	159135748	2564	/s/S031806
1244	159136256	159151154	14898	/s/S031807
1245	159151616	159155362	3746	/s/S031808
1246	159155712	159157894	2182	/s/S031809
1247	159158272	159161226	2954	/s/S031810
1248	159161344	159182379	21035	/s/S031811
1249	159182848	159222142	39294	/s/S031812
1250	159222272	159248965	26693	/s/S031813
1251	159249408	159264226	14818	/s/S031814
1252	159264256	159288630	24374	/s/S031815
1253	159288832	159321506	32674	/s/S031816
1254	159321600	159365458	43858	/s/S031817
1255	159365632	159374924	9292	/s/S031818
1256	159375360	159391844	16484	/s/S031819
1257	159392256	159416090	23834	/s/S031820
1258	159416320	159446902	30582	/s/S031821
1259	159447040	159457359	10319	/s/S040601
1260	159457792	159460669	2877	/s/S040602
1261	159460864	159481178	20314	/s/S040603
1262	159481344	159499624	18280	/s/S040604
1263	159499776	159514834	15058	/s/S040605
1264	159515136	159542303	27167	/s/S040606
1265	159542784	159556834	14050	/s/S040607
1266	159557120	159574342	17222	/s/S040608
1267	159574528	159599579	25051	/s/S040609
1268	159599616	159620694	21078	/s/S040610
1269	159621120	159638450	17330	/s/S040611
1270	159638528	159654563	16035	/s/S040612
1271	159654912	159674905	19993	/s/S040613
1272	159675392	159696271	20879	/s/S040614
1273	159696384	159720333	23949	/s/S040615
1274	159720448	159731959	11511	/s/S040616
1275	159732224	159733947	1723	/s/S040617
1276	159734272	159758582	24310	/s/S040618
1277	159758848	159780806	21958	/s/S040619
1278	159780864	159786814	5950	/s/S040620
1279	159787008	159816262	29254	/s/S040621
1280	159816704	159838086	21382	/s/S040622
1281	159838208	159843905	5697	/s/S040623
1282	159844352	159857506	13154	/s/S040624
1283	159857664	159859498	1834	/s/S040625
1284	159859712	159864018	4306	/s/S040626
1285	159864320	159884276	19956	/s/S040627
1286	159884288	159905634	21346	/s/S040628
1287	159905792	159931936	26144	/s/S040629
1288	159932416	159933205	789	/s/S040630
1289	159933440	159966151	32711	/s/S040631
1290	159966208	159971616	5408	/s/S040632
1291	159971840	159986965	15125	/s/S040633
1292	159987200	160005295	18095	/s/S040634
1293	160005632	160009031	3399	/s/S040635
1294	160009216	160055850	46634	/s/S040801
1295	160056320	160064453	8133	/s/S040802
1296	160064512	160100229	35717	/s/S040803
1297	160100352	160119149	18797	/s/S040804
1298	160119296	160132277	12981	/s/S040805
1299	160132608	160150850	18242	/s/S040806
1300	160151040	160153987	2947	/s/S040807
1301	160154112	160175721	21609	/s/S040808
1302	160176128	160199685	23557	/s/S040809
1303	160200192	160220810	20618	/s/S040810
1304	160221184	160228142	6958	/s/S040811
1305	160228352	160239340	10988	/s/S040812
1306	160239616	160256480	16864	/s/S040813
1307	160256512	160267317	10805	/s/S040814
1308	160267776	160284090	16314	/s/S040815
1309	160284160	160308864	24704	/s/S040816
1310	160309248	160322518	13270	/s/S040817
1311	160322560	160348550	25990	/s/S040818
1312	160348672	160361764	13092	/s/S040819
1313	160361984	160407681	45697	/s/S040820
1314	160408064	160416936	8872	/s/S040821
1315	160417280	160433210	15930	/s/S040822
1316	160433664	160463546	29882	/s/S040823
1317	160463872	160471513	7641	/s/S040824
1318	160471552	160499392	27840	/s/S040825
1319	160499712	160517584	17872	/s/S040826
1320	160517632	160539242	21610	/s/S040827
1321	160539648	160572865	33217	/s/S040828
1322	160572928	160591253	18325	/s/S040829
1323	160591360	160611292	19932	/s/S040830
1324	160611328	160636005	24677	/s/S040831
1325	160636416	160647328	10912	/s/S041101
1326	160647680	160664597	16917	/s/S041102
1327	160665088	160689373	24285	/s/S041103
1328	160689664	160707318	17654	/s/S041104
1329	160707584	160720808	13224	/s/S041105
1330	160720896	160737377	16481	/s/S041106
1331	160737792	160748525	10733	/s/S041107
1332	160748544	160766694	18150	/s/S041108
1333	160766976	160787699	20723	/s/S041109
1334	160787968	160810054	22086	/s/S041110
1335	160810496	160824767	14271	/s/S041111
1336	160824832	160834048	9216	/s/S041112
1337	160834048	160859738	25690	/s/S041113
1338	160860160	160885779	25619	/s/S041114
1339	160886272	160895836	9564	/s/S041115
1340	160896000	160904799	8799	/s/S041116
1341	160905216	160924501	19285	/s/S041117
1342	160924672	160931744	7072	/s/S041118
1343	160931840	160939202	7362	/s/S041119
1344	160939520	160950839	11319	/s/S041120
1345	160951296	160964387	13091	/s/S041121
1346	160964608	160997891	33283	/s/S041201
1347	160998400	161011859	13459	/s/S041202
1348	161012224	161014811	2587	/s/S041203
1349	161015296	161028294	12998	/s/S041204
1350	161028608	161052358	23750	/s/S041205
1351	161052672	161063314	10642	/s/S041206
1352	161063424	161088050	24626	/s/S041207
1353	161088512	161105507	16995	/s/S041208
1354	161105920	161114980	9060	/s/S041209
1355	161115136	161124451	9315	/s/S041210
1356	161124864	161150880	26016	/s/S041211
1357	161150976	161174342	23366	/s/S041212
1358	161174528	161208093	33565	/s/S041213
1359	161208320	161218361	10041	/s/S041214
1360	161218560	161226886	8326	/s/S041215
1361	161227264	161251483	24219	/s/S041216
1362	161251840	161263071	11231	/s/S041217
1363	161263104	161279416	16312	/s/S041301
1364	161279488	161287336	7848	/s/S041302
1365	161287680	161303249	15569	/s/S041303
1366	161303552	161310426	6874	/s/S041304
1367	161310720	161333484	22764	/s/S041305
1368	161333760	161344486	10726	/s/S041306
1369	161344512	161361321	16809	/s/S041307
1370	161361408	161373028	11620	/s/S041308
1371	161373184	161387479	14295	/s/S041309
1372	161387520	161416882	29362	/s/S041310
1373	161417216	161422250	5034	/s/S041311
1374	161422336	161435277	12941	/s/S041312
1375	161435648	161448405	12757	/s/S041313
1376	161448448	161465788	17340	/s/S041314
1377	161465856	161481110	15254	/s/S041315
1378	161481216	161501659	20443	/s/S041316
1379	161501696	161509895	8199	/s/S042001
1380	161510400	161515926	5526	/s/S042002
1381	161516032	161541838	25806	/s/S042003
1382	161542144	161566599	24455	/s/S042004
1383	161566720	161591494	24774	/s/S042005
1384	161591808	161600465	8657	/s/S042006
1385	161600512	161620682	20170	/s/S042007
1386	161620992	161644636	23644	/s/S042008
1387	161645056	161669034	23978	/s/S042009
1388	161669120	161691457	22337	/s/S042010
1389	161691648	161720464	28816	/s/S042011
1390	161720832	161740816	19984	/s/S042012
1391	161741312	161769544	28232	/s/S042013
1392	161769984	161793781	23797	/s/S042014
1393	161794048	161805727	11679	/s/S042015
1394	161805824	161823407	17583	/s/S042016
1395	161823744	161846961	23217	/s/S042017
1396	161847296	161867923	20627	/s/S042018
1397	161868288	161900917	32629	/s/S042019
1398	161901056	161927172	26116	/s/S042020
1399	161927680	161943787	16107	/s/S042021
1400	161944064	161971876	27812	/s/S042022
1401	161972224	162000802	28578	/s/S042023
1402	162000896	162027691	26795	/s/S042024
1403	162028032	162059378	31346	/s/S042025
1404	162059776	162080656	20880	/s/S042026
1405	162080768	162105259	24491	/s/S042027
1406	162105344	162117679	12335	/s/S042028
1407	162118144	162141510	23366	/s/S042029
1408	162141696	162150961	9265	/s/S042030
1409	162151424	162193216	41792	/s/S042031
1410	162193408	162213180	19772	/s/S042032
1411	162213376	162217748	4372	/s/S042033
1412	162217984	162233879	15895	/s/S042034
1413	162234368	162250773	16405	/s/S042035
1414	162251264	162274854	23590	/s/S042036
1415	162275328	162291697	16369	/s/S042037
1416	162291712	162302927	11215	/s/S042038
1417	162302976	162326648	23672	/s/S042039
1418	162327040	162363883	36843	/s/S042040
1419	162363904	162393369	29465	/s/S042041
1420	162393600	162410590	16990	/s/S042042
1421	162411008	162413164	2156	/s/S042043
1422	162413568	162427106	13538	/s/S050201
1423	162427392	162453181	25789	/s/S050202
1424	162453504	162472092	18588	/s/S050203
1425	162472448	162506725	34277	/s/S050204
1426	162506752	162525427	18675	/s/S050205
1427	162525696	162537424	11728	/s/S050206
1428	162537472	162559686	22214	/s/S050207
1429	162560000	162594399	34399	/s/S050208
1430	162594816	162604037	9221	/s/S050209
1431	162604544	162644214	39670	/s/S050210
1432	162644480	162683692	39212	/s/S050211
1433	162683904	162711102	27198	/s/S050212
1434	162711552	162738227	26675	/s/S050213
1435	162738688	162757567	18879	/s/S050214
1436	162757632	162769074	11442	/s/S050215
1437	162769408	162793811	24403	/s/S050216
1438	162793984	162814576	20592	/s/S050217
1439	162814976	162848693	33717	/s/S050218
1440	162848768	162877401	28633	/s/S050219
1441	162877440	162899971	22531	/s/S050220
1442	162900480	162943499	43019	/s/S050221
1443	162944000	162974573	30573	/s/S050222
1444	162974720	163002196	27476	/s/S050223
1445	163002368	163012125	9757	/s/S050224
1446	163012608	163024129	11521	/s/S050225
1447	163024384	163054385	30001	/s/S050226
1448	163054592	163075957	21365	/s/S051101
1449	163076096	163094944	18848	/s/S051102
1450	163095040	163139008	43968	/s/S051103
1451	163139072	163175974	36902	/s/S051104
1452	163176448	163195996	19548	/s/S051105
1453	163196416	163237910	41494	/s/S051106
1454	163238400	163243698	5298	/s/S051107
1455	163244032	163248621	4589	/s/S051108
1456	163248640	163268328	19688	/s/S051109
1457	163268608	163300271	31663	/s/S051110
1458	163300352	163313716	13364	/s/S051111
1459	163314176	163323996	9820	/s/S051112
1460	163324416	163331462	7046	/s/S051113
1461	163331584	163336845	5261	/s/S051114
1462	163337216	163348533	11317	/s/S051115
1463	163348992	163352052	3060	/s/S051116
1464	163352064	163354736	2672	/s/S051117
1465	163355136	163415744	60608	/s/S051201
1466	163416064	163433545	17481	/s/S051202
1467	163433984	163454427	20443	/s/S051203
1468	163454464	163470430	15966	/s/S051204
1469	163470848	163490545	19697	/s/S051205
1470	163490816	163517775	26959	/s/S051206
1471	163517952	163523254	5302	/s/S051207
1472	163523584	163534386	10802	/s/S051208
1473	163534848	163552744	17896	/s/S051209
1474	163552768	163571342	18574	/s/S051210
1475	163571712	163596565	24853	/s/S051601
1476	163596800	163606732	9932	/s/S051602
1477	163607040	163636460	29420	/s/S051603
1478	163636736	163646820	10084	/s/S051604
1479	163646976	163676239	29263	/s/S051605
1480	163676672	163713485	36813	/s/S051606
1481	163713536	163740032	26496	/s/S051607
1482	163740160	163762828	22668	/s/S051608
1483	163763200	163795465	32265	/s/S051609
1484	163795968	163822166	26198	/s/S051610
1485	163822592	163831121	8529	/s/S051611
1486	163831296	163861462	30166	/s/S051612
1487	163861504	163892683	31179	/s/S051613
1488	163892736	163907310	14574	/s/S051614
1489	163907584	163916553	8969	/s/S051615
1490	163916800	163926069	9269	/s/S051616
1491	163926528	163948672	22144	/s/S051617
1492	163949056	163978518	29462	/s/S051618
1493	163978752	164002938	24186	/s/S051619
1494	164003328	164027099	23771	/s/S051620
1495	164027392	164034496	7104	/s/S051621
1496	164034560	164057854	23294	/s/S051622
1497	164058112	164081061	22949	/s/S051623
1498	164081152	164086371	5219	/s/S051624
1499	164086784	164100398	13614	/s/S051625
1500	164100608	164123802	23194	/s/S051626
1501	164124160	164140781	16621	/s/S051627
1502	164141056	164153816	12760	/s/S051628
1503	164153856	164160326	6470	/s/S051629
1504	164160512	164187141	26629	/s/S051630
1505	164187648	164205922	18274	/s/S051631
1506	164206080	164220308	14228	/s/S051632
1507	164220416	164253051	32635	/s/S051633
1508	164253184	164258078	4894	/s/S051634
1509	164258304	164283381	25077	/s/S051635
1510	164283392	164296497	13105	/s/S051636
1511	164296704	164326739	30035	/s/S051637
1512	164326912	164337630	10718	/s/S051638
1513	164337664	164342081	4417	/s/S051639
1514	164342272	164363492	21220	/s/S051640
1515	164363776	164384934	21158	/s/S051641
1516	164385280	164397978	12698	/s/S051642
1517	164398080	164426666	28586	/s/S060201
1518	164426752	164451521	24769	/s/S060202
1519	164451840	164482739	30899	/s/S060203
1520	164483072	164494425	11353	/s/S060204
1521	164494848	164506673	11825	/s/S060205
1522	164507136	164534333	27197	/s/S060206
1523	164534784	164542237	7453	/s/S060207
1524	164542464	164573734	31270	/s/S060208
1525	164574208	164604160	29952	/s/S060209
1526	164604416	164636182	31766	/s/S060210
1527	164636672	164664948	28276	/s/S060211
1528	164665344	164696102	30758	/s/S060212
1529	164696576	164720172	23596	/s/S060213
1530	164720640	164730265	9625	/s/S060214
1531	164730368	164739829	9461	/s/S060215
1532	164740096	164757784	17688	/s/S060216
1533	164758016	164768087	10071	/s/S061301
1534	164768256	164782105	13849	/s/S061302
1535	164782592	164787121	4529	/s/S061303
1536	164787200	164801021	13821	/s/S061304
1537	164801024	164820424	19400	/s/S061305
1538	164820480	164847653	27173	/s/S061306
1539	164848128	164859772	11644	/s/S061307
1540	164859904	164877778	17874	/s/S061308
1541	164877824	164899107	21283	/s/S061309
1542	164899328	164918867	19539	/s/S061310
1543	164919296	164931382	12086	/s/S061311
1544	164931584	164942917	11333	/s/S061312
1545	164943360	164967180	23820	/s/S061313
1546	164967424	164984360	16936	/s/S061314
1547	164984832	164991152	6320	/s/S061315
1548	164991488	164993877	2389	/s/S061316
1549	164994048	164996637	2589	/s/S061317
1550	164997120	165012180	15060	/s/S061318
1551	165012480	165037553	25073	/s/S061319
1552	165037568	165053552	15984	/s/S061320
1553	165053952	165073306	19354	/s/S061401
1554	165073408	165079830	6422	/s/S061402
1555	165080064	165105997	25933	/s/S061403
1556	165106176	165114649	8473	/s/S061404
1557	165114880	165148303	33423	/s/S061405
1558	165148672	165169944	21272	/s/S061406
1559	165170176	165182566	12390	/s/S061407
1560	165182976	165201055	18079	/s/S061408
1561	165201408	165228600	27192	/s/S061409
1562	165229056	165237159	8103	/s/S061410
1563	165237248	165242499	5251	/s/S061411
1564	165242880	165257599	14719	/s/S061412
1565	165257728	165266198	8470	/s/S061413
1566	165266432	165278085	11653	/s/S061414
1567	165278208	165284814	6606	/s/S061415
1568	165284864	165287356	2492	/s/S061416
1569	165287424	165289625	2201	/s/S061417
1570	165289984	165299894	9910	/s/S061418
1571	165300224	165307009	6785	/s/S061419
1572	165307392	165324883	17491	/s/S061420
1573	165325312	165345236	19924	/s/S061421
1574	165345280	165366267	20987	/s/S061422
1575	165366272	165377021	10749	/s/S061423
1576	165377024	165388947	11923	/s/S061424
1577	165389312	165411799	22487	/s/S061425
1578	165411840	165422853	11013	/s/S061426
1579	165423104	165437697	14593	/s/S061427
1580	165437952	165447758	9806	/s/S061428
1581	165448192	165454244	6052	/s/S061429
1582	165454336	165457665	3329	/s/S061430
1583	165457920	165489187	31267	/s/S061431
1584	165489664	165516587	26923	/s/S061432
1585	165516800	165549963	33163	/s/S061433
1586	165550080	165576117	26037	/s/S061434
1587	165576192	165593878	17686	/s/S061435
1588	165594112	165616846	22734	/s/S061436
1589	165617152	165653377	36225	/s/S061437
1590	165653504	165678240	24736	/s/S061438
1591	165678592	165694198	15606	/s/S061439
1592	165694464	165706535	12071	/s/S061440
1593	165706752	165735339	28587	/s/S061441
1594	165735424	165751650	16226	/s/S061442
1595	165751808	165776622	24814	/s/S061443
1596	165776896	165800865	23969	/s/S061444
1597	165800960	165810991	10031	/s/S061445
1598	165811200	165831311	20111	/s/S061446
1599	165831680	165863515	31835	/s/S061447
1600	165863936	165899106	35170	/s/S061448
1601	165899264	165917097	17833	/s/S061449
1602	165917184	165923064	5880	/s/S071101
1603	165923328	165929247	5919	/s/S071102
1604	165929472	165960543	31071	/s/S071103
1605	165960704	165988563	27859	/s/S071104
1606	165988864	166016066	27202	/s/S071105
1607	166016512	166032023	15511	/s/S071106
1608	166032384	166054924	22540	/s/S071107
1609	166055424	166088497	33073	/s/S071108
1610	166088704	166104038	15334	/s/S071109
1611	166104064	166118127	14063	/s/S071110
1612	166118400	166129034	10634	/s/S071111
1613	166129152	166183977	54825	/s/S071201
1614	166184448	166200379	15931	/s/S071202
1615	166200832	166224092	23260	/s/S071203
1616	166224384	166239887	15503	/s/S071204
1617	166240256	166251208	10952	/s/S071205
1618	166251520	166255858	4338	/s/S071206
1619	166256128	166267023	10895	/s/S071207
1620	166267392	166283307	15915	/s/S071208
1621	166283776	166300367	16591	/s/S071209
1622	166300672	166341219	40547	/s/S071210
1623	166341632	166353279	11647	/s/S071211
1624	166353408	166364610	11202	/s/S071212
1625	166364672	166371694	7022	/s/S071213
1626	166371840	166380433	8593	/s/S071214
1627	166380544	166385068	4524	/s/S071215
1628	166385152	166390753	5601	/s/S071216
1629	166390784	166401084	10300	/s/S071217
1630	166401536	166415565	14029	/s/S071218
1631	166415872	166437207	21335	/s/S071219
1632	166437376	166443223	5847	/s/S071220
1633	166443520	166463663	20143	/s/S071221
1634	166464000	166473975	9975	/s/S071222
1635	166474240	166491309	17069	/s/S071223
1636	166491648	166506180	14532	/s/S071224
1637	166506496	166512104	5608	/s/S071225
1638	166512128	166526396	14268	/s/S071226
1639	166526464	166546400	19936	/s/S071227
1640	166546432	166567763	21331	/s/S071228
1641	166567936	166571825	3889	/s/S071229
1642	166572032	166586375	14343	/s/S071230
1643	166586880	166594889	8009	/s/S071231
1644	166595072	166606195	11123	/s/S071401
1645	166606336	166621559	15223	/s/S071402
1646	166621696	166648638	26942	/s/S071403
1647	166648832	166671168	22336	/s/S071404
1648	166671360	166700693	29333	/s/S071405
1649	166701056	166705418	4362	/s/S071406
1650	166705664	166709161	3497	/s/S071407
1651	166709248	166730941	21693	/s/S071408
1652	166731264	166749548	18284	/s/S071409
1653	166749696	166775537	25841	/s/S071410
1654	166775808	166789314	13506	/s/S071411
1655	166789632	166806367	16735	/s/S071412
1656	166806528	166822185	15657	/s/S071413
1657	166822400	166837888	15488	/s/S071414
1658	166838272	166857751	19479	/s/S071415
1659	166858240	166872668	14428	/s/S071416
1660	166873088	166906141	33053	/s/S071417
1661	166906368	166934024	27656	/s/S071418
1662	166934528	166953367	18839	/s/S071419
1663	166953472	166964062	10590	/s/S071420
1664	166964224	166974604	10380	/s/S071421
1665	166974976	166992399	17423	/s/S071501
1666	166992896	167024871	31975	/s/S071502
1667	167025152	167036589	11437	/s/S071503
1668	167036928	167072282	35354	/s/S071504
1669	167072768	167097017	24249	/s/S071505
1670	167097344	167110733	13389	/s/S071506
1671	167111168	167140496	29328	/s/S071507
1672	167140864	167166864	26000	/s/S071508
1673	167166976	167193840	26864	/s/S071509
1674	167194112	167226751	32639	/s/S071510
1675	167226880	167250159	23279	/s/S071511
1676	167250432	167276208	25776	/s/S071512
1677	167276544	167291560	15016	/s/S071513
1678	167291904	167317667	25763	/s/S071514
1679	167318016	167324275	6259	/s/S071515
1680	167324672	167354699	30027	/s/S071516
1681	167354880	167371762	16882	/s/S071517
1682	167371776	167408192	36416	/s/S071518
1683	167408640	167440226	31586	/s/S071519
1684	167440384	167453297	12913	/s/S071520
1685	167453696	167494726	41030	/s/S071521
1686	167495168	167521001	25833	/s/S071522
1687	167521280	167554214	32934	/s/S071523
1688	167554560	167567009	12449	/s/S071524
1689	167567360	167585719	18359	/s/S071525
1690	167585792	167615480	29688	/s/S071526
1691	167615488	167632325	16837	/s/S080301
1692	167632384	167650500	18116	/s/S080302
1693	167650816	167679966	29150	/s/S080303
1694	167680000	167683388	3388	/s/S080304
1695	167683584	167710654	27070	/s/S080305
1696	167710720	167716027	5307	/s/S080306
1697	167716352	167726428	10076	/s/S080307
1698	167726592	167750037	23445	/s/S080308
1699	167750144	167760621	10477	/s/S080309
1700	167760896	167776264	15368	/s/S080310
1701	167776768	167800434	23666	/s/S080311
1702	167800832	167807105	6273	/s/S080312
1703	167807488	167814594	7106	/s/S080313
1704	167814656	167816845	2189	/s/S080314
1705	167817216	167837369	20153	/s/S080315
1706	167837696	167853878	16182	/s/S080316
1707	167854080	167878626	24546	/s/S080317
1708	167878656	167903037	24381	/s/S080318
1709	167903232	167926495	23263	/s/S080319
1710	167926784	167959723	32939	/s/S080320
1711	167960064	167984118	24054	/s/S080321
1712	167984128	168011830	27702	/s/S080322
1713	168012288	168023200	10912	/s/S080323
1714	168023552	168047806	24254	/s/S080324
1715	168048128	168074536	26408	/s/S080325
1716	168074752	168104504	29752	/s/S080326
1717	168104960	168116772	11812	/s/S080327
1718	168117248	168149666	32418	/s/S080328
1719	168150016	168186417	36401	/s/S080329
1720	168186880	168198048	11168	/s/S080330
1721	168198144	168229580	31436	/s/S080331
1722	168229888	168254654	24766	/s/S080332
1723	168254976	168278833	23857	/s/S080333
1724	168279040	168292028	12988	/s/S080334
1725	168292352	168297915	5563	/s/S080335
1726	168297984	168327303	29319	/s/S080336
1727	168327680	168352906	25226	/s/S080337
1728	168353280	168359323	6043	/s/S080338
1729	168359424	168377539	18115	/s/S080339
1730	168377856	168397393	19537	/s/S080340
1731	168397824	168428570	30746	/s/S080341
1732	168429056	168459940	30884	/s/S080342
1733	168460288	168480447	20159	/s/S080343
1734	168480768	168484300	3532	/s/S080344
1735	168484352	168507969	23617	/s/S080345
1736	168508416	168525139	16723	/s/S080346
1737	168525312	168546207	20895	/s/S080347
1738	168546304	168566942	20638	/s/S080348
1739	168567296	168593510	26214	/s/S080349
1740	168593920	168604511	10591	/s/S080501
1741	168604672	168607089	2417	/s/S080502
1742	168607232	168615088	7856	/s/S080503
1743	168615424	168624305	8881	/s/S080504
1744	168624640	168644365	19725	/s/S080505
1745	168644608	168654065	9457	/s/S080506
1746	168654336	168678886	24550	/s/S080507
1747	168678912	168714949	36037	/s/S080601
1748	168715264	168731484	16220	/s/S080602
1749	168731648	168750215	18567	/s/S080603
1750	168750592	168761619	11027	/s/S080604
1751	168761856	168773725	11869	/s/S080605
1752	168774144	168803401	29257	/s/S080606
1753	168803840	168830878	27038	/s/S080607
1754	168830976	168836267	5291	/s/S080608
1755	168836608	168865359	28751	/s/S080609
1756	168865792	168894219	28427	/s/S080610
1757	168894464	168929266	34802	/s/S080611
1758	168929280	168950752	21472	/s/S080612
1759	168950784	168950851	67	/s/S080613
1760	168951296	168955276	3980	/s/S080614
1761	168955392	168981370	25978	/s/S080615
1762	168981504	168997666	16162	/s/S080616
1763	168997888	169010847	12959	/s/S080617
1764	169011200	169033893	22693	/s/S080618
1765	169034240	169057135	22895	/s/S080701
1766	169057280	169084452	27172	/s/S080702
1767	169084928	169099637	14709	/s/S080703
1768	169099776	169107888	8112	/s/S080704
1769	169107968	169122283	14315	/s/S080705
1770	169122304	169140881	18577	/s/S080706
1771	169141248	169162421	21173	/s/S080707
1772	169162752	169175045	12293	/s/S080708
1773	169175552	169201247	25695	/s/S080709
1774	169201664	169237006	35342	/s/S080710
1775	169237504	169246131	8627	/s/S080711
1776	169246208	169264134	17926	/s/S080712
1777	169264640	169280575	15935	/s/S080713
1778	169281024	169299489	18465	/s/S080714
1779	169299968	169312605	12637	/s/S080715
1780	169312768	169328582	15814	/s/S080716
1781	169328640	169351854	23214	/s/S080717
1782	169352192	169365039	12847	/s/S080718
1783	169365504	169381291	15787	/s/S080719
1784	169381376	169404409	23033	/s/S080720
1785	169404416	169418249	13833	/s/S080721
1786	169418752	169441657	22905	/s/S080722
1787	169441792	169455070	13278	/s/S080723
1788	169455104	169483996	28892	/s/S080724
1789	169484288	169496995	12707	/s/S080725
1790	169497088	169515573	18485	/s/S080726
1791	169516032	169531385	15353	/s/S080727
1792	169531392	169558423	27031	/s/S080728
1793	169558528	169600333	41805	/s/S081501
1794	169600512	169603328	2816	/s/S081502
1795	169603584	169606954	3370	/s/S081503
1796	169607168	169631473	24305	/s/S081504
1797	169631744	169662327	30583	/s/S081505
1798	169662464	169694559	32095	/s/S081506
1799	169694720	169700106	5386	/s/S081507
1800	169700352	169717851	17499	/s/S081508
1801	169718272	169721464	3192	/s/S081509
1802	169721856	169743523	21667	/s/S081510
1803	169743872	169746406	2534	/s/S081511
1804	169746432	169751681	5249	/s/S081512
1805	169752064	169775312	23248	/s/S081513
1806	169775616	169813279	37663	/s/S081514
1807	169813504	169829183	15679	/s/S081515
1808	169829376	169852639	23263	/s/S081516
1809	169852928	169864655	11727	/s/S081601
1810	169864704	169885992	21288	/s/S081602
1811	169886208	169903033	16825	/s/S081603
1812	169903104	169939691	36587	/s/S081604
1813	169939968	169965813	25845	/s/S081605
1814	169966080	169974147	8067	/s/S081606
1815	169974272	170003804	29532	/s/S081701
1816	170003968	170025873	21905	/s/S081702
1817	170025984	170049427	23443	/s/S081703
1818	170049536	170070651	21115	/s/S081801
1819	170071040	170107957	36917	/s/S081802
1820	170108416	170127460	19044	/s/S081803
1821	170127872	170148481	20609	/s/S081804
1822	170148864	170178494	29630	/s/S081805
1823	170178560	170221730	43170	/s/S081806
1824	170222080	170254442	32362	/s/S081807
1825	170254848	170272873	18025	/s/S081808
1826	170273280	170305213	31933	/s/S081809
1827	170305536	170327189	21653	/s/S081810
1828	170327552	170353061	25509	/s/S081811
1829	170353152	170379027	25875	/s/S081812
1830	170379264	170413854	34590	/s/S081813
1831	170414080	170460607	46527	/s/S081814
1832	170460672	170481382	20710	/s/S081815
1833	170481664	170519208	37544	/s/S081816
1834	170519552	170561310	41758	/s/S081817
1835	170561536	170577335	15799	/s/S081818
1836	170577408	170602150	24742	/s/S081819
1837	170602496	170635887	33391	/s/S081820
1838	170636288	170641684	5396	/s/S081821
1839	170641920	170657796	15876	/s/S081822
1840	170658304	170681515	23211	/s/S081823
1841	170681856	170711522	29666	/s/S081824
1842	170711552	170715313	3761	/s/S081825
1843	170715648	170740849	25201	/s/S081826
1844	170741248	170766834	25586	/s/S081827
1845	170766848	170791613	24765	/s/S081828
1846	170791936	170808525	16589	/s/S081829
1847	170808832	170832171	23339	/s/S081830
1848	170832384	170833694	1310	/s/S081831
1849	170833920	170870233	36313	/s/S090401
1850	170870272	170894393	24121	/s/S090402
1851	170894848	170925234	30386	/s/S090403
1852	170925568	170950354	24786	/s/S090404
1853	170950656	170974217	23561	/s/S090405
1854	170974720	170986643	11923	/s/S090406
1855	170987008	171037514	50506	/s/S090407
1856	171037696	171070061	32365	/s/S090408
1857	171070464	171108478	38014	/s/S090409
1858	171108864	171127028	18164	/s/S090410
1859	171127296	171137335	10039	/s/S090411
1860	171137536	171149508	11972	/s/S090412
1861	171149824	171168485	18661	/s/S090413
1862	171168768	171189098	20330	/s/S090414
1863	171189248	171211141	21893	/s/S090415
1864	171211264	171242561	31297	/s/S090416
1865	171243008	171256809	13801	/s/S090501
1866	171256832	171271090	14258	/s/S090502
1867	171271168	171290422	19254	/s/S090503
1868	171290624	171309160	18536	/s/S090504
1869	171309568	171344076	34508	/s/S090505
1870	171344384	171371103	26719	/s/S090506
1871	171371520	171403534	32014	/s/S090507
1872	171403776	171426753	22977	/s/S090508
1873	171426816	171458975	32159	/s/S090509
1874	171459072	171521067	61995	/s/S091001
1875	171521536	171526605	5069	/s/S091002
1876	171526656	171531708	5052	/s/S091003
1877	171531776	171574069	42293	/s/S091004
1878	171574272	171594850	20578	/s/S091005
1879	171595264	171625751	30487	/s/S091006
1880	171625984	171664661	38677	/s/S091007
1881	171664896	171686697	21801	/s/S091008
1882	171686912	171708934	22022	/s/S091009
1883	171709440	171745795	36355	/s/S091010
1884	171746304	171769583	23279	/s/S091011
1885	171769856	171793680	23824	/s/S091012
1886	171793920	171835442	41522	/s/S091013
1887	171835904	171868076	32172	/s/S091014
1888	171868160	171906394	38234	/s/S091015
1889	171906560	171942386	35826	/s/S091016
1890	171942400	171978359	35959	/s/S091017
1891	171978752	172015736	36984	/s/S091018
1892	172016128	172052689	36561	/s/S091019
1893	172052992	172086220	33228	/s/S091020
1894	172086272	172097965	11693	/s/S091021
1895	172098048	172109282	11234	/s/S091022
1896	172109312	172146585	37273	/s/S091023
1897	172146688	172169542	22854	/s/S091101
1898	172169728	172189749	20021	/s/S091102
1899	172190208	172203516	13308	/s/S091103
1900	172203520	172212267	8747	/s/S091104
1901	172212736	172215306	2570	/s/S091105
1902	172215808	172218783	2975	/s/S091106
1903	172218880	172231347	12467	/s/S091107
1904	172231680	172243551	11871	/s/S091108
1905	172243968	172276875	32907	/s/S091201
1906	172277248	172292980	15732	/s/S091202
1907	172293120	172300671	7551	/s/S091203
1908	172300800	172313968	13168	/s/S091204
1909	172314112	172339582	25470	/s/S091205
1910	172339712	172369277	29565	/s/S091206
1911	172369408	172402012	32604	/s/S091207
1912	172402176	172413052	10876	/s/S091208
1913	172413440	172437879	24439	/s/S091209
1914	172438016	172456361	18345	/s/S091210
1915	172456448	172480168	23720	/s/S091211
1916	172480512	172500480	19968	/s/S091212
1917	172500480	172529165	28685	/s/S091213
1918	172529664	172547150	17486	/s/S091214
1919	172547584	172566681	19097	/s/S091301
1920	172567040	172581002	13962	/s/S091302
1921	172581376	172601079	19703	/s/S091303
1922	172601344	172610280	8936	/s/S091401
1923	172610560	172627996	17436	/s/S091402
1924	172628480	172648707	20227	/s/S091403
1925	172648960	172683996	35036	/s/S091404
1926	172684288	172717482	33194	/s/S091405
1927	172717568	172736192	18624	/s/S091406
1928	172736512	172771051	34539	/s/S091407
1929	172771328	172812733	41405	/s/S091408
1930	172812800	172848977	36177	/s/S091409
1931	172849152	172896721	47569	/s/S091410
1932	172896768	172932226	35458	/s/S091411
1933	172932608	172958803	26195	/s/S091412
1934	172959232	172972399	13167	/s/S091413
1935	172972544	172988354	15810	/s/S091414
1936	172988416	173017429	29013	/s/S091415
1937	173017600	173039123	21523	/s/S091416
1938	173039616	173069807	30191	/s/S091417
1939	173069824	173078861	9037	/s/S100701
1940	173079040	173114463	35423	/s/S100702
1941	173114880	173147429	32549	/s/S100703
1942	173147648	173161431	13783	/s/S100704
1943	173161472	173164627	3155	/s/S100705
1944	173165056	173184175	19119	/s/S100706
1945	173184512	173212183	27671	/s/S100707
1946	173212672	173239221	26549	/s/S100708
1947	173239296	173249624	10328	/s/S100709
1948	173250048	173257130	7082	/s/S100710
1949	173257216	173282272	25056	/s/S100711
1950	173282304	173291841	9537	/s/S100712
1951	173292032	173316656	24624	/s/S100801
1952	173317120	173338545	21425	/s/S100802
1953	173338624	173360433	21809	/s/S100803
1954	173360640	173382614	21974	/s/S100804
1955	173382656	173398117	15461	/s/S100805
1956	173398528	173402379	3851	/s/S100806
1957	173402624	173407891	5267	/s/S100807
1958	173408256	173414865	6609	/s/S100808
1959	173414912	173421476	6564	/s/S100809
1960	173421568	173427273	5705	/s/S100810
1961	173427712	173447198	19486	/s/S100811
1962	173447680	173460300	12620	/s/S101101
1963	173460480	173481160	20680	/s/S101102
1964	173481472	173499768	18296	/s/S101103
1965	173499904	173504636	4732	/s/S101104
1966	173505024	173522659	17635	/s/S101105
1967	173522944	173538360	15416	/s/S101106
1968	173538816	173551581	12765	/s/S101107
1969	173551616	173570351	18735	/s/S101108
1970	173570560	173595038	24478	/s/S101109
1971	173595136	173621858	26722	/s/S101110
1972	173622272	173640458	18186	/s/S101111
1973	173640704	173675455	34751	/s/S101112
1974	173675520	173678768	3248	/s/S101113
1975	173679104	173709262	30158	/s/S101114
1976	173709312	173727969	18657	/s/S101115
1977	173728256	173748094	19838	/s/S101116
1978	173748224	173758931	10707	/s/S101117
1979	173758976	173768757	9781	/s/S101118
1980	173769216	173774603	5387	/s/S101119
1981	173774848	173786899	12051	/s/S101120
1982	173787136	173806857	19721	/s/S101121
1983	173807104	173825740	18636	/s/S101122
1984	173826048	173842012	15964	/s/S101123
1985	173842432	173859717	17285	/s/S101124
1986	173859840	173878240	18400	/s/S101125
1987	173878272	173894619	16347	/s/S101126
1988	173894656	173918044	23388	/s/S101127
1989	173918208	173932524	14316	/s/S101128
1990	173932544	173962499	29955	/s/S101129
1991	173962752	173984980	22228	/s/S101130
1992	173985280	174013396	28116	/s/S101131
1993	174013440	174043268	29828	/s/S101132
1994	174043648	174074945	31297	/s/S101133
1995	174075392	174100814	25422	/s/S101134
1996	174100992	174110198	9206	/s/S101135
1997	174110208	174133862	23654	/s/S101136
1998	174134272	174166106	31834	/s/S102201
1999	174166528	174171946	5418	/s/S102202
2000	174172160	174177366	5206	/s/S102203
2001	174177792	174197100	19308	/s/S102204
2002	174197248	174217707	20459	/s/S102205
2003	174217728	174227751	10023	/s/S102206
2004	174227968	174249173	21205	/s/S102207
2005	174249472	174273648	24176	/s/S102208
2006	174274048	174297373	23325	/s/S102209
2007	174297600	174319907	22307	/s/S102210
2008	174320128	174332093	11965	/s/S102214
2009	174332416	174344000	11584	/s/S102215
2010	174344192	174347639	3447	/s/S102216
2011	174347776	174359974	12198	/s/S102219
2012	174360064	174379152	19088	/s/S102220
2013	174379520	174386987	7467	/s/S102221
2014	174387200	174400889	13689	/s/S102222
2015	174401024	174407307	6283	/s/S102223
2016	174407680	174411325	3645	/s/S102224
2017	174411776	174419154	7378	/s/S102225
2018	174419456	174448331	28875	/s/S102226
2019	174448640	174481720	33080	/s/S102227
2020	174481920	174519712	37792	/s/S102228
2021	174519808	174549289	29481	/s/S102229
2022	174549504	174578346	28842	/s/S102230
2023	174578688	174588820	10132	/s/S102301
2024	174588928	174615384	26456	/s/S102302
2025	174615552	174637411	21859	/s/S102303
2026	174637568	174674092	36524	/s/S102304
2027	174674432	174680989	6557	/s/S102305
2028	174681088	174686710	5622	/s/S102306
2029	174686720	174703255	16535	/s/S102307
2030	174703616	174712502	8886	/s/S102308
2031	174712832	174728807	15975	/s/S102309
2032	174729216	174750336	21120	/s/S102310
2033	174750720	174772184	21464	/s/S102311
2034	174772224	174789855	17631	/s/S102312
2035	174790144	174810299	20155	/s/S102313
2036	174810624	174837195	26571	/s/S102314
2037	174837248	174880259	43011	/s/S102315
2038	174880768	174906963	26195	/s/S102316
2039	174907392	174920756	13364	/s/S102317
2040	174921216	174946377	25161	/s/S102318
2041	174946816	174966019	19203	/s/S102319
2042	174966272	174985139	18867	/s/S102320
2043	174985216	175004943	19727	/s/S102321
2044	175005184	175037289	32105	/s/S102401
2045	175037440	175057665	20225	/s/S102402
2046	175057920	175077709	19789	/s/S102403
2047	175077888	175092566	14678	/s/S102404
2048	175092736	175132204	39468	/s/S102405
2049	175132672	175157905	25233	/s/S102406
2050	175158272	175162100	3828	/s/S102407
2051	175162368	175190411	28043	/s/S102408
2052	175190528	175213310	22782	/s/S102409
2053	175213568	175235497	21929	/s/S102410
2054	175235584	175258327	22743	/s/S102411
2055	175258624	175285789	27165	/s/S102412
2056	175286272	175316398	30126	/s/S102413
2057	175316480	175343302	26822	/s/S102414
2058	175343616	175379377	35761	/s/S102415
2059	175379456	175408969	29513	/s/S102416
2060	175409152	175425439	16287	/s/S102417
2061	175425536	175463243	37707	/s/S102418
2062	175463424	175483172	19748	/s/S102419
2063	175483392	175492364	8972	/s/S102420
2064	175492608	175504969	12361	/s/S102421
2065	175505408	175534386	28978	/s/S102422
2066	175534592	175569636	35044	/s/S102423
2067	175569920	175593830	23910	/s/S102424
2068	175593984	175615808	21824	/s/S110401
2069	175616000	175645085	29085	/s/S110402
2070	175645184	175666463	21279	/s/S110403
2071	175666688	175693461	26773	/s/S110404
2072	175693824	175705047	11223	/s/S110405
2073	175705088	175728169	23081	/s/S110406
2074	175728640	175737073	8433	/s/S110407
2075	175737344	175754508	17164	/s/S110408
2076	175754752	175756477	1725	/s/S110409
2077	175756800	175758625	1825	/s/S110410
2078	175758848	175769713	10865	/s/S110411
2079	175770112	175778512	8400	/s/S110412
2080	175778816	175783130	4314	/s/S110413
2081	175783424	175803236	19812	/s/S110414
2082	175803392	175811247	7855	/s/S110415
2083	175811584	175835515	23931	/s/S110416
2084	175835648	175842063	6415	/s/S110417
2085	175842304	175851837	9533	/s/S110418
2086	175852032	175880904	28872	/s/S110419
2087	175881216	175883975	2759	/s/S110420
2088	175884288	175923593	39305	/s/S110421
2089	175923712	175942359	18647	/s/S110422
2090	175942656	175964194	21538	/s/S110423
2091	175964672	175971472	6800	/s/S110424
2092	175971840	175995471	23631	/s/S110425
2093	175995904	176020374	24470	/s/S110426
2094	176020480	176042979	22499	/s/S110427
2095	176043008	176059335	16327	/s/S110428
2096	176059392	176068287	8895	/s/S110429
2097	176068608	176075321	6713	/s/S110430
2098	176075776	176096086	20310	/s/S110431
2099	176096256	176121113	24857	/s/S110432
2100	176121344	176149112	27768	/s/S110433
2101	176149504	176152237	2733	/s/S110434
2102	176152576	176179155	26579	/s/S110435
2103	176179200	176201669	22469	/s/S110436
2104	176201728	176234810	33082	/s/S110437
2105	176235008	176238362	3354	/s/S110438
2106	176238592	176267185	28593	/s/S110439
2107	176267264	176296530	29266	/s/S110440
2108	176296960	176332936	35976	/s/S110441
2109	176333312	176335452	2140	/s/S110442
2110	176335872	176346939	11067	/s/S110443
2111	176347136	176368423	21287	/s/S110444
2112	176368640	176393604	24964	/s/S110445
2113	176393728	176411112	17384	/s/S110446
2114	176411136	176435234	24098	/s/S110447
2115	176435712	176455620	19908	/s/S110448
2116	176455680	176459458	3778	/s/S110449
2117	176459776	176475957	16181	/s/S110450
2118	176476160	176482568	6408	/s/S110451
2119	176482816	176489585	6769	/s/S110452
2120	176489984	176508804	18820	/s/S110453
2121	176508928	176532337	23409	/s/S110454
2122	176532480	176540456	7976	/s/S110455
2123	176540672	176555474	14802	/s/S110456
2124	176555520	176578749	23229	/s/S110457
2125	176579072	176594610	15538	/s/S110457a
2126	176594944	176613816	18872	/s/S110458
2127	176613888	176617852	3964	/s/S110459
2128	176617984	176625536	7552	/s/S110460
2129	176625664	176643333	17669	/s/S110461
2130	176643584	176661460	17876	/s/S110462
2131	176661504	176674536	13032	/s/S110463
2132	176674816	176691033	16217	/s/S110464
2133	176691200	176714227	23027	/s/S110501
2134	176714240	176724997	10757	/s/S110502
2135	176725504	176737596	12092	/s/S110503
2136	176737792	176761530	23738	/s/S110504
2137	176761856	176789365	27509	/s/S110505
2138	176789504	176814209	24705	/s/S110506
2139	176814592	176818754	4162	/s/S110507
2140	176819200	176821044	1844	/s/S110508
2141	176821248	176823400	2152	/s/S110509
2142	176823808	176825974	2166	/s/S110510
2143	176826368	176842987	16619	/s/S110511a
2144	176843264	176868750	25486	/s/S110511b
2145	176868864	176890626	21762	/s/S110512
2146	176890880	176906346	15466	/s/S110513
2147	176906752	176941556	34804	/s/S110514
2148	176941568	176966481	24913	/s/S110515
2149	176966656	176994031	27375	/s/S110516
2150	176994304	177024227	29923	/s/S110517
2151	177024512	177052066	27554	/s/S110518
2152	177052160	177061742	9582	/s/S110519
2153	177061888	177069346	7458	/s/S110520
2154	177069568	177095742	26174	/s/S110521
2155	177096192	177120561	24369	/s/S110522
2156	177120768	177141479	20711	/s/S110523
2157	177141760	177173651	31891	/s/S110524
2158	177174016	177219917	45901	/s/S110525
2159	177220096	177254018	33922	/s/S110526
2160	177254400	177272091	17691	/s/S110527
2161	177272320	177285969	13649	/s/S110528
2162	177286144	177313825	27681	/s/S110529
2163	177314304	177331118	16814	/s/S110530
2164	177331200	177351826	20626	/s/S110531
2165	177352192	177369272	17080	/s/S110532
2166	177369600	177413124	43524	/s/S110533
2167	177413632	177432390	18758	/s/S110534
2168	177432576	177447740	15164	/s/S110535
2169	177447936	177474170	26234	/s/S110536
2170	177474560	177499956	25396	/s/S110537
2171	177500160	177525754	25594	/s/S110538
2172	177525760	177555798	30038	/s/S110539
2173	177555968	177560556	4588	/s/S110540
2174	177560576	177581713	21137	/s/S110541
2175	177582080	177599225	17145	/s/S110542
2176	177599488	177624080	24592	/s/S110543
2177	177624576	177632037	7461	/s/S110544
2178	177632256	177655544	23288	/s/S110545
2179	177655808	177694818	39010	/s/S110546
2180	177695232	177706222	10990	/s/S110547
2181	177706496	177715598	9102	/s/S110548
2182	177715712	177743035	27323	/s/S110549
2183	177743360	177783762	40402	/s/S110550
2184	177783808	177804293	20485	/s/S110551
2185	177804800	177831455	26655	/s/S110552
2186	177831936	177845608	13672	/s/S110553
2187	177845760	177889616	43856	/s/S110554
2188	177889792	177910127	20335	/s/S110555
2189	177910272	177940960	30688	/s/S110556
2190	177940992	177963446	22454	/s/S110557
2191	177963520	177996237	32717	/s/S110558
2192	177996288	178002332	6044	/s/S110559
2193	178002432	178028302	25870	/s/S110560
2194	178028544	178038484	9940	/s/S110561
2195	178038784	178047214	8430	/s/S110701
2196	178047488	178074448	26960	/s/S110702
2197	178074624	178097208	22584	/s/S110703
2198	178097664	178123117	25453	/s/S110704
2199	178123264	178155362	32098	/s/S110705
2200	178155520	178164974	9454	/s/S110706
2201	178165248	178198629	33381	/s/S110707
2202	178199040	178230389	31349	/s/S110708
2203	178230784	178240092	9308	/s/S110709
2204	178240512	178266616	26104	/s/S110710
2205	178266624	178269128	2504	/s/S110711
2206	178269184	178299497	30313	/s/S110712
2207	178299904	178322158	22254	/s/S110713
2208	178322432	178352421	29989	/s/S110714
2209	178352640	178371086	18446	/s/S110715
2210	178371584	178388243	16659	/s/S110716
2211	178388480	178404623	16143	/s/S110717
2212	178404864	178425377	20513	/s/S110718
2213	178425856	178465171	39315	/s/S110719
2214	178465280	178486335	21055	/s/S110720
2215	178486784	178496701	9917	/s/S110721
2216	178497024	178516494	19470	/s/S110722
2217	178516992	178521072	4080	/s/S120301
2218	178521088	178529177	8089	/s/S120302
2219	178529280	178534630	5350	/s/S120303
2220	178534912	178540710	5798	/s/S120304
2221	178541056	178546196	5140	/s/S120305
2222	178546688	178562379	15691	/s/S120306
2223	178562560	178577780	15220	/s/S120307
2224	178577920	178602222	24302	/s/S120308
2225	178602496	178641485	38989	/s/S120309
2226	178641920	178650653	8733	/s/S120310
2227	178651136	178673196	22060	/s/S120311
2228	178673664	178684629	10965	/s/S120312
2229	178684928	178721714	36786	/s/S120313
2230	178721792	178739213	17421	/s/S120314
2231	178739712	178751726	12014	/s/S120315
2232	178752000	178781860	29860	/s/S120316
2233	178782208	178811595	29387	/s/S120317
2234	178811904	178834830	22926	/s/S120318
2235	178834944	178854408	19464	/s/S120319
2236	178854912	178857105	2193	/s/S120320
2237	178857472	178862912	5440	/s/S120321
2238	178863104	178880092	16988	/s/S120322
2239	178880512	178897615	17103	/s/S120323
2240	178897920	178919852	21932	/s/S120324
2241	178919936	178923729	3793	/s/S120325
2242	178924032	178952532	28500	/s/S120326
2243	178952704	178956563	3859	/s/S120327
2244	178956800	178960082	3282	/s/S120328
2245	178960384	178987757	27373	/s/S120329
2246	178988032	178999298	11266	/s/S120330
2247	178999808	179003629	3821	/s/S120331
2248	179003904	179032006	28102	/s/S120332
2249	179032064	179043788	11724	/s/S120333
2250	179043840	179062165	18325	/s/S120334
2251	179062272	179087418	25146	/s/S120335
2252	179087872	179100400	12528	/s/S121001
2253	179100672	179115108	14436	/s/S121002
2254	179115520	179135922	20402	/s/S121003
2255	179136000	179150522	14522	/s/S121004
2256	179150848	179177717	26869	/s/S121005
2257	179177984	179206334	28350	/s/S121006
2258	179206656	179216954	10298	/s/S121007
2259	179217408	179243029	25621	/s/S121008
2260	179243520	179265784	22264	/s/S121009
2261	179266048	179288771	22723	/s/S121010
2262	179289088	179294473	5385	/s/S121011
2263	179294720	179311595	16875	/s/S121012
2264	179311616	179320409	8793	/s/S121013
2265	179320832	179339933	19101	/s/S121014
2266	179340288	179367701	27413	/s/S121015
2267	179367936	179377102	9166	/s/S121016
2268	179377152	179392153	15001	/s/S121017
2269	179392512	179405647	13135	/s/S121018
2270	179405824	179424495	18671	/s/S121019
2271	179424768	179447413	22645	/s/S121020
2272	179447808	179471721	23913	/s/S121021
2273	179471872	179490877	19005	/s/S121022
2274	179491328	179496583	5255	/s/S121023
2275	179496960	179523779	26819	/s/S121024
2276	179524096	179543331	19235	/s/S121025
2277	179543552	179555552	12000	/s/S121026
2278	179555840	179594706	38866	/s/S121027
2279	179594752	179619930	25178	/s/S121028
2280	179620352	179658073	37721	/s/S121029
2281	179658240	179688344	30104	/s/S121030
2282	179688448	179709510	21062	/s/S121031
2283	179709952	179728972	19020	/s/S121032
2284	179729408	179751373	21965	/s/S121033
2285	179751424	179777266	25842	/s/S121034
2286	179777536	179783795	6259	/s/S121035
2287	179784192	179794606	10414	/s/S121036
2288	179794944	179820213	25269	/s/S121037
2289	179820544	179840332	19788	/s/S121038
2290	179840512	179856078	15566	/s/S121039
2291	179856384	179873033	16649	/s/S121040
2292	179873280	179902464	29184	/s/S121041
2293	179902464	179930835	28371	/s/S121042
2294	179931136	179953978	22842	/s/S121043
2295	179954176	179972671	18495	/s/S121044
2296	179973120	179979236	6116	/s/S121045
2297	179979264	179995571	16307	/s/S121046
2298	179995648	180037092	41444	/s/S121047
2299	180037120	180056828	19708	/s/S121048
2300	180057088	180071946	14858	/s/S121049
2301	180072448	180090073	17625	/s/S121050
2302	180090368	180106979	16611	/s/S121051
2303	180107264	180114238	6974	/s/S121052
2304	180114432	180130652	16220	/s/S121053
2305	180130816	180162953	32137	/s/S121101
2306	180163072	180193829	30757	/s/S121102
2307	180194304	180216839	22535	/s/S121103
2308	180217344	180239891	22547	/s/S121104
2309	180240384	180251802	11418	/s/S121105
2310	180252160	180293008	40848	/s/S121106
2311	180293120	180320659	27539	/s/S121107
2312	180320768	180351552	30784	/s/S121108
2313	180352000	180374069	22069	/s/S121109
2314	180374528	180379775	5247	/s/S121110
2315	180380160	180390375	10215	/s/S121111
2316	180390400	180393997	3597	/s/S121112
2317	180394496	180397445	2949	/s/S121113
2318	180397568	180413565	15997	/s/S121114
2319	180413952	180437786	23834	/s/S121115
2320	180438016	180470513	32497	/s/S121116
2321	180470784	180497288	26504	/s/S121117
2322	180497408	180515045	17637	/s/S121118
2323	180515328	180532579	17251	/s/S121119
2324	180532736	180567026	34290	/s/S121120
2325	180567040	180600598	33558	/s/S121121
2326	180600832	180634969	34137	/s/S121122
2327	180635136	180649505	14369	/s/S121123
2328	180649984	180669667	19683	/s/S121124
2329	180669952	180702573	32621	/s/S121125
2330	180702720	180736527	33807	/s/S121126
2331	180737024	180749431	12407	/s/S121127
2332	180749824	180785749	35925	/s/S121128
2333	180786176	180809692	23516	/s/S121129
2334	180809728	180824485	14757	/s/S121130
2335	180824576	180847154	22578	/s/S121131
2336	180847616	180856015	8399	/s/S121132
2337	180856320	180863333	7013	/s/S121133
2338	180863488	180876494	13006	/s/S121134
2339	180876800	180896459	19659	/s/S121135
2340	180896768	180909122	12354	/s/S121136
2341	180909568	180928543	18975	/s/S121137
2342	180929024	180952771	23747	/s/S121138
2343	180953088	180976312	23224	/s/S121139
2344	180976640	180993078	16438	/s/S121140
2345	180993536	181003006	9470	/s/S121141
2346	181003264	181018061	14797	/s/S121142
2347	181018112	181042594	24482	/s/S121143
2348	181042688	181063995	21307	/s/S121144
2349	181064192	181084382	20190	/s/S121145
2350	181084672	181098637	13965	/s/S121146
2351	181099008	181131193	32185	/s/S121147
2352	181131264	181157572	26308	/s/S121148
2353	181157888	181164275	6387	/s/S121149
2354	181164544	181166383	1839	/s/S121150
2355	181166592	181171734	5142	/s/S121151
2356	181172224	181174394	2170	/s/S121152
2357	181174784	181180532	5748	/s/S121153
2358	181180928	181211958	31030	/s/S121154
2359	181212160	181242581	30421	/s/S121155
2360	181242880	181263697	20817	/s/S121156
2361	181263872	181294532	30660	/s/S121157
2362	181294592	181332857	38265	/s/S121158
2363	181332992	181369030	36038	/s/S121159
2364	181369344	181385685	16341	/s/S121160
2365	181385728	181393950	8222	/s/S121161
2366	181394432	181399978	5546	/s/S121162
2367	181400064	181433384	33320	/s/S121163
2368	181433856	181472258	38402	/s/S121164
2369	181472768	181512951	40183	/s/S121165
2370	181513216	181525869	12653	/s/S121166
2371	181526016	181528985	2969	/s/S121167
2372	181529088	181548726	19638	/s/S121168
2373	181549056	181571328	22272	/s/S121169
2374	181571584	181581420	9836	/s/S121170
2375	181581824	181598256	16432	/s/S121171
2376	181598720	181616874	18154	/s/S121172
2377	181617152	181634447	17295	/s/S121173
2378	181634560	181658338	23778	/s/S121174
2379	181658624	181674797	16173	/s/S121175
2380	181675008	181702441	27433	/s/S121176
2381	181702656	181717916	15260	/s/S121177
2382	181718016	181726938	8922	/s/S121178
2383	181727232	181739219	11987	/s/S121179
2384	181739520	181763715	24195	/s/S121180
2385	181764096	181769558	5462	/s/S121181
2386	181769728	181775105	5377	/s/S121182
2387	181775360	181789276	13916	/s/S121183
2388	181789696	181800978	11282	/s/S121184
2389	181801472	181817179	15707	/s/S121185
2390	181817344	181822354	5010	/s/S121186
2391	181822464	181834076	11612	/s/S121187
2392	181834240	181848768	14528	/s/S121188
2393	181849088	181868153	19065	/s/S121189
2394	181868544	181877263	8719	/s/S121190
2395	181877760	181881557	3797	/s/S121191
2396	181881856	181892651	10795	/s/S121192
2397	181893120	181904288	11168	/s/S121193
2398	181904384	181916544	12160	/s/S121194
2399	181916672	181932322	15650	/s/S121195
2400	181932544	181952681	20137	/s/S121201
2401	181953024	181963847	10823	/s/S121202
2402	181964288	181974799	10511	/s/S121203
2403	181975040	182014713	39673	/s/S121204
2404	182014976	182037817	22841	/s/S121205
2405	182038016	182069116	31100	/s/S121301
2406	182069248	182095214	25966	/s/S121302
2407	182095360	182121100	25740	/s/S121303
2408	182121472	182143719	22247	/s/S121304
2409	182144000	182167976	23976	/s/S121305
2410	182168064	182199795	31731	/s/S121306
2411	182199808	182222872	23064	/s/S121307
2412	182223360	182246195	22835	/s/S121308
2413	182246400	182286940	40540	/s/S121309
2414	182287360	182304711	17351	/s/S121310
2415	182304768	182336268	31500	/s/S121311
2416	182336512	182358808	22296	/s/S121312
2417	182359040	182364113	5073	/s/S121313
2418	182364160	182368855	4695	/s/S121314
2419	182369280	182377384	8104	/s/S121315
2420	182377472	182385287	7815	/s/S121316
2421	182385664	182401768	16104	/s/S121317
2422	182402048	182405387	3339	/s/S121318
2423	182405632	182423858	18226	/s/S121319
2424	182424064	182438011	13947	/s/S121320
2425	182438400	182441449	3049	/s/S121321
2426	182441472	182476145	34673	/s/S121322
2427	182476288	182501707	25419	/s/S121323
2428	182501888	182552846	50958	/s/S121324
2429	182553088	182556949	3861	/s/S121325
2430	182557184	182573275	16091	/s/S121326
2431	182573568	182596242	22674	/s/S121327
2432	182596608	182609849	13241	/s/S121328
2433	182609920	182632934	23014	/s/S121329
2434	182632960	182663976	31016	/s/S121330
2435	182664192	182706745	42553	/s/S121331
2436	182707200	182732990	25790	/s/S121332
2437	182733312	182773228	39916	/s/S121333
2438	182773248	182804865	31617	/s/S121334
2439	182804992	182830873	25881	/s/S121335
2440	182831104	182854172	23068	/s/S121336
2441	182854656	182873740	19084	/s/S121337
2442	182874112	182907231	33119	/s/S121338
2443	182907392	182928165	20773	/s/S121339
2444	182928384	182945961	17577	/s/S121340
2445	182946304	182972966	26662	/s/S121341
2446	182973440	183033031	59591	/s/S121342
2447	183033344	183065843	32499	/s/S121343
2448	183066112	183067445	1333	/s/S121344
2449	183067648	183073885	6237	/s/S121345
2450	183074304	183091644	17340	/s/S121346
2451	183091712	183120078	28366	/s/S121347
2452	183120384	183158404	38020	/s/S121348
2453	183158784	183198855	40071	/s/S121349
2454	183199232	183224054	24822	/s/S121350
2455	183224320	183269920	45600	/s/S121351
2456	183270400	183317323	46923	/s/S121352
2457	183317504	183348724	31220	/s/S121353
2458	183348736	183398797	50061	/s/S121354
2459	183398912	183403891	4979	/s/S121355
2460	183404032	183441543	37511	/s/S121356
2461	183441920	183459844	17924	/s/S121357
2462	183460352	183479918	19566	/s/S121358
2463	183480320	183515688	35368	/s/S121359
2464	183516160	183523785	7625	/s/S121360
2465	183523840	183549415	25575	/s/S121701
2466	183549440	183563397	13957	/s/S121702
2467	183563776	183572801	9025	/s/S121703
2468	183572992	183607897	34905	/s/S121704
2469	183608320	183630563	22243	/s/S121705
2470	183630848	183645937	15089	/s/S121706
2471	183646208	183668841	22633	/s/S121707
2472	183669248	183691518	22270	/s/S121708
2473	183691776	183713101	21325	/s/S121709
2474	183713280	183720367	7087	/s/S121710
2475	183720448	183746631	26183	/s/S121711
2476	183747072	183756666	9594	/s/S121712
2477	183756800	183765849	9049	/s/S121713
2478	183766016	183773360	7344	/s/S121714
2479	183773696	183779050	5354	/s/S121715
2480	183779328	183784162	4834	/s/S121716
2481	183784448	183829382	44934	/s/S121801
2482	183829504	183856473	26969	/s/S121802
2483	183856640	183900686	44046	/s/S121803
2484	183901184	183942197	41013	/s/S121804
2485	183942656	183975544	32888	/s/S121805
2486	183975936	183997137	21201	/s/S121806
2487	183997440	184022056	24616	/s/S121807
2488	184022528	184048148	25620	/s/S121808
2489	184048640	184068678	20038	/s/S121809
2490	184069120	184077992	8872	/s/S121810
2491	184078336	184086561	8225	/s/S121811
2492	184087040	184126735	39695	/s/S121812
2493	184126976	184132184	5208	/s/S121813
2494	184132608	184146204	13596	/s/S121814
2495	184146432	184149827	3395	/s/S121815
2496	184150016	184178535	28519	/s/S121816
2497	184178688	184216744	38056	/s/S121817
2498	184217088	184274025	56937	/s/S121818
2499	184274432	184298443	24011	/s/S121819
2500	184298496	184307778	9282	/s/S121820
2501	184308224	184323993	15769	/s/S121821
2502	184324096	184357240	33144	/s/S121822
2503	184357376	184368862	11486	/s/S121823
2504	184369152	184381058	11906	/s/S121824
2505	184381440	184426182	44742	/s/S121825
2506	184426496	184449042	22546	/s/S121826
2507	184449536	184494754	45218	/s/S121827
2508	184495104	184505544	10440	/s/S121828
2509	184505856	184517483	11627	/s/S121829
2510	184517632	184520199	2567	/s/S121830
2511	184520704	184536428	15724	/s/S121831
2512	184536576	184561559	24983	/s/S121832
2513	184561664	184566322	4658	/s/S121833
2514	184566784	184600704	33920	/s/S121834
2515	184601088	184648212	47124	/s/S121835
2516	184648704	184663219	14515	/s/S121836
2517	184663552	184694691	31139	/s/S121837
2518	184694784	184716748	21964	/s/S121838
2519	184716800	184741304	24504	/s/S121839
2520	184741376	184759303	17927	/s/S121840
2521	184759808	184761320	1512	/s/S121841
2522	184761344	184787058	25714	/s/S121842
2523	184787456	184802963	15507	/s/S121843
2524	184803328	184816936	13608	/s/S121844
2525	184817152	184837905	20753	/s/S121845
2526	184838144	184856074	17930	/s/S121846
2527	184856576	184881382	24806	/s/S121847
2528	184881664	184907473	25809	/s/S121848
2529	184907776	184918088	10312	/s/S121849
2530	184918528	184948927	30399	/s/S121850
2531	184949248	184976457	27209	/s/S121851
2532	184976896	184983004	6108	/s/S121852
2533	184983040	185016481	33441	/s/S121901
2534	185016832	185029182	12350	/s/S121902
2535	185029632	185044271	14639	/s/S121903
2536	185044480	185064666	20186	/s/S121904
2537	185064960	185068828	3868	/s/S121905
2538	185069056	185096952	27896	/s/S121906
2539	185097216	185105881	8665	/s/S121907
2540	185105920	185142471	36551	/s/S121908
2541	185142784	185175823	33039	/s/S122001
2542	185176064	185204202	28138	/s/S122002
2543	185204224	185225754	21530	/s/S122003
2544	185226240	185252952	26712	/s/S122004
2545	185253376	185282071	28695	/s/S122005
2546	185282560	185294518	11958	/s/S122006
2547	185294848	185320992	26144	/s/S122101
2548	185321472	185331645	10173	/s/S122102
2549	185331712	185357564	25852	/s/S122103
2550	185357824	185362406	4582	/s/S122104
2551	185362432	185392035	29603	/s/S122105
2552	185392128	185407274	15146	/s/S122106
2553	185407488	185435873	28385	/s/S122107
2554	185436160	185452225	16065	/s/S122108
2555	185452544	185472075	19531	/s/S122109
2556	185472512	185488436	15924	/s/S122110
2557	185488896	185497876	8980	/s/S122111
2558	185498112	185521306	23194	/s/S122112
2559	185521664	185543226	21562	/s/S122113
2560	185543680	185555042	11362	/s/S122114
2561	185555456	185569398	13942	/s/S122115
2562	185569792	185603935	34143	/s/S122116
2563	185604096	185645844	41748	/s/S122117
2564	185646080	185679544	33464	/s/S122118
2565	185679872	185693732	13860	/s/S122119
2566	185694208	185702977	8769	/s/S122120
2567	185703424	185724862	21438	/s/S122121
2568	185724928	185740131	15203	/s/S122122
2569	185740288	185757112	16824	/s/S122123
2570	185757184	185762063	4879	/s/S122124
2571	185762304	185765453	3149	/s/S122125
2572	185765888	185773404	7516	/s/S122126
2573	185773568	185777511	3943	/s/S122127
2574	185777664	185795009	17345	/s/S122128
2575	185795072	185813536	18464	/s/S122129
2576	185814016	185827523	13507	/s/S122130
2577	185827840	185852930	25090	/s/S122131
2578	185853440	185876100	22660	/s/S122132
2579	185876480	185890756	14276	/s/S122133
2580	185890816	185895628	4812	/s/S122134
2581	185895936	185897060	1124	/s/S122135
2582	185897472	185898254	782	/s/S122136
2583	185898496	185904148	5652	/s/S122137
2584	185904640	185922595	17955	/s/S122138
2585	185923072	185933575	10503	/s/S130101
2586	185933824	185952109	18285	/s/S130102
2587	185952256	185973391	21135	/s/S130103
2588	185973760	185979144	5384	/s/S130104
2589	185979392	185996879	17487	/s/S130105
2590	185997312	186026798	29486	/s/S130106
2591	186027008	186041048	14040	/s/S130107
2592	186041344	186058049	16705	/s/S130108
2593	186058240	186061457	3217	/s/S130109
2594	186061824	186069331	7507	/s/S130110
2595	186069504	186097730	28226	/s/S130111
2596	186098176	186113115	14939	/s/S130112
2597	186113536	186120468	6932	/s/S130113
2598	186120704	186128500	7796	/s/S130114
2599	186128896	186145718	16822	/s/S130115
2600	186145792	186161120	15328	/s/S130116
2601	186161152	186174709	13557	/s/S130117
2602	186174976	186191667	16691	/s/S130118
2603	186191872	186213755	21883	/s/S130119
2604	186213888	186230010	16122	/s/S130120
2605	186230272	186258150	27878	/s/S130121
2606	186258432	186278930	20498	/s/S130122
2607	186279424	186297243	17819	/s/S130123
2608	186297344	186306968	9624	/s/S130124
2609	186307072	186314716	7644	/s/S130125
2610	186314752	186336022	21270	/s/S130126
2611	186336256	186358154	21898	/s/S130401
2612	186358272	186372897	14625	/s/S130402
2613	186373120	186393184	20064	/s/S130403
2614	186393600	186423988	30388	/s/S130404
2615	186424320	186448810	24490	/s/S130405
2616	186448896	186473849	24953	/s/S130406
2617	186473984	186479732	5748	/s/S130407
2618	186480128	186487301	7173	/s/S130408
2619	186487808	186529688	41880	/s/S130409
2620	186529792	186543999	14207	/s/S130410
2621	186544128	186561450	17322	/s/S130411
2622	186561536	186587106	25570	/s/S130412
2623	186587136	186631004	43868	/s/S130413
2624	186631168	186654259	23091	/s/S130501
2625	186654720	186670484	15764	/s/S130502
2626	186670592	186687307	16715	/s/S130503
2627	186687488	186698030	10542	/s/S130504
2628	186698240	186711285	13045	/s/S130505
2629	186711552	186722646	11094	/s/S130506
2630	186722816	186754252	31436	/s/S130507
2631	186754560	186796204	41644	/s/S130508
2632	186796544	186828551	32007	/s/S130509
2633	186828800	186830953	2153	/s/S130510
2634	186831360	186868406	37046	/s/S130511
2635	186868736	186902106	33370	/s/S130512
2636	186902528	186926693	24165	/s/S130513
2637	186927104	186970537	43433	/s/S130514
2638	186970624	186993663	23039	/s/S130515
2639	186993664	187022130	28466	/s/S130516
2640	187022336	187055279	32943	/s/S130517
2641	187055616	187088794	33178	/s/S130518
2642	187088896	187119458	30562	/s/S130519
2643	187119616	187144947	25331	/s/S130520
2644	187145216	187172629	27413	/s/S130521
2645	187172864	187205969	33105	/s/S130522
2646	187206144	187247572	41428	/s/S130523
2647	187247616	187263686	16070	/s/S130524
2648	187264000	187283768	19768	/s/S130525
2649	187283968	187318171	34203	/s/S130526
2650	187318272	187338918	20646	/s/S130527
2651	187339264	187372601	33337	/s/S130528
2652	187373056	187396346	23290	/s/S130529
2653	187396608	187428016	31408	/s/S130530
2654	187428352	187446804	18452	/s/S130531
2655	187447296	187456154	8858	/s/S130532
2656	187456512	187462098	5586	/s/S130533
2657	187462144	187473626	11482	/s/S130534
2658	187473920	187510179	36259	/s/S130535
2659	187510272	187537666	27394	/s/S130601
2660	187537920	187542595	4675	/s/S130602
2661	187543040	187585846	42806	/s/S130603
2662	187586048	187636219	50171	/s/S130604
2663	187636224	187671457	35233	/s/S130605
2664	187671552	187707829	36277	/s/S130606
2665	187707904	187716135	8231	/s/S130607
2666	187716608	187740498	23890	/s/S130608
2667	187740672	187754307	13635	/s/S130609
2668	187754496	187758378	3882	/s/S130610
2669	187758592	187781270	22678	/s/S130611
2670	187781632	187794112	12480	/s/S130612
2671	187794432	187818368	23936	/s/S130613
2672	187818496	187853795	35299	/s/S130614
2673	187853824	187882840	29016	/s/S130615
2674	187883008	187904576	21568	/s/S130616
2675	187905024	187921184	16160	/s/S130617
2676	187921408	187928365	6957	/s/S130618
2677	187928576	187954086	25510	/s/S130619
2678	187954176	187973354	19178	/s/S130620
2679	187973632	187999463	25831	/s/S130621
2680	187999744	188028509	28765	/s/S130622
2681	188028928	188049583	20655	/s/S130623
2682	188049920	188069967	20047	/s/S130624
2683	188070400	188105902	35502	/s/S130625
2684	188106240	188139841	33601	/s/S130626
2685	188140032	188146774	6742	/s/S130627
2686	188147200	188153465	6265	/s/S130628
2687	188153856	188162737	8881	/s/S130629
2688	188163072	188173650	10578	/s/S130630
2689	188173824	188179206	5382	/s/S130631
2690	188179456	188195012	15556	/s/S130701
2691	188195328	188234749	39421	/s/S130702
2692	188234752	188266446	31694	/s/S130703
2693	188266496	188295395	28899	/s/S130704
2694	188295680	188326442	30762	/s/S130705
2695	188326912	188341634	14722	/s/S130706
2696	188341760	188371780	30020	/s/S130707
2697	188371968	188401806	29838	/s/S130708
2698	188402176	188431670	29494	/s/S130709
2699	188431872	188445271	13399	/s/S130710
2700	188445696	188472517	26821	/s/S130711
2701	188472832	188491303	18471	/s/S130712
2702	188491776	188525545	33769	/s/S130713
2703	188525568	188552169	26601	/s/S130714
2704	188552192	188571848	19656	/s/S130715
2705	188572160	188586463	14303	/s/S130716
2706	188586496	188611081	24585	/s/S130717
2707	188611584	188625026	13442	/s/S130718
2708	188625408	188650404	24996	/s/S130719
2709	188650496	188671756	21260	/s/S130720
2710	188672000	188703356	31356	/s/S130721
2711	188703744	188720219	16475	/s/S130722
2712	188720640	188744669	24029	/s/S130723
2713	188744704	188755137	10433	/s/S130724
2714	188755456	188772522	17066	/s/S130725
2715	188772864	188802168	29304	/s/S130726
2716	188802560	188812943	10383	/s/S130727
2717	188813312	188829438	16126	/s/S130728
2718	188829696	188842609	12913	/s/S130729
2719	188843008	188857110	14102	/s/S130730
2720	188857344	188866996	9652	/s/S130731
2721	188867072	188892194	25122	/s/S130732
2722	188892672	188922405	29733	/s/S130733
2723	188922880	188929721	6841	/s/S130734
2724	188930048	188953367	23319	/s/S130735
2725	188953600	188984288	30688	/s/S130736
2726	188984320	189002986	18666	/s/S130737
2727	189003264	189029857	26593	/s/S130738
2728	189029888	189045831	15943	/s/S130739
2729	189046272	189050689	4417	/s/S140501
2730	189050880	189055802	4922	/s/S140502
2731	189056000	189077024	21024	/s/S140503
2732	189077504	189097301	19797	/s/S140504
2733	189097472	189110857	13385	/s/S140505
2734	189111296	189133308	22012	/s/S140506
2735	189133312	189159777	26465	/s/S140507
2736	189159936	189164167	4231	/s/S140508
2737	189164544	189171066	6522	/s/S140509
2738	189171200	189192611	21411	/s/S140510
2739	189192704	189198978	6274	/s/S140511
2740	189199360	189227336	27976	/s/S140512
2741	189227520	189258715	31195	/s/S140513
2742	189258752	189277006	18254	/s/S140514
2743	189277184	189290488	13304	/s/S140515
2744	189290496	189302319	11823	/s/S140516
2745	189302784	189319639	16855	/s/S140517
2746	189319680	189336604	16924	/s/S140518
2747	189337088	189381491	44403	/s/S140519
2748	189381632	189399129	17497	/s/S140520
2749	189399552	189411458	11906	/s/S140521
2750	189411840	189446141	34301	/s/S140522
2751	189446144	189469651	23507	/s/S140523
2752	189469696	189485182	15486	/s/S140524
2753	189485568	189510004	24436	/s/S140525
2754	189510144	189535424	25280	/s/S140526
2755	189535744	189549415	13671	/s/S140527
2756	189549568	189574019	24451	/s/S140528
2757	189574144	189579122	4978	/s/S140529
2758	189579264	189598442	19178	/s/S140530
2759	189598720	189611535	12815	/s/S140531
2760	189612032	189645001	32969	/s/S140532
2761	189645312	189669545	24233	/s/S140533
2762	189669888	189691795	21907	/s/S140534
2763	189691904	189717146	25242	/s/S140535
2764	189717504	189735965	18461	/s/S140536
2765	189736448	189761114	24666	/s/S140537
2766	189761536	189776772	15236	/s/S140538
2767	189776896	189810586	33690	/s/S140539
2768	189810688	189834452	23764	/s/S140540
2769	189834752	189851828	17076	/s/S140541
2770	189852160	189864216	12056	/s/S140542
2771	189864448	189893813	29365	/s/S140543
2772	189894144	189915316	21172	/s/S141401
2773	189915648	189924386	8738	/s/S141501
2774	189924864	189956622	31758	/s/S141502
2775	189957120	189980372	23252	/s/S141503
2776	189980672	189989568	8896	/s/S141504
2777	189989888	190011006	21118	/s/S141505
2778	190011392	190048739	37347	/s/S141506
2779	190048768	190072245	23477	/s/S141507
2780	190072320	190101449	29129	/s/S141508
2781	190101504	190113559	12055	/s/S141509
2782	190113792	190145791	31999	/s/S141510
2783	190146048	190172291	26243	/s/S141511
2784	190172672	190197711	25039	/s/S141512
2785	190197760	190218354	20594	/s/S141513
2786	190218752	190241803	23051	/s/S141514
2787	190242304	190251077	8773	/s/S141515
2788	190251520	190278759	27239	/s/S141516
2789	190279168	190296550	17382	/s/S141517
2790	190296576	190317254	20678	/s/S141518
2791	190317568	190334651	17083	/s/S141519
2792	190334976	190339634	4658	/s/S141520
2793	190340096	190366667	26571	/s/S141521
2794	190366720	190390925	24205	/s/S141522
2795	190391296	190397099	5803	/s/S141523
2796	190397440	190413128	15688	/s/S141524
2797	190413312	190433969	20657	/s/S141525
2798	190434304	190454102	19798	/s/S141526
2799	190454272	190466863	12591	/s/S141527
2800	190467072	190490282	23210	/s/S141528
2801	190490624	190502894	12270	/s/S141529
2802	190502912	190517396	14484	/s/S141530
2803	190517760	190550130	32370	/s/S141531
2804	190550528	190557296	6768	/s/S141532
2805	190557696	190587846	30150	/s/S141533
2806	190587904	190617206	29302	/s/S141534
2807	190617600	190626796	9196	/s/S141535
2808	190626816	190632172	5356	/s/S141536
2809	190632448	190640631	8183	/s/S141537
2810	190640640	190652669	12029	/s/S141538
2811	190652928	190657958	5030	/s/S141539
2812	190658048	190677062	19014	/s/S141540
2813	190677504	190700455	22951	/s/S141541
2814	190700544	190730747	30203	/s/S141542
2815	190730752	190770298	39546	/s/S141543
2816	190770688	190787142	16454	/s/S141544
2817	190787584	190823230	35646	/s/S141545
2818	190823424	190845975	22551	/s/S141546
2819	190846464	190903123	56659	/s/S141547
2820	190903296	190955671	52375	/s/S141548
2821	190956032	191030610	74578	/s/S141549
2822	191030784	191054505	23721	/s/S141601
2823	191054848	191070947	16099	/s/S141602
2824	191071232	191103571	32339	/s/S141603
2825	191104000	191132907	28907	/s/S141604
2826	191133184	191145426	12242	/s/S141605
2827	191145472	191176993	31521	/s/S141606
2828	191177216	191184427	7211	/s/S141607
2829	191184896	191202815	17919	/s/S141608
2830	191202816	191248887	46071	/s/S141609
2831	191248896	191271276	22380	/s/S141610
2832	191271424	191297948	26524	/s/S141611
2833	191298048	191312134	14086	/s/S141612
2834	191312384	191316427	4043	/s/S141613
2835	191316480	191329936	13456	/s/S141614
2836	191330304	191352492	22188	/s/S141801
2837	191352832	191369201	16369	/s/S141802
2838	191369216	191387074	17858	/s/S141803
2839	191387136	191397606	10470	/s/S141804
2840	191397888	191422265	24377	/s/S141805
2841	191422464	191431617	9153	/s/S141806
2842	191431680	191439713	8033	/s/S141807
2843	191439872	191460266	20394	/s/S141808
2844	191460352	191483350	22998	/s/S141809
2845	191483392	191510290	26898	/s/S141810
2846	191510528	191523738	13210	/s/S141811
2847	191523840	191552763	28923	/s/S141812
2848	191553024	191556813	3789	/s/S141813
2849	191557120	191577901	20781	/s/S141814
2850	191578112	191612121	34009	/s/S141815
2851	191612416	191639999	27583	/s/S141816
2852	191640064	191673764	33700	/s/S141817
2853	191673856	191689992	16136	/s/S141818
2854	191690240	191724729	34489	/s/S141819
2855	191725056	191751361	26305	/s/S141820
2856	191751680	191785257	33577	/s/S141821
2857	191785472	191804819	19347	/s/S141822
2858	191804928	191818836	13908	/s/S141823
2859	191819264	191838690	19426	/s/S141824
2860	191838720	191852873	14153	/s/S141825
2861	191853056	191860311	7255	/s/S141826
2862	191860736	191881394	20658	/s/S141827
2863	191881728	191916872	35144	/s/S141828
2864	191917056	191937564	20508	/s/S141829
2865	191938048	191956842	18794	/s/S141830
2866	191956992	191983713	26721	/s/S141831
2867	191984128	191995888	11760	/s/S141832
2868	191995904	192013047	17143	/s/S141833
2869	192013312	192036461	23149	/s/S141834
2870	192036864	192045009	8145	/s/S141835
2871	192045056	192061911	16855	/s/S141836
2872	192061952	192080085	18133	/s/S141837
2873	192080384	192114693	34309	/s/S141838
2874	192115200	192140564	25364	/s/S141839
2875	192140800	192165454	24654	/s/S141840
2876	192165888	192179757	13869	/s/S141901
2877	192180224	192202409	22185	/s/S141902
2878	192202752	192235893	33141	/s/S141903
2879	192236032	192268984	32952	/s/S141904
2880	192269312	192286528	17216	/s/S141905
2881	192286720	192294709	7989	/s/S141906
2882	192294912	192316118	21206	/s/S141907
2883	192316416	192324028	7612	/s/S141908
2884	192324096	192353939	29843	/s/S141909
2885	192354304	192390454	36150	/s/S141910
2886	192390656	192421805	31149	/s/S141911
2887	192421888	192467175	45287	/s/S141912
2888	192467456	192484367	16911	/s/S141913
2889	192484864	192515481	30617	/s/S141914
2890	192515584	192533149	17565	/s/S141915
2891	192533504	192551205	17701	/s/S141916
2892	192551424	192567837	16413	/s/S141917
2893	192568320	192598297	29977	/s/S141918
2894	192598528	192608269	9741	/s/S141919
2895	192608768	192635306	26538	/s/S141920
2896	192635392	192669583	34191	/s/S141921
2897	192669696	192695294	25598	/s/S141922
2898	192695296	192726161	30865	/s/S141923
2899	192726528	192763551	37023	/s/S141924
2900	192763904	192767713	3809	/s/S141925
2901	192768000	192775957	7957	/s/S141926
2902	192776192	192789059	12867	/s/S141927
2903	192789504	192823529	34025	/s/S141928
2904	192823808	192845129	21321	/s/S141929
2905	192845312	192877015	31703	/s/S141930
2906	192877056	192921074	44018	/s/S141931
2907	192921088	192940807	19719	/s/S141932
2908	192941056	192944305	3249	/s/S141933
2909	192944640	192960705	16065	/s/S141934
2910	192961024	192968905	7881	/s/S141935
2911	192969216	193010673	41457	/s/S141936
2912	193010688	193045781	35093	/s/S141937
2913	193046016	193072407	26391	/s/S141938
2914	193072640	193101014	28374	/s/S141939
2915	193101312	193129931	28619	/s/S141940
2916	193129984	193156001	26017	/s/S142101
2917	193156096	193166745	10649	/s/S142102
2918	193166848	193176581	9733	/s/S142103
2919	193177088	193196598	19510	/s/S142104
2920	193197056	193235704	38648	/s/S142105
2921	193235968	193249727	13759	/s/S142106
2922	193249792	193285105	35313	/s/S142201
2923	193285120	193336034	50914	/s/S142202
2924	193336320	193361754	25434	/s/S142203
2925	193361920	193389285	27365	/s/S142204
2926	193389568	193406544	16976	/s/S142205
2927	193406976	193424983	18007	/s/S142206
2928	193425408	193451585	26177	/s/S142207
2929	193452032	193478853	26821	/s/S142208
2930	193479168	193508506	29338	/s/S142209
2931	193508864	193543337	34473	/s/S142301
2932	193543680	193558831	15151	/s/S142302
2933	193559040	193577179	18139	/s/S142303
2934	193577472	193603043	25571	/s/S142304
2935	193603072	193621303	18231	/s/S142305
2936	193621504	193649896	28392	/s/S142306
2937	193650176	193675726	25550	/s/S142307
2938	193675776	193686387	10611	/s/S142308
2939	193686528	193709914	23386	/s/S142309
2940	193710080	193722305	12225	/s/S142310
2941	193722368	193734415	12047	/s/S142311
2942	193734656	193776667	42011	/s/S142312
2943	193777152	193796553	19401	/s/S142313
2944	193796608	193823683	27075	/s/S142314
2945	193823744	193833118	9374	/s/S142315
2946	193833472	193844623	11151	/s/S142316
2947	193844736	193851645	6909	/s/S142317
2948	193851904	193868297	16393	/s/S142318
2949	193868800	193882293	13493	/s/S142319
2950	193882624	193887771	5147	/s/S142320
2951	193888256	193914539	26283	/s/S142321
2952	193914880	193921513	6633	/s/S142322
2953	193921536	193943763	22227	/s/S142323
2954	193944064	193971953	27889	/s/S142324
2955	193972224	193974787	2563	/s/S142325
2956	193975296	194004886	29590	/s/S142326
2957	194004992	194011901	6909	/s/S142327
2958	194012160	194023377	11217	/s/S142328
2959	194023424	194040973	17549	/s/S142329
2960	194041344	194059872	18528	/s/S142330
2961	194060288	194091995	31707	/s/S142331
2962	194092032	194098034	6002	/s/S142332
2963	194098176	194123913	25737	/s/S142333
2964	194124288	194142959	18671	/s/S142334
2965	194143232	194160451	17219	/s/S142335
2966	194160640	194183501	22861	/s/S150401
2967	194183680	194190017	6337	/s/S150402
2968	194190336	194197398	7062	/s/S150403
2969	194197504	194215387	17883	/s/S150404
2970	194215424	194241890	26466	/s/S150405
2971	194242048	194257295	15247	/s/S150406
2972	194257408	194278145	20737	/s/S150407
2973	194278400	194283457	5057	/s/S150408
2974	194283520	194314510	30990	/s/S150409
2975	194314752	194323126	8374	/s/S150410
2976	194323456	194348386	24930	/s/S150411
2977	194348544	194372730	24186	/s/S150412
2978	194373120	194393716	20596	/s/S150413
2979	194394112	194420250	26138	/s/S150414
2980	194420736	194449493	28757	/s/S150415
2981	194449920	194478431	28511	/s/S150416
2982	194478592	194500143	21551	/s/S150417
2983	194500608	194530656	30048	/s/S150418
2984	194530816	194554749	23933	/s/S150419
2985	194554880	194585623	30743	/s/S150420
2986	194586112	194591173	5061	/s/S150421
2987	194591232	194622323	31091	/s/S150422
2988	194622464	194630823	8359	/s/S150423
2989	194631168	194665206	34038	/s/S150424
2990	194665472	194699779	34307	/s/S150425
2991	194700288	194722175	21887	/s/S150426
2992	194722304	194731815	9511	/s/S150427
2993	194732032	194746010	13978	/s/S150428
2994	194746368	194766492	20124	/s/S150429
2995	194766848	194782107	15259	/s/S150430
2996	194782208	194807254	25046	/s/S150431
2997	194807296	194820242	12946	/s/S150432
2998	194820608	194837672	17064	/s/S150701
2999	194838016	194842182	4166	/s/S150702
3000	194842624	194852557	9933	/s/S150703
3001	194852864	194868910	16046	/s/S150704
3002	194869248	194892660	23412	/s/S150705
3003	194892800	194913521	20721	/s/S150706
3004	194913792	194934440	20648	/s/S150707
3005	194934784	194954074	19290	/s/S150708
3006	194954240	194977664	23424	/s/S150709
3007	194977792	194990722	12930	/s/S150710
3008	194991104	195002040	10936	/s/S150711
3009	195002368	195022683	20315	/s/S150712
3010	195022848	195044350	21502	/s/S150713
3011	195044352	195066605	22253	/s/S150714
3012	195066880	195087685	20805	/s/S150715
3013	195087872	195107269	19397	/s/S150716
3014	195107328	195130882	23554	/s/S150717
3015	195131392	195147695	16303	/s/S150718
3016	195147776	195172345	24569	/s/S150719
3017	195172352	195197578	25226	/s/S150720
3018	195197952	195217526	19574	/s/S150721
3019	195217920	195225707	7787	/s/S150722
3020	195226112	195234010	7898	/s/S150723
3021	195234304	195245284	10980	/s/S150724
3022	195245568	195258696	13128	/s/S150725
3023	195258880	195271644	12764	/s/S150726
3024	195271680	195292898	21218	/s/S150727
3025	195293184	195316204	23020	/s/S151201
3026	195316224	195332827	16603	/s/S151202
3027	195333120	195359336	26216	/s/S151203
3028	195359744	195375078	15334	/s/S151204
3029	195375104	195389709	14605	/s/S151205
3030	195389952	195396059	6107	/s/S151206
3031	195396096	195419112	23016	/s/S151207
3032	195419136	195441579	22443	/s/S151208
3033	195441664	195467558	25894	/s/S151209
3034	195467776	195481720	13944	/s/S151210
3035	195482112	195494998	12886	/s/S151211
3036	195495424	195507181	11757	/s/S151212
3037	195507200	195530849	23649	/s/S151213
3038	195531264	195546446	15182	/s/S151214
3039	195546624	195568047	21423	/s/S151215
3040	195568128	195595287	27159	/s/S151216
3041	195595776	195629249	33473	/s/S151217
3042	195629568	195647841	18273	/s/S151218
3043	195648000	195661490	13490	/s/S151219
3044	195661824	195673775	11951	/s/S151220
3045	195674112	195702280	28168	/s/S151221
3046	195702784	195706038	3254	/s/S151222
3047	195706368	195727586	21218	/s/S151223
3048	195727872	195733982	6110	/s/S151224
3049	195734016	195738191	4175	/s/S151225
3050	195738624	195741159	2535	/s/S151226
3051	195741184	195744415	3231	/s/S151227
3052	195744768	195747992	3224	/s/S151228
3053	195748352	195752592	4240	/s/S151229
3054	195752960	195768036	15076	/s/S151230
3055	195768320	195790812	22492	/s/S151231
3056	195790848	195823321	32473	/s/S151301
3057	195823616	195853032	29416	/s/S151302
3058	195853312	195859839	6527	/s/S151303
3059	195859968	195867064	7096	/s/S151304
3060	195867136	195873832	6696	/s/S151305
3061	195874304	195892346	18042	/s/S151306
3062	195892736	195910987	18251	/s/S151307
3063	195911168	195930804	19636	/s/S151308
3064	195931136	195946446	15310	/s/S151309
3065	195946496	195960737	14241	/s/S151310
3066	195960832	195965445	4613	/s/S151311
3067	195965952	195983027	17075	/s/S151312
3068	195983360	196001753	18393	/s/S151313
3069	196001792	196029560	27768	/s/S151314
3070	196029952	196041642	11690	/s/S151315
3071	196041728	196053491	11763	/s/S151316
3072	196053504	196082610	29106	/s/S151317
3073	196082688	196096512	13824	/s/S151318
3074	196096512	196109412	12900	/s/S151319
3075	196109824	196137425	27601	/s/S151320
3076	196137472	196151614	14142	/s/S151321
3077	196151808	196175041	23233	/s/S151322
3078	196175360	196178957	3597	/s/S151323
3079	196179456	196184148	4692	/s/S151324
3080	196184576	196189404	4828	/s/S151325
3081	196189696	196210016	20320	/s/S151326
3082	196210176	196227798	17622	/s/S151327
3083	196228096	196249325	21229	/s/S151328
3084	196249600	196274505	24905	/s/S151329
3085	196274688	196287507	12819	/s/S160701
3086	196288000	196309190	21190	/s/S160702
3087	196309504	196336695	27191	/s/S160703
3088	196337152	196358201	21049	/s/S160704
3089	196358656	196371736	13080	/s/S160705
3090	196371968	196393340	21372	/s/S160706
3091	196393472	196414604	21132	/s/S160707
3092	196414976	196443091	28115	/s/S160708
3093	196443136	196453181	10045	/s/S160709
3094	196453376	196460079	6703	/s/S160710
3095	196460544	196477056	16512	/s/S160711
3096	196477440	196483262	5822	/s/S160712
3097	196483584	196506466	22882	/s/S160713
3098	196506624	196538243	31619	/s/S160714
3099	196538368	196564484	26116	/s/S160715
3100	196564992	196585349	20357	/s/S160716
3101	196585472	196604810	19338	/s/S160717
3102	196604928	196635719	30791	/s/S160718
3103	196636160	196663393	27233	/s/S160719
3104	196663808	196687488	23680	/s/S160720
3105	196687872	196714194	26322	/s/S160721
3106	196714496	196723114	8618	/s/S160722
3107	196723200	196746425	23225	/s/S160723
3108	196746752	196762044	15292	/s/S160724
3109	196762112	196775401	13289	/s/S160725
3110	196775424	196786135	10711	/s/S160726
3111	196786176	196791578	5402	/s/S160727
3112	196791808	196823135	31327	/s/S160728
3113	196823552	196856757	33205	/s/S160729
3114	196856832	196887782	30950	/s/S160730
3115	196888064	196906594	18530	/s/S160731
3116	196907008	196921019	14011	/s/S160732
3117	196921344	196926313	4969	/s/S161601
3118	196926464	196957912	31448	/s/S161602
3119	196958208	196966470	8262	/s/S161603
3120	196966912	197005373	38461	/s/S161604
3121	197005824	197017742	11918	/s/S161605
3122	197018112	197035479	17367	/s/S161606
3123	197035520	197047544	12024	/s/S161607
3124	197047808	197059650	11842	/s/S161608
3125	197060096	197077275	17179	/s/S161609
3126	197077504	197112124	34620	/s/S161610
3127	197112320	197130427	18107	/s/S161611
3128	197130752	197160216	29464	/s/S161612
3129	197160448	197195283	34835	/s/S161613
3130	197195776	197205042	9266	/s/S161614
3131	197205504	197229475	23971	/s/S161615
3132	197229568	197235898	6330	/s/S161616
3133	197236224	197252816	16592	/s/S161617
3134	197253120	197277120	24000	/s/S161618
3135	197277184	197304772	27588	/s/S161619
3136	197304832	197337969	33137	/s/S161620
3137	197338112	197347864	9752	/s/S161621
3138	197348352	197366534	18182	/s/S161622
3139	197366784	197386214	19430	/s/S161623
3140	197386240	197409956	23716	/s/S161624
3141	197410304	197441728	31424	/s/S161625
3142	197442048	197470195	28147	/s/S161626
3143	197470208	197499834	29626	/s/S161627
3144	197499904	197517277	17373	/s/S161628
3145	197517312	197530828	13516	/s/S161629
3146	197531136	197559128	27992	/s/S161630
3147	197559296	197581033	21737	/s/S161631
3148	197581312	197594651	13339	/s/S161632
3149	197595136	197616026	20890	/s/S161633
3150	197616128	197622690	6562	/s/S161634
3151	197622784	197631764	8980	/s/S161635
3152	197632000	197653376	21376	/s/S161701
3153	197653504	197655207	1703	/s/S161702
3154	197655552	197672598	17046	/s/S161703
3155	197672960	197677832	4872	/s/S161704
3156	197678080	197696996	18916	/s/S161705
3157	197697024	197707811	10787	/s/S161706
3158	197708288	197718566	10278	/s/S161707
3159	197719040	197749355	30315	/s/S161708
3160	197749760	197760153	10393	/s/S161709
3161	197760512	197779556	19044	/s/S161710
3162	197779968	197802625	22657	/s/S161711
3163	197803008	197809360	6352	/s/S161712
3164	197809664	197817823	8159	/s/S161713
3165	197817856	197827958	10102	/s/S161714
3166	197828096	197863762	35666	/s/S161715
3167	197863936	197887483	23547	/s/S161716
3168	197887488	197927888	40400	/s/S161717
3169	197927936	197935495	7559	/s/S161718
3170	197935616	197949944	14328	/s/S161719
3171	197949952	197982264	32312	/s/S161720
3172	197982720	198019034	36314	/s/S161721
3173	198019072	198034540	15468	/s/S161722
3174	198034944	198063136	28192	/s/S161723
3175	198063616	198075749	12133	/s/S171301
3176	198075904	198093155	17251	/s/S171302
3177	198093312	198127160	33848	/s/S171303
3178	198127616	198138773	11157	/s/S171304
3179	198138880	198158242	19362	/s/S171305
3180	198158336	198194744	36408	/s/S171306
3181	198195200	198202785	7585	/s/S171307
3182	198202880	198211513	8633	/s/S171308
3183	198211584	198223508	11924	/s/S171309
3184	198223872	198229778	5906	/s/S171310
3185	198230016	198253730	23714	/s/S171311
3186	198254080	198286029	31949	/s/S171401
3187	198286336	198302359	16023	/s/S171402
3188	198302720	198319857	17137	/s/S171403
3189	198320128	198326072	5944	/s/S171404
3190	198326272	198348620	22348	/s/S171405
3191	198348800	198359214	10414	/s/S171406
3192	198359552	198363808	4256	/s/S171407
3193	198364160	198402213	38053	/s/S171408
3194	198402560	198425694	23134	/s/S171409
3195	198426112	198448101	21989	/s/S171410
3196	198448128	198460226	12098	/s/S171411
3197	198460416	198500003	39587	/s/S171412
3198	198500352	198526219	25867	/s/S171413
3199	198526464	198555175	28711	/s/S171414
3200	198555648	198591418	35770	/s/S171415
3201	198591488	198649116	57628	/s/S171416
3202	198649344	198660411	11067	/s/S171417
3203	198660608	198697478	36870	/s/S171418
3204	198697984	198720170	22186	/s/S171419
3205	198720512	198745213	24701	/s/S171420
3206	198745600	198769627	24027	/s/S171421
3207	198769664	198798696	29032	/s/S171422
3208	198798848	198816324	17476	/s/S171423
3209	198816768	198840356	23588	/s/S171424
3210	198840832	198857135	16303	/s/S171425
3211	198857216	198880624	23408	/s/S171426
3212	198880768	198903364	22596	/s/S171427
3213	198903808	198919250	15442	/s/S171428
3214	198919680	198947288	27608	/s/S171701
3215	198947328	198976719	29391	/s/S171702
3216	198977024	199009163	32139	/s/S171703
3217	199009280	199033634	24354	/s/S171704
3218	199033856	199058450	24594	/s/S171705
3219	199058944	199100273	41329	/s/S171801
3220	199100416	199131868	31452	/s/S171802
3221	199132160	199140511	8351	/s/S171803
3222	199140864	199156418	15554	/s/S171804
3223	199156736	199162503	5767	/s/S171805
3224	199162880	199166871	3991	/s/S171806
3225	199166976	199173050	6074	/s/S171807
3226	199173120	199186257	13137	/s/S171808
3227	199186432	199224567	38135	/s/S171809
3228	199224832	199243429	18597	/s/S171810
3229	199243776	199270195	26419	/s/S171811
3230	199270400	199300724	30324	/s/S181201
3231	199301120	199334366	33246	/s/S181202
3232	199334400	199366165	31765	/s/S181203
3233	199366656	199410407	43751	/s/S181204
3234	199410688	199457923	47235	/s/S181205
3235	199458304	199465531	7227	/s/S181206
3236	199465984	199495098	29114	/s/S181207
3237	199495168	199503937	8769	/s/S181208
3238	199504384	199527445	23061	/s/S181209
3239	199527936	199541751	13815	/s/S181210
3240	199541760	199567339	25579	/s/S181211
3241	199567360	199587171	19811	/s/S181212
3242	199587328	199609287	21959	/s/S181213
3243	199609344	199617363	8019	/s/S181214
3244	199617536	199637244	19708	/s/S181215
3245	199637504	199659841	22337	/s/S181216
3246	199660032	199679451	19419	/s/S181217
3247	199679488	199709973	30485	/s/S181218
3248	199710208	199716743	6535	/s/S181219
3249	199716864	199723999	7135	/s/S181220
3250	199724032	199736027	11995	/s/S181221
3251	199736320	199753918	17598	/s/S181222
3252	199754240	199758345	4105	/s/S181223
3253	199758848	199786577	27729	/s/S181224
3254	199787008	199800435	13427	/s/S181225
3255	199800832	199826504	25672	/s/S181226
3256	199826944	199867983	41039	/s/S181227
3257	199868416	199901348	32932	/s/S181228
3258	199901696	199924069	22373	/s/S181229
3259	199924224	199952060	27836	/s/S181230
3260	199952384	199958813	6429	/s/S181231
3261	199959040	199967724	8684	/s/S181232
3262	199967744	199982456	14712	/s/S181232b
3263	199982592	200006526	23934	/s/S181233
3264	200006656	200016601	9945	/s/S181234
3265	200016896	200035228	18332	/s/S181235
3266	200035328	200050756	15428	/s/S181236
3267	200051200	200063852	12652	/s/S181237
3268	200064000	200091232	27232	/s/S181238
3269	200091648	200100810	9162	/s/S181239
3270	200100864	200120340	19476	/s/S181240
3271	200120832	200152428	31596	/s/S181241
3272	200152576	200156530	3954	/s/S181242
3273	200156672	200162657	5985	/s/S181243
3274	200162816	200183990	21174	/s/S181244
3275	200184320	200204083	19763	/s/S181245
3276	200204288	200228542	24254	/s/S181246
3277	200228864	200242638	13774	/s/S181247
3278	200242688	200248792	6104	/s/S181248
3279	200248832	200269527	20695	/s/S181249
3280	200269824	200277237	7413	/s/S181250
3281	200277504	200292050	14546	/s/S181251
3282	200292352	200319627	27275	/s/S181252
3283	200320000	200336065	16065	/s/S181253
3284	200336384	200355976	19592	/s/S181254
3285	200356352	200379029	22677	/s/S181255
3286	200379392	200392221	12829	/s/S181256
3287	200392704	200418912	26208	/s/S181257
3288	200419328	200437812	18484	/s/S181258
3289	200438272	200453520	15248	/s/S181259
3290	200453632	200469405	15773	/s/S181260
3291	200469504	200483474	13970	/s/S181261
3292	200483840	200493647	9807	/s/S181262
3293	200494080	200507651	13571	/s/S181263
3294	200507904	200527896	19992	/s/S181264
3295	200528384	200551041	22657	/s/S181265
3296	200551424	200562551	11127	/s/S181266
3297	200562688	200578779	16091	/s/S181267
3298	200579072	200600565	21493	/s/S190301
3299	200600576	200617178	16602	/s/S190302
3300	200617472	200636189	18717	/s/S190303
3301	200636416	200652407	15991	/s/S190304
3302	200652800	200663139	10339	/s/S190305
3303	200663552	200679009	15457	/s/S190306
3304	200679424	200713227	33803	/s/S190307
3305	200713728	200741187	27459	/s/S190308
3306	200741376	200754390	13014	/s/S190309
3307	200754688	200772263	17575	/s/S190310
3308	200772608	200786117	13509	/s/S190311
3309	200786432	200815832	29400	/s/S190312
3310	200816128	200821214	5086	/s/S190313
3311	200821248	200829708	8460	/s/S190314
3312	200829952	200851254	21302	/s/S190315
3313	200851456	200875609	24153	/s/S190316
3314	200876032	200910257	34225	/s/S190317
3315	200910336	200916486	6150	/s/S190318
3316	200916992	200943946	26954	/s/S190319
3317	200944128	200969755	25627	/s/S190320
3318	200970240	201008301	38061	/s/S190321
3319	201008640	201034344	25704	/s/S190322
3320	201034752	201057550	22798	/s/S190323
3321	201057792	201086026	28234	/s/S190324
3322	201086464	201100571	14107	/s/S190325
3323	201100800	201130382	29582	/s/S190326
3324	201130496	201166618	36122	/s/S190327
3325	201166848	201183323	16475	/s/S190328
3326	201183744	201199883	16139	/s/S190329
3327	201200128	201227055	26927	/s/S190330
3328	201227264	201252504	25240	/s/S190331
3329	201252864	201279816	26952	/s/S190332
3330	201280000	201288912	8912	/s/S190333
3331	201289216	201308408	19192	/s/S191201
3332	201308672	201321898	13226	/s/S191202
3333	201321984	201346995	25011	/s/S191203
3334	201347072	201370220	23148	/s/S191204
3335	201370624	201399989	29365	/s/S191205
3336	201400320	201441937	41617	/s/S191206
3337	201442304	201475032	32728	/s/S191207
3338	201475072	201492050	16978	/s/S191208
3339	201492480	201505696	13216	/s/S191209
3340	201505792	201523979	18187	/s/S191210
3341	201524224	201544886	20662	/s/S191211
3342	201545216	201561200	15984	/s/S191212
3343	201561600	201581779	20179	/s/S191213
3344	201582080	201591035	8955	/s/S191214
3345	201591296	201628680	37384	/s/S191215
3346	201629184	201644785	15601	/s/S191216
3347	201645056	201675728	30672	/s/S191217
3348	201675776	201686871	11095	/s/S191218
3349	201687040	201704370	17330	/s/S191219
3350	201704448	201731726	27278	/s/S191220
3351	201732096	201752589	20493	/s/S191221
3352	201753088	201782687	29599	/s/S191222
3353	201782784	201799352	16568	/s/S191223
3354	201799680	201825704	26024	/s/S191224
3355	201825792	201865400	39608	/s/S191225
3356	201865728	201898525	32797	/s/S191226
3357	201899008	201902765	3757	/s/S191227
3358	201903104	201912616	9512	/s/S191228
3359	201912832	201939304	26472	/s/S191229
3360	201939456	201953164	13708	/s/S191230
3361	201953280	201979864	26584	/s/S191231
3362	201979904	201992980	13076	/s/S191232
3363	201993216	201997632	4416	/s/S191233
3364	201997824	202029896	32072	/s/S191234
3365	202030080	202046395	16315	/s/S191235
3366	202046464	202063176	16712	/s/S191236
3367	202063360	202097988	34628	/s/S191237
3368	202098176	202119929	21753	/s/S191238
3369	202120192	202145294	25102	/s/S191239
3370	202145792	202188884	43092	/s/S191804
3371	202189312	202233591	44279	/s/S191805
3372	202233856	202254345	20489	/s/S191806
3373	202254848	202270745	15897	/s/S191807
3374	202271232	202310317	39085	/s/S191808
3375	202310656	202322766	12110	/s/S191809
3376	202322944	202345704	22760	/s/S191810
3377	202345984	202398970	52986	/s/S191811
3378	202399232	202426424	27192	/s/S191812
3379	202426880	202449213	22333	/s/S191813
3380	202449408	202460625	11217	/s/S191814
3381	202460672	202469074	8402	/s/S191815
3382	202469376	202499865	30489	/s/S191816
3383	202500096	202533356	33260	/s/S191817
3384	202533376	202563073	29697	/s/S191818
3385	202563584	202595425	31841	/s/S191819
3386	202595840	202609640	13800	/s/S191820
3387	202609664	202627661	17997	/s/S191821
3388	202628096	202633615	5519	/s/S191822
3389	202633728	202657348	23620	/s/S191823
3390	202657792	202682133	24341	/s/S191824
3391	202682368	202717893	35525	/s/S191825
3392	202718208	202724905	6697	/s/S191826
3393	202725376	202741497	16121	/s/S191827
3394	202741760	202751153	9393	/s/S191828
3395	202751488	202761235	9747	/s/S191829
3396	202761728	202791122	29394	/s/S191830
3397	202791424	202799582	8158	/s/S191831
3398	202799616	202810765	11149	/s/S191832
3399	202810880	202828311	17431	/s/S191901
3400	202828800	202859621	30821	/s/S191902
3401	202860032	202887287	27255	/s/S191903
3402	202887680	202914869	27189	/s/S191904
3403	202915328	202946166	30838	/s/S191905
3404	202946560	202989158	42598	/s/S191906
3405	202989568	203002023	12455	/s/S191907
3406	203002368	203031939	29571	/s/S191908
3407	203032064	203065134	33070	/s/S191909
3408	203065344	203085053	19709	/s/S191910
3409	203085312	203113394	28082	/s/S191911
3410	203113472	203129309	15837	/s/S191912
3411	203129344	203160998	31654	/s/S191913
3412	203161088	203188038	26950	/s/S191914
3413	203188224	203207486	19262	/s/S191915
3414	203207680	203213598	5918	/s/S191916
3415	203213824	203221856	8032	/s/S191917
3416	203222016	203245741	23725	/s/S192101
3417	203246080	203263431	17351	/s/S192102
3418	203263488	203278163	14675	/s/S192103
3419	203278336	203295952	17616	/s/S192104
3420	203296256	203313362	17106	/s/S192105
3421	203313664	203337767	24103	/s/S192106
3422	203338240	203358932	20692	/s/S192107
3423	203359232	203378128	18896	/s/S192108
3424	203378176	203386336	8160	/s/S192109
3425	203386368	203406640	20272	/s/S192110
3426	203406848	203437772	30924	/s/S192111
3427	203438080	203461762	23682	/s/S192112
3428	203462144	203488997	26853	/s/S192113
3429	203489280	203509343	20063	/s/S192114
3430	203509760	203525923	16163	/s/S192115
3431	203526144	203558809	32665	/s/S192116
3432	203558912	203582592	23680	/s/S192117
3433	203582976	203601977	19001	/s/S192118
3434	203602432	203615643	13211	/s/S192119
3435	203615744	203635612	19868	/s/S192120
3436	203635712	203648953	13241	/s/S192121
3437	203649024	203672951	23927	/s/S192122
3438	203673088	203693827	20739	/s/S192123
3439	203694080	203704175	10095	/s/S192124
3440	203704320	203728366	24046	/s/S192125
3441	203728384	203748316	19932	/s/S192126
3442	203748352	203770120	21768	/s/S192127
3443	203770368	203797566	27198	/s/S192128
3444	203798016	203825740	27724	/s/S192129
3445	203826176	203852112	25936	/s/S192130
3446	203852288	203888535	36247	/s/S192131
3447	203888640	203908160	19520	/s/S192132
3448	203908608	203937894	29286	/s/S192133
3449	203938304	203961319	23015	/s/S192134
3450	203961344	203987379	26035	/s/S192135
3451	203987456	204017272	29816	/s/S192136
3452	204017664	204032110	14446	/s/S192137
3453	204032512	204049878	17366	/s/S192201
3454	204049920	204060018	10098	/s/S192202
3455	204060160	204084025	23865	/s/S192203
3456	204084224	204089771	5547	/s/S192204
3457	204089856	204098893	9037	/s/S192205
3458	204099072	204115589	16517	/s/S192206
3459	204115968	204135870	19902	/s/S192207
3460	204135936	204165095	29159	/s/S192208
3461	204165120	204168665	3545	/s/S192209
3462	204168704	204193514	24810	/s/S192210
3463	204193792	204223779	29987	/s/S192211
3464	204224000	204230643	6643	/s/S192212
3465	204230656	204240279	9623	/s/S192213
3466	204240384	204264044	23660	/s/S192214
3467	204264448	204275707	11259	/s/S192215
3468	204275712	204296886	21174	/s/S192216
3469	204297216	204322838	25622	/s/S192217
3470	204323328	204352029	28701	/s/S192218
3471	204352512	204371746	19234	/s/S192219
3472	204371968	204391191	19223	/s/S192220
3473	204391424	204410515	19091	/s/S192221
3474	204410880	204421864	10984	/s/S192222
3475	204422144	204434180	12036	/s/S192223
3476	204434432	204462538	28106	/s/S192224
3477	204462592	204491816	29224	/s/S192225
3478	204492288	204507381	15093	/s/S192226
3479	204507648	204543376	35728	/s/S192301
3480	204543488	204562928	19440	/s/S192302
3481	204562944	204582842	19898	/s/S192303
3482	204582912	204609848	26936	/s/S192304
3483	204610048	204647139	37091	/s/S192305
3484	204647424	204659011	11587	/s/S192306
3485	204659200	204680086	20886	/s/S192307
3486	204680192	204685964	5772	/s/S192308
3487	204686336	204696822	10486	/s/S192309
3488	204697088	204721101	24013	/s/S192310
3489	204721152	204729996	8844	/s/S192311
3490	204730368	204757571	27203	/s/S192312
3491	204758016	204774318	16302	/s/S192313
3492	204774400	204786393	11993	/s/S192314
3493	204786688	204795160	8472	/s/S192315
3494	204795392	204797136	1744	/s/S192316
3495	204797440	204813681	16241	/s/S192317
3496	204813824	204847786	33962	/s/S192318
3497	204848128	204875765	27637	/s/S192319
3498	204875776	204892468	16692	/s/S192320
3499	204892672	204914916	22244	/s/S192321
3500	204915200	204930596	15396	/s/S192322
3501	204931072	204955271	24199	/s/S192323
3502	204955648	204971367	15719	/s/S192324
3503	204971520	205005403	33883	/s/S192325
3504	205005824	205017623	11799	/s/S192401
3505	205018112	205043900	25788	/s/S192402
3506	205044224	205048275	4051	/s/S192403
3507	205048320	205053179	4859	/s/S192404
3508	205053440	205069914	16474	/s/S192405
3509	205070336	205091114	20778	/s/S192406
3510	205091328	205118427	27099	/s/S192407
3511	205118464	205127334	8870	/s/S192408
3512	205127680	205152619	24939	/s/S192409
3513	205152768	205177446	24678	/s/S192501
3514	205177856	205183683	5827	/s/S192502
3515	205184000	205188395	4395	/s/S192503
3516	205188608	205213819	25211	/s/S192504
3517	205214208	205236074	21866	/s/S192505
3518	205236224	205243400	7176	/s/S192506
3519	205243904	205248112	4208	/s/S192507
3520	205248512	205259879	11367	/s/S192508
3521	205260288	205269911	9623	/s/S192509
3522	205270016	205291411	21395	/s/S192510
3523	205291520	205319212	27692	/s/S192511
3524	205319680	205333149	13469	/s/S192512
3525	205333504	205356194	22690	/s/S192513
3526	205356544	205361962	5418	/s/S192514
3527	205362176	205380002	17826	/s/S192515
3528	205380096	205388743	8647	/s/S192516
3529	205388800	205396669	7869	/s/S192517
3530	205396992	205410532	13540	/s/S192601
3531	205410816	205439853	29037	/s/S192602
3532	205440000	205476905	36905	/s/S192603
3533	205477376	205498068	20692	/s/S192604
3534	205498368	205516332	17964	/s/S192605
3535	205516800	205557431	40631	/s/S192606
3536	205557760	205602071	44311	/s/S192607
3537	205602304	205609067	6763	/s/S192608
3538	205609472	205635058	25586	/s/S192609
3539	205635072	205656095	21023	/s/S192801
3540	205656576	205679106	22530	/s/S192802
3541	205679616	205705826	26210	/s/S192803
3542	205706240	205733945	27705	/s/S192804
3543	205734400	205758444	24044	/s/S192805
3544	205758464	205780972	22508	/s/S192806
3545	205780992	205792244	11252	/s/S192807
3546	205792256	205809020	16764	/s/S192808
3547	205809152	205828070	18918	/s/S192809
3548	205828096	205848604	20508	/s/S192810
3549	205849088	205876195	27107	/s/S192811
3550	205876224	205908751	32527	/s/S192812
3551	205908992	205934119	25127	/s/S192813
3552	205934592	205955248	20656	/s/S192814
3553	205955584	205959926	4342	/s/S192815
3554	205960192	205973024	12832	/s/S192816
3555	205973504	205987368	13864	/s/S192817
3556	205987840	206006325	18485	/s/S192818
3557	206006784	206021897	15113	/s/S192819
3558	206022144	206036731	14587	/s/S192820
3559	206036992	206061482	24490	/s/S192821
3560	206061568	206085630	24062	/s/S192822
3561	206085632	206110117	24485	/s/S192823
3562	206110208	206142384	32176	/s/S192824
3563	206142464	206167645	25181	/s/S192825
3564	206168064	206179591	11527	/s/S192826
3565	206179840	206188721	8881	/s/S192827
3566	206189056	206214644	25588	/s/S192828
3567	206214656	206240019	25363	/s/S192829
3568	206240256	206256857	16601	/s/S192830
3569	206257152	206270559	13407	/s/S192831
3570	206270976	206276776	5800	/s/S192832
3571	206277120	206285753	8633	/s/S192833
3572	206285824	206292476	6652	/s/S192834
3573	206292480	206310598	18118	/s/S192835
3574	206310912	206332545	21633	/s/S192836
3575	206332928	206366572	33644	/s/S192837
3576	206366720	206374990	8270	/s/S192838
3577	206375424	206378790	3366	/s/S192839
3578	206379008	206401190	22182	/s/S192840
3579	206401536	206419572	18036	/s/S192841
3580	206419968	206454320	34352	/s/S192842
3581	206454784	206465370	10586	/s/S192843
3582	206465536	206479684	14148	/s/S192844
3583	206479872	206507094	27222	/s/S192845
3584	206507520	206547571	40051	/s/S192846
3585	206547968	206572596	24628	/s/S192847
3586	206573056	206597699	24643	/s/S192848
3587	206598144	206626181	28037	/s/S192849
3588	206626304	206648803	22499	/s/S192850
3589	206648832	206665388	16556	/s/S192851
3590	206665728	206688434	22706	/s/S192852
3591	206688768	206717615	28847	/s/S192853
3592	206717952	206724981	7029	/s/S192854
3593	206725120	206749225	24105	/s/S192855
3594	206749696	206788978	39282	/s/S192856
3595	206789120	206823194	34074	/s/S192857
3596	206823424	206843829	20405	/s/S192858
3597	206843904	206865279	21375	/s/S192859
3598	206865408	206877771	12363	/s/S192901
3599	206878208	206896356	18148	/s/S192902
3600	206896640	206922231	25591	/s/S192903
3601	206922240	206935592	13352	/s/S192904
3602	206936064	206950214	14150	/s/S192905
3603	206950400	206967333	16933	/s/S192906
3604	206967808	206998510	30702	/s/S192907
3605	206998528	207016791	18263	/s/S192908
3606	207016960	207034685	17725	/s/S192909
3607	207034880	207063200	28320	/s/S192910
3608	207063552	207092458	28906	/s/S192911
3609	207092736	207111602	18866	/s/S192912
3610	207111680	207124090	12410	/s/S192913
3611	207124480	207132467	7987	/s/S192914
3612	207132672	207171101	38429	/s/S201801
3613	207171584	207197903	26319	/s/S201802
3614	207198208	207220707	22499	/s/S201803
3615	207220736	207253765	33029	/s/S201804
3616	207254016	207278434	24418	/s/S201805
3617	207278592	207299628	21036	/s/S201806
3618	207300096	207321935	21839	/s/S201807
3619	207322112	207344197	22085	/s/S201808
3620	207344640	207375225	30585	/s/S201809
3621	207375360	207398799	23439	/s/S201810
3622	207398912	207428479	29567	/s/S201811
3623	207428608	207459010	30402	/s/S201812
3624	207459328	207474944	15616	/s/S201813
3625	207475200	207493219	18019	/s/S201814
3626	207493632	207511658	18026	/s/S201815
3627	207512064	207523351	11287	/s/S201816
3628	207523840	207530280	6440	/s/S201817
3629	207530496	207554230	23734	/s/S201818
3630	207554560	207589696	35136	/s/S201819
3631	207589888	207599136	9248	/s/S201820
3632	207599616	207637339	37723	/s/S201821
3633	207637504	207667159	29655	/s/S201822
3634	207667200	207692006	24806	/s/S201823
3635	207692288	207694128	1840	/s/S201824
3636	207694336	207745285	50949	/s/S201825
3637	207745536	207766303	20767	/s/S201826
3638	207766528	207792339	25811	/s/S201827
3639	207792640	207799571	6931	/s/S201828
3640	207799808	207824949	25141	/s/S201829
3641	207825408	207852571	27163	/s/S201830
3642	207853056	207873882	20826	/s/S201831
3643	207874048	207877645	3597	/s/S201832
3644	207878144	207901704	23560	/s/S201833
3645	207902208	207919298	17090	/s/S201834
3646	207919616	207942274	22658	/s/S201835
3647	207942656	207957709	15053	/s/S201836
3648	207958016	207966985	8969	/s/S201837
3649	207967232	207970696	3464	/s/S201838
3650	207970816	207996950	26134	/s/S201839
3651	207997440	208018591	21151	/s/S201840
3652	208018944	208051165	32221	/s/S201841
3653	208051200	208079380	28180	/s/S201901
3654	208079872	208109804	29932	/s/S201902
3655	208110080	208120357	10277	/s/S201903
3656	208120832	208124711	3879	/s/S201904
3657	208124928	208142210	17282	/s/S201905
3658	208142336	208169733	27397	/s/S201906
3659	208169984	208179311	9327	/s/S201907
3660	208179712	208196037	16325	/s/S201908
3661	208196096	208209336	13240	/s/S201909
3662	208209408	208225082	15674	/s/S201910
3663	208225280	208235104	9824	/s/S201911
3664	208235520	208248855	13335	/s/S201912
3665	208249344	208267790	18446	/s/S201913
3666	208268288	208279376	11088	/s/S201914
3667	208279552	208306957	27405	/s/S201915
3668	208307200	208320713	13513	/s/S201916
3669	208321024	208358443	37419	/s/S201917
3670	208358912	208381197	22285	/s/S201918
3671	208381440	208390678	9238	/s/S201919
3672	208391168	208413694	22526	/s/S201920
3673	208413696	208462276	48580	/s/S201921
3674	208462336	208475264	12928	/s/S201922
3675	208475648	208479122	3474	/s/S201923
3676	208479232	208485424	6192	/s/S201924
3677	208485888	208518362	32474	/s/S201925
3678	208518656	208532561	13905	/s/S201926
3679	208532992	208555467	22475	/s/S201927
3680	208555520	208566309	10789	/s/S201928
3681	208566784	208608160	41376	/s/S201929
3682	208608256	208611525	3269	/s/S201930
3683	208611840	208616108	4268	/s/S201931
3684	208616448	208639694	23246	/s/S201932
3685	208640000	208665183	25183	/s/S201933
3686	208665600	208681377	15777	/s/S201934
3687	208681472	208707071	25599	/s/S201935
3688	208707072	208739763	32691	/s/S201936
3689	208739840	208751335	11495	/s/S201937
3690	208751616	208755692	4076	/s/S201938
3691	208755712	208778966	23254	/s/S201939
3692	208779264	208801829	22565	/s/S201940
3693	208802304	208839229	36925	/s/S201941
3694	208839680	208855709	16029	/s/S201942
3695	208856064	208870155	14091	/s/S201943
3696	208870400	208899467	29067	/s/S201944
3697	208899584	208932305	32721	/s/S201945
3698	208932352	208953741	21389	/s/S201946
3699	208953856	208955884	2028	/s/S201947
3700	208955904	208982448	26544	/s/S201948
3701	208982528	209009751	27223	/s/S201949
3702	209010176	209035883	25707	/s/S201950
3703	209036288	209075305	39017	/s/S201951
3704	209075712	209098159	22447	/s/S201952
3705	209098240	209131074	32834	/s/S201953
3706	209131520	209153015	21495	/s/S201954
3707	209153024	209168444	15420	/s/S201955
3708	209168896	209206020	37124	/s/S201956
3709	209206272	209231780	25508	/s/S201957
3710	209231872	209274700	42828	/s/S201958
3711	209274880	209289490	14610	/s/S201959
3712	209289728	209295211	5483	/s/S201960
3713	209295360	209298483	3123	/s/S201961
3714	209298944	209304366	5422	/s/S201962
3715	209304576	209346277	41701	/s/S201963
3716	209346560	209365085	18525	/s/S201964
3717	209365504	209404181	38677	/s/S201965
3718	209404416	209425379	20963	/s/S201966
3719	209425408	209445692	20284	/s/S201967
3720	209445888	209449387	3499	/s/S201968
3721	209449472	209466335	16863	/s/S201969
3722	209466368	209480870	14502	/s/S201970
3723	209481216	209497901	16685	/s/S201971
3724	209498112	209516108	17996	/s/S201972
3725	209516544	209541478	24934	/s/S201973
3726	209541632	209572794	31162	/s/S202001
3727	209572864	209601866	29002	/s/S202002
3728	209602048	209622907	20859	/s/S202003
3729	209623040	209645417	22377	/s/S202004
3730	209645568	209684077	38509	/s/S202005
3731	209684480	209715495	31015	/s/S202006
3732	209715712	209752107	36395	/s/S202007
3733	209752576	209785235	32659	/s/S202008
3734	209785344	209808145	22801	/s/S202009
3735	209808384	209828899	20515	/s/S202010
3736	209829376	209846160	16784	/s/S202011
3737	209846272	209860042	13770	/s/S202012
3738	209860096	209899435	39339	/s/S202013
3739	209899520	209929341	29821	/s/S202014
3740	209929728	209968749	39021	/s/S202015
3741	209969152	209995277	26125	/s/S202016
3742	209995776	210024121	28345	/s/S202017
3743	210024448	210060294	35846	/s/S202018
3744	210060800	210079426	18626	/s/S202019
3745	210079744	210102831	23087	/s/S202020
3746	210103296	210115465	12169	/s/S202021
3747	210115584	210143779	28195	/s/S202022
3748	210144256	210174735	30479	/s/S202023
3749	210174976	210200071	25095	/s/S202024
3750	210200576	210226057	25481	/s/S202025
3751	210226176	210239008	12832	/s/S202026
3752	210239488	210257939	18451	/s/S202027
3753	210258432	210276242	17810	/s/S202028
3754	210276352	210311113	34761	/s/S202029
3755	210311168	210348487	37319	/s/S202030
3756	210348544	210373639	25095	/s/S202031
3757	210374144	210394346	20202	/s/S202032
3758	210394624	210414381	19757	/s/S202033
3759	210414592	210431725	17133	/s/S202034
3760	210432000	210456945	24945	/s/S202035
3761	210457088	210477329	20241	/s/S202036
3762	210477568	210494691	17123	/s/S202037
3763	210494976	210518417	23441	/s/S202038
3764	210518528	210534722	16194	/s/S202039
3765	210534912	210543726	8814	/s/S202040
3766	210544128	210571756	27628	/s/S202041
3767	210571776	210600525	28749	/s/S202042
3768	210600960	210626468	25508	/s/S202043
3769	210626560	210644922	18362	/s/S202044
3770	210644992	210652496	7504	/s/S202045
3771	210652672	210677964	25292	/s/S202046
3772	210678272	210696342	18070	/s/S202201
3773	210696704	210712062	15358	/s/S202301
3774	210712064	210727261	15197	/s/S202401
3775	210727424	210752912	25488	/s/S202501
3776	210753024	210773436	20412	/s/S202701
3777	210773504	210791117	17613	/s/S202702
3778	210791424	210809770	18346	/s/S202703
3779	210809856	210821078	11222	/s/S202704
3780	210821120	210830919	9799	/s/S202705
3781	210831360	210866655	35295	/s/S202706
3782	210866688	210895108	28420	/s/S202707
3783	210895360	210907482	12122	/s/S202708
3784	210907648	210929763	22115	/s/S211001
3785	210930176	210948151	17975	/s/S211002
3786	210948608	210970178	21570	/s/S211003
3787	210970624	210982126	11502	/s/S211004
3788	210982400	211004198	21798	/s/S211005
3789	211004416	211027904	23488	/s/S211006
3790	211027968	211039797	11829	/s/S211007
3791	211040256	211059364	19108	/s/S211008
3792	211059712	211068705	8993	/s/S211009
3793	211068928	211096717	27789	/s/S211010
3794	211097088	211124658	27570	/s/S211201
3795	211124736	211146988	22252	/s/S211202
3796	211147264	211181126	33862	/s/S211203
3797	211181568	211195040	13472	/s/S211204
3798	211195392	211201717	6325	/s/S211205
3799	211202048	211216269	14221	/s/S211206
3800	211216384	211239536	23152	/s/S211207
3801	211239936	211244635	4699	/s/S211208
3802	211245056	211254490	9434	/s/S211209
3803	211254784	211279958	25174	/s/S211210
3804	211280384	211288669	8285	/s/S211211
3805	211289088	211321247	32159	/s/S211212
3806	211321344	211349892	28548	/s/S211213
3807	211350016	211375607	25591	/s/S211214
3808	211375616	211388882	13266	/s/S211215
3809	211388928	211396501	7573	/s/S211216
3810	211396608	211417171	20563	/s/S211217
3811	211417600	211420946	3346	/s/S211218
3812	211421184	211423399	2215	/s/S211219
3813	211423744	211454750	31006	/s/S211220
3814	211454976	211466760	11784	/s/S211221
3815	211467264	211495637	28373	/s/S211222
3816	211495936	211519620	23684	/s/S211223
3817	211520000	211528748	8748	/s/S211224
3818	211529216	211545827	16611	/s/S211225
3819	211546112	211567273	21161	/s/S211226
3820	211567616	211586905	19289	/s/S211227
3821	211587072	211596434	9362	/s/S211228
3822	211596800	211609380	12580	/s/S211229
3823	211609600	211620650	11050	/s/S211230
3824	211620864	211652044	31180	/s/S211231
3825	211652096	211689926	37830	/s/S211232
3826	211689984	211721337	31353	/s/S211233
3827	211721728	211746264	24536	/s/S211234
3828	211746304	211756956	10652	/s/S211235
3829	211757056	211779047	21991	/s/S211236
3830	211779072	211789351	10279	/s/S211237
3831	211789824	211796135	6311	/s/S211238
3832	211796480	211807368	10888	/s/S211239
3833	211807744	211845957	38213	/s/S211240
3834	211846144	211887024	40880	/s/S211241
3835	211887104	211902335	15231	/s/S211242
3836	211902464	211922145	19681	/s/S211243
3837	211922432	211956948	34516	/s/S211244
3838	211957248	211975561	18313	/s/S211245
3839	211975680	211986972	11292	/s/S211246
3840	211987456	212022154	34698	/s/S211247
3841	212022272	212070797	48525	/s/S211248
3842	212070912	212130903	59991	/s/S211249
3843	212131328	212151054	19726	/s/S211250
3844	212151296	212167477	16181	/s/S211251
3845	212167680	212218301	50621	/s/S211252
3846	212218368	212275780	57412	/s/S211253
3847	212276224	212308359	32135	/s/S211254
3848	212308480	212316685	8205	/s/S211255
3849	212317184	212340327	23143	/s/S211256
3850	212340736	212346551	5815	/s/S211257
3851	212346880	212372076	25196	/s/S211258
3852	212372480	212421647	49167	/s/S211259
3853	212422144	212443288	21144	/s/S211260
3854	212443648	212501017	57369	/s/S211261
3855	212501504	212538500	36996	/s/S211262
3856	212538880	212569642	30762	/s/S211263
3857	212570112	212614276	44164	/s/S211264
3858	212614656	212631644	16988	/s/S211301
3859	212632064	212662408	30344	/s/S211302
3860	212662784	212677826	15042	/s/S211303
3861	212678144	212704241	26097	/s/S211304
3862	212704256	212721040	16784	/s/S211305
3863	212721152	212744706	23554	/s/S211306
3864	212745216	212774125	28909	/s/S211307
3865	212774400	212783960	9560	/s/S211308
3866	212784128	212803780	19652	/s/S211309
3867	212804096	212817426	13330	/s/S211310
3868	212817920	212831539	13619	/s/S211311
3869	212831744	212844706	12962	/s/S211312
3870	212845056	212868788	23732	/s/S211313
3871	212869120	212882098	12978	/s/S211314
3872	212882432	212891244	8812	/s/S211315
3873	212891648	212912112	20464	/s/S211316
3874	212912128	212929763	17635	/s/S211317
3875	212930048	212949909	19861	/s/S211318
3876	212950016	212957381	7365	/s/S211319
3877	212957696	212977457	19761	/s/S211320
3878	212977664	212987563	9899	/s/S211321
3879	212987904	213007292	19388	/s/S211322
3880	213007360	213013185	5825	/s/S211323
3881	213013504	213030355	16851	/s/S211324
3882	213030400	213050845	20445	/s/S211325
3883	213050880	213079082	28202	/s/S211326
3884	213079552	213103632	24080	/s/S211327
3885	213104128	213118039	13911	/s/S211328
3886	213118464	213147863	29399	/s/S211329
3887	213148160	213188085	39925	/s/S211330
3888	213188096	213208900	20804	/s/S211331
3889	213209088	213230789	21701	/s/S211332
3890	213231104	213255065	23961	/s/S211333
3891	213255168	213267874	12706	/s/S211334
3892	213267968	213284874	16906	/s/S211335
3893	213285376	213292631	7255	/s/S211336
3894	213293056	213313445	20389	/s/S211401
3895	213313536	213336238	22702	/s/S211402
3896	213336576	213363775	27199	/s/S211403
3897	213364224	213386902	22678	/s/S211404
3898	213387264	213406800	19536	/s/S211405
3899	213407232	213435888	28656	/s/S211406
3900	213435904	213464736	28832	/s/S211407
3901	213465088	213479133	14045	/s/S211408
3902	213479424	213493937	14513	/s/S211409
3903	213494272	213525304	31032	/s/S211410
3904	213525504	213549789	24285	/s/S211411
3905	213550080	213567959	17879	/s/S211601
3906	213568000	213580644	12644	/s/S211602
3907	213580800	213590019	9219	/s/S211603
3908	213590528	213601345	10817	/s/S211604
3909	213601792	213602952	1160	/s/S211605
3910	213603328	213620329	17001	/s/S211606
3911	213620736	213624373	3637	/s/S211607
3912	213624832	213647432	22600	/s/S211608
3913	213647872	213657134	9262	/s/S211609
3914	213657600	213669357	11757	/s/S211610
3915	213669376	213676863	7487	/s/S211611
3916	213677056	213694838	17782	/s/S211612
3917	213694976	213709058	14082	/s/S211613
3918	213709312	213729417	20105	/s/S211614
3919	213729792	213744505	14713	/s/S211615
3920	213744640	213760924	16284	/s/S211616
3921	213761024	213786160	25136	/s/S211617
3922	213786624	213814441	27817	/s/S211618
3923	213814784	213833174	18390	/s/S211619
3924	213833216	213851651	18435	/s/S211620
3925	213852160	213860981	8821	/s/S211621
3926	213861376	213878599	17223	/s/S211622
3927	213878784	213892782	13998	/s/S211623
3928	213893120	213899573	6453	/s/S211624
3929	213899776	213902472	2696	/s/S211625
3930	213902848	213913467	10619	/s/S211626
3931	213913600	213928859	15259	/s/S211627
3932	213928960	213935643	6683	/s/S211628
3933	213936128	213949748	13620	/s/S220901
3934	213949952	213975178	25226	/s/S220902
3935	213975552	213988628	13076	/s/S220903
3936	213988864	214017391	28527	/s/S220904
3937	214017536	214031000	13464	/s/S220905
3938	214031360	214051947	20587	/s/S220906
3939	214052352	214077272	24920	/s/S220907
3940	214077440	214090611	13171	/s/S220908
3941	214090752	214111369	20617	/s/S220909
3942	214111744	214150522	38778	/s/S220910
3943	214150656	214159236	8580	/s/S220911
3944	214159360	214183437	24077	/s/S220912
3945	214183936	214210290	26354	/s/S220913
3946	214210560	214244162	33602	/s/S220914
3947	214244352	214262913	18561	/s/S221001
3948	214263296	214303220	39924	/s/S221002
3949	214303232	214353630	50398	/s/S221003
3950	214353920	214392385	38465	/s/S221004
3951	214392832	214407519	14687	/s/S221005
3952	214407680	214429498	21818	/s/S221006
3953	214429696	214433901	4205	/s/S221007
3954	214434304	214448438	14134	/s/S221008
3955	214448640	214462334	13694	/s/S221009
3956	214462464	214478688	16224	/s/S221010
3957	214478848	214494182	15334	/s/S221011
3958	214494208	214502657	8449	/s/S221012
3959	214502912	214513162	10250	/s/S221013
3960	214513664	214535250	21586	/s/S221014
3961	214535680	214552534	16854	/s/S221015
3962	214552576	214571931	19355	/s/S221016
3963	214572032	214591992	19960	/s/S221017
3964	214592000	214599944	7944	/s/S221018
3965	214600192	214608964	8772	/s/S221019
3966	214609408	214620712	11304	/s/S221020
3967	214621184	214648325	27141	/s/S221021
3968	214648832	214675942	27110	/s/S221022
3969	214675968	214698865	22897	/s/S221023
3970	214699008	214706865	7857	/s/S221101
3971	214707200	214732890	25690	/s/S221102
3972	214733312	214778708	45396	/s/S221103
3973	214778880	214790230	11350	/s/S221201
3974	214790656	214810474	19818	/s/S221202
3975	214810624	214847788	37164	/s/S221203
3976	214848000	214869943	21943	/s/S221204
3977	214870016	214882203	12187	/s/S221301
3978	214882304	214888920	6616	/s/S221302
3979	214888960	214917961	29001	/s/S221303
3980	214918144	214952403	34259	/s/S221304
3981	214952448	214967865	15417	/s/S221401
3982	214968320	214978408	10088	/s/S221402
3983	214978560	215024364	45804	/s/S221403
3984	215024640	215052850	28210	/s/S221404
3985	215053312	215078470	25158	/s/S221501
3986	215078912	215105660	26748	/s/S221502
3987	215106048	215137458	31410	/s/S221503
3988	215137792	215151767	13975	/s/S221504
3989	215152128	215179658	27530	/s/S221505
3990	215179776	215209899	30123	/s/S221506
3991	215209984	215238876	28892	/s/S221507
3992	215239168	215262354	23186	/s/S221508
3993	215262720	215295535	32815	/s/S221509
3994	215296000	215306120	10120	/s/S221510
3995	215306240	215345385	39145	/s/S221511
3996	215345664	215378051	32387	/s/S221512
3997	215378432	215422084	43652	/s/S221513
3998	215422464	215434296	11832	/s/S221514
3999	215434752	215455276	20524	/s/S221515
4000	215455744	215474694	18950	/s/S221516
4001	215475200	215491466	16266	/s/S221517
4002	215491584	215498228	6644	/s/S221518
4003	215498240	215509915	11675	/s/S221519
4004	215510016	215511525	1509	/s/S221520
4005	215511552	215524231	12679	/s/S221521
4006	215524352	215542017	17665	/s/S221522
4007	215542272	215566779	24507	/s/S221523
4008	215566848	215571460	4612	/s/S221524
4009	215571968	215600589	28621	/s/S221525
4010	215600640	215634981	34341	/s/S221526
4011	215635456	215644563	9107	/s/S221527
4012	215644672	215666540	21868	/s/S221528
4013	215666688	215681128	14440	/s/S221529
4014	215681536	215694181	12645	/s/S221530
4015	215694336	215710643	16307	/s/S230801
4016	215710720	215726639	15919	/s/S230802
4017	215727104	215740542	13438	/s/S230803
4018	215740928	215766055	25127	/s/S230804
4019	215766528	215789901	23373	/s/S230805
4020	215790080	215805793	15713	/s/S230806
4021	215805952	215824193	18241	/s/S230807
4022	215824384	215849405	25021	/s/S230808
4023	215849472	215876526	27054	/s/S230809
4024	215876608	215906308	29700	/s/S230810
4025	215906816	215944442	37626	/s/S230811
4026	215944704	215952143	7439	/s/S230812
4027	215952384	215966261	13877	/s/S230813
4028	215966720	215989983	23263	/s/S230814
4029	215990272	216014982	24710	/s/S230815
4030	216015360	216042812	27452	/s/S230816
4031	216043008	216064340	21332	/s/S230817
4032	216064512	216089907	25395	/s/S230818
4033	216090112	216109572	19460	/s/S230819
4034	216110080	216126103	16023	/s/S230820
4035	216126464	216131481	5017	/s/S230821
4036	216131584	216136606	5022	/s/S230822
4037	216136704	216161542	24838	/s/S230823
4038	216161792	216190958	29166	/s/S230824
4039	216190976	216219548	28572	/s/S230825
4040	216219648	216238069	18421	/s/S230826
4041	216238080	216249333	11253	/s/S230827
4042	216249344	216262459	13115	/s/S230901
4043	216262656	216294263	31607	/s/S230902
4044	216294400	216320438	26038	/s/S230903
4045	216320512	216331533	11021	/s/S230904
4046	216331776	216352913	21137	/s/S231001
4047	216353280	216381032	27752	/s/S231002
4048	216381440	216409914	28474	/s/S231003
4049	216410112	216426231	16119	/s/S231004
4050	216426496	216460347	33851	/s/S231005
4051	216460800	216500855	40055	/s/S231006
4052	216501248	216513840	12592	/s/S231007
4053	216514048	216530984	16936	/s/S231008
4054	216531456	216539363	7907	/s/S231009
4055	216539648	216557967	18319	/s/S231010
4056	216558080	216567846	9766	/s/S231011
4057	216568320	216584844	16524	/s/S231101
4058	216585216	216596754	11538	/s/S231102
4059	216596992	216612706	15714	/s/S231103
4060	216612864	216625995	13131	/s/S231104
4061	216626176	216650828	24652	/s/S231105
4062	216651264	216661025	9761	/s/S231106
4063	216661504	216687904	26400	/s/S231107
4064	216688128	216705781	17653	/s/S231108
4065	216706048	216731897	25849	/s/S231109
4066	216732160	216748690	16530	/s/S231110
4067	216749056	216768365	19309	/s/S231111
4068	216768512	216780884	12372	/s/S231112
4069	216781312	216804708	23396	/s/S231113
4070	216804864	216835765	30901	/s/S231114
4071	216836096	216870058	33962	/s/S231115
4072	216870400	216879321	8921	/s/S231116
4073	216879616	216901987	22371	/s/S231117
4074	216902144	216928602	26458	/s/S231118
4075	216928768	216948249	19481	/s/S231119
4076	216948736	216959609	10873	/s/S231120
4077	216960000	216980074	20074	/s/S231121
4078	216980480	216999676	19196	/s/S231122
4079	216999936	217012406	12470	/s/S231123
4080	217012736	217015707	2971	/s/S231124
4081	217015808	217017297	1489	/s/S231125
4082	217017344	217031755	14411	/s/S231126
4083	217032192	217051144	18952	/s/S231127
4084	217051648	217068012	16364	/s/S231128
4085	217068032	217087714	19682	/s/S231129
4086	217088000	217111427	23427	/s/S231130
4087	217111552	217132786	21234	/s/S231131
4088	217133056	217144400	11344	/s/S231132
4089	217144832	217158524	13692	/s/S231133
4090	217158656	217183989	25333	/s/S231134
4091	217184256	217200648	16392	/s/S231135
4092	217201152	217218486	17334	/s/S231136
4093	217218560	217243452	24892	/s/S231137
4094	217243648	217256019	12371	/s/S231138
4095	217256448	217280853	24405	/s/S231139
4096	217281024	217297774	16750	/s/S231140
4097	217297920	217310910	12990	/s/S231141
4098	217311232	217324660	13428	/s/S231142
4099	217325056	217335917	10861	/s/S231143
4100	217336320	217357674	21354	/s/S231144
4101	217357824	217382097	24273	/s/S231145
4102	217382400	217388715	6315	/s/S231146
4103	217389056	217403465	14409	/s/S231147
4104	217403904	217416094	12190	/s/S231148
4105	217416192	217429061	12869	/s/S231149
4106	217429504	217446009	16505	/s/S231301
4107	217446400	217465659	19259	/s/S231302
4108	217465856	217476130	10274	/s/S231303
4109	217476608	217498494	21886	/s/S231304
4110	217498624	217518533	19909	/s/S231305
4111	217518592	217539838	21246	/s/S231306
4112	217540096	217564172	24076	/s/S231307
4113	217564672	217577769	13097	/s/S231308
4114	217577984	217594442	16458	/s/S231309
4115	217594880	217652048	57168	/s/S231310
4116	217652224	217677390	25166	/s/S231311
4117	217677824	217682156	4332	/s/S231312
4118	217682432	217698673	16241	/s/S231313
4119	217698816	217719186	20370	/s/S231314
4120	217719296	217746725	27429	/s/S231315
4121	217746944	217753499	6555	/s/S231316
4122	217753600	217773152	19552	/s/S231317
4123	217773568	217790623	17055	/s/S231318
4124	217790976	217810169	19193	/s/S231319
4125	217810432	217831867	21435	/s/S231320
4126	217831936	217853563	21627	/s/S231321
4127	217853952	217869400	15448	/s/S231322
4128	217869824	217887760	17936	/s/S231323
4129	217888256	217900935	12679	/s/S231324
4130	217901056	217904547	3491	/s/S231325
4131	217904640	217931027	26387	/s/S231326
4132	217931264	217954392	23128	/s/S231327
4133	217954816	217981502	26686	/s/S231328
4134	217981952	217985085	3133	/s/S231329
4135	217985536	217987382	1846	/s/S231330
4136	217987584	218007653	20069	/s/S231331
4137	218008064	218037279	29215	/s/S231332
4138	218037760	218050693	12933	/s/S231333
4139	218051072	218067549	16477	/s/S231334
4140	218067968	218086296	18328	/s/S231335
4141	218086400	218097421	11021	/s/S231336
4142	218097664	218111798	14134	/s/S231337
4143	218112000	218127784	15784	/s/S231338
4144	218127872	218140294	12422	/s/S231339
4145	218140672	218152412	11740	/s/S231340
4146	218152448	218163902	11454	/s/S231341
4147	218164224	218189988	25764	/s/S231342
4148	218190336	218220974	30638	/s/S232201
4149	218221056	218243362	22306	/s/S232202
4150	218243584	218261313	17729	/s/S232203
4151	218261504	218273772	12268	/s/S232204
4152	218273792	218299395	25603	/s/S232205
4153	218299904	218326332	26428	/s/S232206
4154	218326528	218349341	22813	/s/S232207
4155	218349568	218365383	15815	/s/S232208
4156	218365440	218389185	23745	/s/S232209
4157	218389504	218405976	16472	/s/S232210
4158	218406400	218411248	4848	/s/S232211
4159	218411520	218414446	2926	/s/S232212
4160	218414592	218417601	3009	/s/S232213
4161	218417664	218457884	40220	/s/S232214
4162	218458112	218484758	26646	/s/S232215
4163	218485248	218491590	6342	/s/S232216
4164	218491904	218501653	9749	/s/S232217
4165	218502144	218524263	22119	/s/S232218
4166	218524672	218549127	24455	/s/S232219
4167	218549248	218578960	29712	/s/S232220
4168	218579456	218586259	6803	/s/S232221
4169	218586624	218618548	31924	/s/S232222
4170	218618880	218623396	4516	/s/S232223
4171	218623488	218630961	7473	/s/S232224
4172	218631168	218666332	35164	/s/S232225
4173	218666496	218679127	12631	/s/S232226
4174	218679296	218703679	24383	/s/S232227
4175	218703872	218717268	13396	/s/S232228
4176	218717696	218725124	7428	/s/S232229
4177	218725376	218733218	7842	/s/S232230
4178	218733568	218770959	37391	/s/S232301
4179	218771456	218804118	32662	/s/S232302
4180	218804224	218813752	9528	/s/S232303
4181	218813952	218835064	21112	/s/S232304
4182	218835456	218845100	9644	/s/S232305
4183	218845184	218881856	36672	/s/S232306
4184	218882048	218926774	44726	/s/S232307
4185	218927104	218963235	36131	/s/S232308
4186	218963456	218973088	9632	/s/S232309
4187	218973184	218988008	14824	/s/S232310
4188	218988032	219017910	29878	/s/S232311
4189	219018240	219042966	24726	/s/S232312
4190	219043328	219069121	25793	/s/S232313
4191	219069440	219091817	22377	/s/S232314
4192	219091968	219108823	16855	/s/S232315
4193	219108864	219117688	8824	/s/S232316
4194	219118080	219143287	25207	/s/S232317
4195	219143680	219168712	25032	/s/S232401
4196	219168768	219198318	29550	/s/S232402
4197	219198464	219228582	30118	/s/S232403
4198	219228672	219253697	25025	/s/S232404
4199	219253760	219282143	28383	/s/S232405
4200	219282432	219300098	17666	/s/S232406
4201	219300352	219332268	31916	/s/S232407
4202	219332608	219365732	33124	/s/S232408
4203	219365888	219382124	16236	/s/S232409
4204	219382272	219409105	26833	/s/S232410
4205	219409408	219427924	18516	/s/S232411
4206	219428352	219457889	29537	/s/S232412
4207	219458048	219471934	13886	/s/S232413
4208	219472384	219506216	33832	/s/S232414
4209	219506688	219511968	5280	/s/S232415
4210	219512320	219536038	23718	/s/S232416
4211	219536384	219563813	27429	/s/S232417
4212	219564032	219589478	25446	/s/S232418
4213	219589632	219595883	6251	/s/S232419
4214	219596288	219606512	10224	/s/S232420
4215	219606528	219627935	21407	/s/S232601
4216	219628032	219672284	44252	/s/S232602
4217	219672576	219726582	54006	/s/S232603
4218	219726848	219760952	34104	/s/S240601
4219	219761152	219786414	25262	/s/S240602
4220	219786752	219809428	22676	/s/S240603
4221	219809792	219840851	31059	/s/S240604
4222	219841024	219856110	15086	/s/S240605
4223	219856384	219886850	30466	/s/S240606
4224	219887104	219910129	23025	/s/S240607
4225	219910144	219939127	28983	/s/S240608
4226	219939328	219960742	21414	/s/S240609
4227	219960832	219988209	27377	/s/S240610
4228	219988480	220016646	28166	/s/S240611
4229	220017152	220042507	25355	/s/S240612
4230	220042752	220061193	18441	/s/S240613
4231	220061696	220085210	23514	/s/S240614
4232	220085248	220088206	2958	/s/S240615
4233	220088320	220120305	31985	/s/S240616
4234	220120576	220147447	26871	/s/S240617
4235	220147712	220157247	9535	/s/S240618
4236	220157440	220183758	26318	/s/S240619
4237	220184064	220193438	9374	/s/S240620
4238	220193792	220206127	12335	/s/S240621
4239	220206592	220215505	8913	/s/S240622
4240	220215808	220233428	17620	/s/S240623
4241	220233728	220259119	25391	/s/S240624
4242	220259328	220283370	24042	/s/S240701
4243	220283392	220304231	20839	/s/S240702
4244	220304384	220328755	24371	/s/S240703
4245	220328960	220339713	10753	/s/S240704
4246	220340224	220361711	21487	/s/S240705
4247	220361728	220397801	36073	/s/S240706
4248	220398080	220421958	23878	/s/S240707
4249	220422144	220433634	11490	/s/S240708
4250	220433920	220446603	12683	/s/S240709
4251	220446720	220472036	25316	/s/S240710
4252	220472320	220496929	24609	/s/S240711
4253	220497408	220514464	17056	/s/S240712
4254	220514816	220538196	23380	/s/S240713
4255	220538368	220567083	28715	/s/S240714
4256	220567552	220584542	16990	/s/S240715
4257	220584960	220602615	17655	/s/S240716
4258	220602880	220626650	23770	/s/S240717
4259	220626944	220631336	4392	/s/S240718
4260	220631552	220662666	31114	/s/S240719
4261	220662784	220692333	29549	/s/S240720
4262	220692480	220721400	28920	/s/S240721
4263	220721664	220744880	23216	/s/S240722
4264	220745216	220774273	29057	/s/S240723
4265	220774400	220812084	37684	/s/S240724
4266	220812288	220845151	32863	/s/S240725
4267	220845568	220851316	5748	/s/S240726
4268	220851712	220856278	4566	/s/S240727
4269	220856320	220881995	25675	/s/S240728
4270	220882432	220892070	9638	/s/S240729
4271	220892160	220905766	13606	/s/S240730
4272	220905984	220914369	8385	/s/S240731
4273	220914688	220921684	6996	/s/S240732
4274	220921856	220945438	23582	/s/S240733
4275	220945920	220973457	27537	/s/S240734
4276	220973568	220993058	19490	/s/S240735
4277	220993536	221018888	25352	/s/S240736
4278	221019136	221037063	17927	/s/S240737
4279	221037568	221061438	23870	/s/S240738
4280	221061632	221083664	22032	/s/S240739
4281	221084160	221109577	25417	/s/S240740
4282	221109760	221124928	15168	/s/S240741
4283	221125120	221136716	11596	/s/S240742
4284	221136896	221163182	26286	/s/S240743
4285	221163520	221179111	15591	/s/S240744
4286	221179392	221205682	26290	/s/S240745
4287	221206016	221209809	3793	/s/S240746
4288	221210112	221223356	13244	/s/S240747
4289	221223424	221232681	9257	/s/S240748
4290	221233152	221252963	19811	/s/S240749
4291	221253120	221263072	9952	/s/S240750
4292	221263360	221284877	21517	/s/S241001
4293	221285376	221307267	21891	/s/S241002
4294	221307392	221332455	25063	/s/S241003
4295	221332480	221358688	26208	/s/S241004
4296	221359104	221387311	28207	/s/S241005
4297	221387776	221401456	13680	/s/S241006
4298	221401600	221413857	12257	/s/S241007
4299	221413888	221417891	4003	/s/S241008
4300	221417984	221439151	21167	/s/S241009
4301	221439488	221475178	35690	/s/S241010
4302	221475328	221495945	20617	/s/S241011
4303	221496320	221508970	12650	/s/S241012
4304	221509120	221525487	16367	/s/S241013
4305	221525504	221548149	22645	/s/S241014
4306	221548544	221577412	28868	/s/S241015
4307	221577728	221601897	24169	/s/S241016
4308	221602304	221610851	8547	/s/S241017
4309	221611008	221630962	19954	/s/S241018
4310	221630976	221660164	29188	/s/S241019
4311	221660672	221707032	46360	/s/S241020
4312	221707264	221741755	34491	/s/S241021
4313	221742080	221754590	12510	/s/S241022
4314	221754880	221773514	18634	/s/S241023
4315	221773824	221799110	25286	/s/S241024
4316	221799424	221820837	21413	/s/S241025
4317	221820928	221846058	25130	/s/S241026
4318	221846528	221874342	27814	/s/S241027
4319	221874688	221878853	4165	/s/S241028
4320	221879296	221885612	6316	/s/S241029
4321	221885952	221916258	30306	/s/S241030
4322	221916672	221921707	5035	/s/S241031
4323	221921792	221946707	24915	/s/S241032
4324	221946880	221967733	20853	/s/S241033
4325	221967872	221990110	22238	/s/S241034
4326	221990400	222012711	22311	/s/S241101
4327	222012928	222034498	21570	/s/S241102
4328	222034944	222062117	27173	/s/S241103
4329	222062592	222084374	21782	/s/S241104
4330	222084608	222095908	11300	/s/S241105
4331	222096384	222111277	14893	/s/S241106
4332	222111744	222132232	20488	/s/S241107
4333	222132736	222140077	7341	/s/S241108
4334	222140416	222149130	8714	/s/S241109
4335	222149632	222176345	26713	/s/S241110
4336	222176768	222190993	14225	/s/S241111
4337	222191104	222219769	28665	/s/S241112
4338	222219776	222231514	11738	/s/S241113
4339	222231552	222257539	25987	/s/S241114
4340	222257664	222282451	24787	/s/S241115
4341	222282752	222302179	19427	/s/S241116
4342	222302208	222320687	18479	/s/S241117
4343	222321152	222343764	22612	/s/S241118
4344	222344192	222371463	27271	/s/S241119
4345	222371840	222384267	12427	/s/S241120
4346	222384640	222392537	7897	/s/S241121
4347	222392832	222406797	13965	/s/S241122
4348	222407168	222437164	29996	/s/S241123
4349	222437376	222457715	20339	/s/S241124
4350	222457856	222486241	28385	/s/S241125
4351	222486528	222511308	24780	/s/S241126
4352	222511616	222536620	25004	/s/S241127
4353	222536704	222564296	27592	/s/S241128
4354	222564352	222572844	8492	/s/S241129
4355	222573056	222596551	23495	/s/S241130
4356	222596608	222618322	21714	/s/S241131
4357	222618624	222641713	23089	/s/S241132
4358	222642176	222661441	19265	/s/S241133
4359	222661632	222683317	21685	/s/S241134
4360	222683648	222710192	26544	/s/S241135
4361	222710272	222721762	11490	/s/S241201
4362	222722048	222726761	4713	/s/S241202
4363	222727168	222744258	17090	/s/S241203
4364	222744576	222754547	9971	/s/S241204
4365	222754816	222764143	9327	/s/S241205
4366	222764544	222786608	22064	/s/S241206
4367	222787072	222806657	19585	/s/S241301
4368	222807040	222816795	9755	/s/S241302
4369	222817280	222825714	8434	/s/S241303
4370	222825984	222835856	9872	/s/S241304
4371	222836224	222840477	4253	/s/S241305
4372	222840832	222868979	28147	/s/S241306
4373	222868992	222894273	25281	/s/S241307
4374	222894592	222917556	22964	/s/S241308
4375	222917632	222952764	35132	/s/S241309
4376	222952960	222972812	19852	/s/S241310
4377	222972928	222990499	17571	/s/S241311
4378	222990848	223027590	36742	/s/S241312
4379	223027712	223049998	22286	/s/S241313
4380	223050240	223083345	33105	/s/S241314
4381	223083520	223118115	34595	/s/S241315
4382	223118336	223140741	22405	/s/S241316
4383	223140864	223162533	21669	/s/S241317
4384	223162880	223186493	23613	/s/S241318
4385	223186944	223209103	22159	/s/S241319
4386	223209472	223227824	18352	/s/S241320
4387	223227904	223241527	13623	/s/S241321
4388	223241728	223271286	29558	/s/S241322
4389	223271424	223286756	15332	/s/S241323
4390	223286784	223311853	25069	/s/S241324
4391	223311872	223337933	26061	/s/S241325
4392	223337984	223341191	3207	/s/S241326
4393	223341568	223359159	17591	/s/S241327
4394	223359488	223375030	15542	/s/S241328
4395	223375360	223379605	4245	/s/S241329
4396	223379968	223413363	33395	/s/S241330
4397	223413760	223438622	24862	/s/S241331
4398	223438848	223445226	6378	/s/S241332
4399	223445504	223475315	29811	/s/S241333
4400	223475712	223482838	7126	/s/S241334
4401	223482880	223498292	15412	/s/S241335
4402	223498752	223525907	27155	/s/S241336
4403	223526400	223546060	19660	/s/S241337
4404	223546368	223564625	18257	/s/S241338
4405	223564800	223580315	15515	/s/S241339
4406	223580672	223618497	37825	/s/S241401
4407	223618560	223645125	26565	/s/S241402
4408	223645184	223651489	6305	/s/S241403
4409	223651840	223672698	20858	/s/S241404
4410	223672832	223696973	24141	/s/S241405
4411	223697408	223713611	16203	/s/S241406
4412	223713792	223718232	4440	/s/S241407
4413	223718400	223728463	10063	/s/S241408
4414	223728640	223753426	24786	/s/S241409
4415	223753728	223769579	15851	/s/S241410
4416	223769600	223776658	7058	/s/S241411
4417	223776768	223782320	5552	/s/S241412
4418	223782400	223791762	9362	/s/S241413
4419	223792128	223818992	26864	/s/S241414
4420	223819264	223851649	32385	/s/S241415
4421	223852032	223882954	30922	/s/S241416
4422	223883264	223890295	7031	/s/S241417
4423	223890432	223898857	8425	/s/S241418
4424	223899136	223928165	29029	/s/S241419
4425	223928320	223971908	43588	/s/S241420
4426	223972352	223986122	13770	/s/S241421
4427	223986176	224004164	17988	/s/S241422
4428	224004608	224009263	4655	/s/S241423
4429	224009728	224024124	14396	/s/S241424
4430	224024576	224036200	11624	/s/S241425
4431	224036352	224057085	20733	/s/S241426
4432	224057344	224063011	5667	/s/S241427
4433	224063488	224085490	22002	/s/S241428
4434	224085504	224088463	2959	/s/S241429
4435	224088576	224090764	2188	/s/S241430
4436	224091136	224131020	39884	/s/S241431
4437	224131072	224170226	39154	/s/S241432
4438	224170496	224190172	19676	/s/S241433
4439	224190464	224229793	39329	/s/S241434
4440	224229888	224240908	11020	/s/S241435
4441	224241152	224261755	20603	/s/S241436
4442	224262144	224295773	33629	/s/S241437
4443	224295936	224324245	28309	/s/S241438
4444	224324608	224366266	41658	/s/S241439
4445	224366592	224390098	23506	/s/S241440
4446	224390144	224395188	5044	/s/S241441
4447	224395264	224400176	4912	/s/S241442
4448	224400384	224419159	18775	/s/S241601
4449	224419328	224437371	18043	/s/S241602
4450	224437760	224448717	10957	/s/S241603
4451	224449024	224466822	17798	/s/S241604
4452	224466944	224476285	9341	/s/S241605
4453	224476672	224504721	28049	/s/S241606
4454	224504832	224523310	18478	/s/S241607
4455	224523776	224534676	10900	/s/S241608
4456	224535040	224549346	14306	/s/S241609
4457	224549376	224575491	26115	/s/S241610
4458	224576000	224606277	30277	/s/S241611
4459	224606720	224635467	28747	/s/S241612
4460	224635904	224660606	24702	/s/S241613
4461	224660992	224686428	25436	/s/S241614
4462	224686592	224703508	16916	/s/S241615
4463	224704000	224733010	29010	/s/S241616
4464	224733184	224755882	22698	/s/S241617
4465	224756224	224771381	15157	/s/S241618
4466	224771584	224800496	28912	/s/S241619
4467	224800768	224822705	21937	/s/S241620
4468	224822784	224831672	8888	/s/S241621
4469	224832000	224847880	15880	/s/S241622
4470	224848384	224872223	23839	/s/S241623
4471	224872448	224878261	5813	/s/S241624
4472	224878592	224899117	20525	/s/S241625
4473	224899584	224918622	19038	/s/S241626
4474	224919040	224965269	46229	/s/S241627
4475	224965632	224988612	22980	/s/S241628
4476	224988672	225015060	26388	/s/S241629
4477	225015296	225048807	33511	/s/S241630
4478	225049088	225056674	7586	/s/S241631
4479	225056768	225072425	15657	/s/S241632
4480	225072640	225107831	35191	/s/S241633
4481	225107968	225124942	16974	/s/S241634
4482	225125376	225151720	26344	/s/S241635
4483	225152000	225170581	18581	/s/S241636
4484	225170944	225213945	43001	/s/S241637
4485	225213952	225241635	27683	/s/S241801
4486	225242112	225278181	36069	/s/S241802
4487	225278464	225323107	44643	/s/S241803
4488	225323520	225350649	27129	/s/S241804
4489	225350656	225381103	30447	/s/S241805
4490	225381376	225409491	28115	/s/S241806
4491	225409536	225430170	20634	/s/S241807
4492	225430528	225479284	48756	/s/S241808
4493	225479680	225483378	3698	/s/S241809
4494	225483776	225517441	33665	/s/S241810
4495	225517568	225556501	38933	/s/S241811
4496	225556992	225580559	23567	/s/S241812
4497	225581056	225594870	13814	/s/S241813
4498	225594880	225630746	35866	/s/S241814
4499	225631232	225660932	29700	/s/S241815
4500	225661440	225687376	25936	/s/S241816
4501	225687552	225696467	8915	/s/S241817
4502	225696768	225729327	32559	/s/S241818
4503	225729536	225768323	38787	/s/S241819
4504	225768448	225810576	42128	/s/S241820
4505	225810944	225830870	19926	/s/S241821
4506	225830912	225852973	22061	/s/S241822
4507	225853440	225869931	16491	/s/S241823
4508	225870336	225872536	2200	/s/S241824
4509	225872896	225912164	39268	/s/S241825
4510	225912320	225949481	37161	/s/S241826
4511	225949696	225953991	4295	/s/S241827
4512	225954304	225987130	32826	/s/S241828
4513	225987584	226014955	27371	/s/S241829
4514	226015232	226033203	17971	/s/S241830
4515	226033664	226053162	19498	/s/S241831
4516	226053632	226065521	11889	/s/S241832
4517	226065920	226084747	18827	/s/S241833
4518	226084864	226091078	6214	/s/S241834
4519	226091520	226123588	32068	/s/S241835
4520	226123776	226146155	22379	/s/S241836
4521	226146304	226154697	8393	/s/S241837
4522	226155008	226170376	15368	/s/S241838
4523	226170880	226174772	3892	/s/S241839
4524	226174976	226198668	23692	/s/S241840
4525	226199040	226209834	10794	/s/S241841
4526	226210304	226212778	2474	/s/S241842
4527	226212864	226228562	15698	/s/S241843
4528	226228736	226248556	19820	/s/S241844
4529	226248704	226274926	26222	/s/S241845
4530	226275328	226285118	9790	/s/S241846
4531	226285568	226304355	18787	/s/S241847
4532	226304512	226327677	23165	/s/S241848
4533	226328064	226354454	26390	/s/S241849
4534	226354688	226390625	35937	/s/S241850
4535	226391040	226407915	16875	/s/S241851
4536	226407936	226424845	16909	/s/S241852
4537	226425344	226461769	36425	/s/S241853
4538	226462208	226484661	22453	/s/S241854
4539	226484736	226490969	6233	/s/S241855
4540	226491392	226515965	24573	/s/S241856
4541	226515968	226551694	35726	/s/S241857
4542	226551808	226561383	9575	/s/S241858
4543	226561536	226571866	10330	/s/S241859
4544	226572288	226599519	27231	/s/S241860
4545	226599936	226627233	27297	/s/S241861
4546	226627584	226644708	17124	/s/S241862
4547	226644992	226658728	13736	/s/S241863
4548	226658816	226673536	14720	/s/S241864
4549	226673664	226704865	31201	/s/S241865
4550	226704896	226728884	23988	/s/S241866
4551	226728960	226731294	2334	/s/S241867
4552	226731520	226747785	16265	/s/S241868
4553	226747904	226769872	21968	/s/S241869
4554	226769920	226795686	25766	/s/S241870
4555	226796032	226813947	17915	/s/S241871
4556	226813952	226837785	23833	/s/S241872
4557	226838016	226843716	5700	/s/S241873
4558	226844160	226875857	31697	/s/S241874
4559	226875904	226903786	27882	/s/S241875
4560	226904064	226920808	16744	/s/S241876
4561	226920960	226938062	17102	/s/S241877
4562	226938368	226945070	6702	/s/S241878
4563	226945536	226959086	13550	/s/S241879
4564	226959360	226985192	25832	/s/S241880
4565	226985472	227019518	34046	/s/S241881
4566	227019776	227033016	13240	/s/S241882
4567	227033088	227057700	24612	/s/S241883
4568	227058176	227073125	14949	/s/S241884
4569	227073536	227089308	15772	/s/S241885
4570	227089408	227104548	15140	/s/S241886
4571	227104768	227126930	22162	/s/S241901
4572	227127296	227153980	26684	/s/S241902
4573	227154432	227173407	18975	/s/S241903
4574	227173888	227200258	26370	/s/S241904
4575	227200512	227223790	23278	/s/S241905
4576	227224064	227243665	19601	/s/S241906
4577	227244032	227256223	12191	/s/S241907
4578	227256320	227272093	15773	/s/S241908
4579	227272192	227284903	12711	/s/S241909
4580	227284992	227292947	7955	/s/S241910
4581	227293184	227305992	12808	/s/S241911
4582	227306496	227318962	12466	/s/S241912
4583	227319296	227328592	9296	/s/S241913
4584	227329024	227340816	11792	/s/S241914
4585	227341312	227365241	23929	/s/S242001
4586	227365376	227382644	17268	/s/S242002
4587	227382784	227401183	18399	/s/S242003
4588	227401216	227420738	19522	/s/S242004
4589	227421184	227429855	8671	/s/S242005
4590	227429888	227442822	12934	/s/S242006
4591	227443200	227451226	8026	/s/S242007
4592	227451392	227471415	20023	/s/S242008
4593	227471872	227491451	19579	/s/S242009
4594	227491840	227520254	28414	/s/S242010
4595	227520512	227553692	33180	/s/S242011
4596	227553792	227566815	13023	/s/S242012
4597	227567104	227572974	5870	/s/S242013
4598	227573248	227607349	34101	/s/S242014
4599	227607552	227614963	7411	/s/S242015
4600	227615232	227617373	2141	/s/S242016
4601	227617792	227645583	27791	/s/S242017
4602	227645952	227676267	30315	/s/S242018
4603	227676672	227712278	35606	/s/S242019
4604	227712512	227733078	20566	/s/S242020
4605	227733504	227750316	16812	/s/S242021
4606	227750400	227751969	1569	/s/S242022
4607	227752448	227768820	16372	/s/S242023
4608	227768832	227771059	2227	/s/SE_FCS_046_1.ahx
4609	227771392	227773300	1908	/s/SE_FCS_052_1.ahx
4610	227773440	227796646	23206	/s/SE_FCS_151_1.ahx
4611	227796992	227829147	32155	/s/SE_FCS_151_2.ahx
4612	227829248	227854776	25528	/s/SE_FCS_166_1.ahx
4613	227854848	227880405	25557	/s/SE_FCS_166_2.ahx
4614	227880448	227904177	23729	/s/SE_FCS_166_3.ahx
4615	228169728	249316288	21146560	/s/sound_data.sdat
4616	249316352	249321592	5240	/s/vbp_pack.wpd
4617	227904512	227904532	20	/s/lvd/C0101.lvd
4618	227905024	227905048	24	/s/lvd/C0102.lvd
4619	227905536	227905556	20	/s/lvd/C0103.lvd
4620	227906048	227906080	32	/s/lvd/C0104.lvd
4621	227906560	227906588	28	/s/lvd/C0201.lvd
4622	227907072	227907116	44	/s/lvd/C0202.lvd
4623	227907584	227907608	24	/s/lvd/C0204.lvd
4624	227908096	227908120	24	/s/lvd/C0205.lvd
4625	227908608	227908628	20	/s/lvd/C0301.lvd
4626	227909120	227909144	24	/s/lvd/C0302.lvd
4627	227909632	227909656	24	/s/lvd/C0303.lvd
4628	227910144	227910176	32	/s/lvd/C0304.lvd
4629	227910656	227910672	16	/s/lvd/C0401.lvd
4630	227911168	227911180	12	/s/lvd/C0402.lvd
4631	227911680	227911708	28	/s/lvd/C0403.lvd
4632	227912192	227912212	20	/s/lvd/C0404.lvd
4633	227912704	227912724	20	/s/lvd/C0405.lvd
4634	227913216	227913244	28	/s/lvd/C0501.lvd
4635	227913728	227913744	16	/s/lvd/C0502.lvd
4636	227914240	227914268	28	/s/lvd/C0503.lvd
4637	227914752	227914776	24	/s/lvd/C0504.lvd
4638	227915264	227915288	24	/s/lvd/C0601.lvd
4639	227915776	227915800	24	/s/lvd/C0602.lvd
4640	227916288	227916304	16	/s/lvd/C0603.lvd
4641	227916800	227916820	20	/s/lvd/C0604.lvd
4642	227917312	227917328	16	/s/lvd/C0605.lvd
4643	227917824	227917848	24	/s/lvd/C0606.lvd
4644	227918336	227918352	16	/s/lvd/C0701.lvd
4645	227918848	227918888	40	/s/lvd/C0702.lvd
4646	227919360	227919380	20	/s/lvd/C0704.lvd
4647	227919872	227919896	24	/s/lvd/C0705.lvd
4648	227920384	227920396	12	/s/lvd/C0801.lvd
4649	227920896	227920904	8	/s/lvd/C0802.lvd
4650	227921408	227921420	12	/s/lvd/C0803.lvd
4651	227921920	227921956	36	/s/lvd/C0804.lvd
4652	227922432	227922444	12	/s/lvd/C0806.lvd
4653	227922944	227922972	28	/s/lvd/C0901.lvd
4654	227923456	227923484	28	/s/lvd/C0902.lvd
4655	227923968	227924008	40	/s/lvd/C0903.lvd
4656	227924480	227924504	24	/s/lvd/C0904.lvd
4657	227924992	227925020	28	/s/lvd/C0905.lvd
4658	227925504	227925528	24	/s/lvd/C0906.lvd
4659	227926016	227926032	16	/s/lvd/C0907.lvd
4660	227926528	227926552	24	/s/lvd/C0908.lvd
4661	227927040	227927056	16	/s/lvd/C1001.lvd
4662	227927552	227927584	32	/s/lvd/C1002.lvd
4663	227928064	227928084	20	/s/lvd/C1003.lvd
4664	227928576	227928596	20	/s/lvd/C1004.lvd
4665	227929088	227929112	24	/s/lvd/C1005.lvd
4666	227929600	227929620	20	/s/lvd/C1101.lvd
4667	227930112	227930120	8	/s/lvd/C1102.lvd
4668	227930624	227930644	20	/s/lvd/C1103.lvd
4669	227931136	227931164	28	/s/lvd/C1104.lvd
4670	227931648	227931680	32	/s/lvd/C1105.lvd
4671	227932160	227932172	12	/s/lvd/C1106.lvd
4672	227932672	227932704	32	/s/lvd/C1107.lvd
4673	227933184	227933200	16	/s/lvd/C1201.lvd
4674	227933696	227933712	16	/s/lvd/C1202.lvd
4675	227934208	227934224	16	/s/lvd/C1203.lvd
4676	227934720	227934740	20	/s/lvd/C1204.lvd
4677	227935232	227935256	24	/s/lvd/C1205.lvd
4678	227935744	227935756	12	/s/lvd/C1206.lvd
4679	227936256	227936284	28	/s/lvd/C1207.lvd
4680	227936768	227936796	28	/s/lvd/C1208.lvd
4681	227937280	227937308	28	/s/lvd/C1209.lvd
4682	227937792	227937812	20	/s/lvd/C1301.lvd
4683	227938304	227938312	8	/s/lvd/C1302.lvd
4684	227938816	227938852	36	/s/lvd/C1303.lvd
4685	227939328	227939356	28	/s/lvd/C1304.lvd
4686	227939840	227939856	16	/s/lvd/C1305.lvd
4687	227940352	227940380	28	/s/lvd/C1306.lvd
4688	227940864	227940900	36	/s/lvd/C1401.lvd
4689	227941376	227941400	24	/s/lvd/C1402.lvd
4690	227941888	227941904	16	/s/lvd/C1403.lvd
4691	227942400	227942428	28	/s/lvd/C1403b.lvd
4692	227942912	227942920	8	/s/lvd/C1404.lvd
4693	227943424	227943444	20	/s/lvd/C1405.lvd
4694	227943936	227943948	12	/s/lvd/C1406.lvd
4695	227944448	227944472	24	/s/lvd/C1407.lvd
4696	227944960	227944972	12	/s/lvd/C1408.lvd
4697	227945472	227945488	16	/s/lvd/C1501.lvd
4698	227945984	227946004	20	/s/lvd/C1502.lvd
4699	227946496	227946524	28	/s/lvd/C1503.lvd
4700	227947008	227947036	28	/s/lvd/C1504.lvd
4701	227947520	227947556	36	/s/lvd/C1505.lvd
4702	227948032	227948052	20	/s/lvd/C1506.lvd
4703	227948544	227948572	28	/s/lvd/C1507.lvd
4704	227949056	227949076	20	/s/lvd/C1601.lvd
4705	227949568	227949596	28	/s/lvd/C1602.lvd
4706	227950080	227950100	20	/s/lvd/C1603.lvd
4707	227950592	227950624	32	/s/lvd/C1604.lvd
4708	227951104	227951112	8	/s/lvd/C1605.lvd
4709	227951616	227951648	32	/s/lvd/C1701.lvd
4710	227952128	227952152	24	/s/lvd/C1702.lvd
4711	227952640	227952664	24	/s/lvd/C1703.lvd
4712	227953152	227953168	16	/s/lvd/C1704.lvd
4713	227953664	227953688	24	/s/lvd/C1705.lvd
4714	227954176	227954188	12	/s/lvd/C1706.lvd
4715	227954688	227954712	24	/s/lvd/C1707.lvd
4716	227955200	227955212	12	/s/lvd/C1708.lvd
4717	227955712	227955732	20	/s/lvd/C1709.lvd
4718	227956224	227956240	16	/s/lvd/C1801.lvd
4719	227956736	227956748	12	/s/lvd/C1802.lvd
4720	227957248	227957276	28	/s/lvd/C1803.lvd
4721	227957760	227957768	8	/s/lvd/C1804.lvd
4722	227958272	227958296	24	/s/lvd/C1901.lvd
4723	227958784	227958808	24	/s/lvd/C1902.lvd
4724	227959296	227959324	28	/s/lvd/C1903.lvd
4725	227959808	227959840	32	/s/lvd/C1904.lvd
4726	227960320	227960340	20	/s/lvd/C1905.lvd
4727	227960832	227960856	24	/s/lvd/C1906.lvd
4728	227961344	227961392	48	/s/lvd/C2001.lvd
4729	227961856	227961864	8	/s/lvd/C2002.lvd
4730	227962368	227962392	24	/s/lvd/C2003.lvd
4731	227962880	227962900	20	/s/lvd/C2004.lvd
4732	227963392	227963412	20	/s/lvd/C2005.lvd
4733	227963904	227963944	40	/s/lvd/C2006.lvd
4734	227964416	227964432	16	/s/lvd/C2101.lvd
4735	227964928	227964960	32	/s/lvd/C2102.lvd
4736	227965440	227965468	28	/s/lvd/C2103.lvd
4737	227965952	227965996	44	/s/lvd/C2104.lvd
4738	227966464	227966500	36	/s/lvd/C2105.lvd
4739	227966976	227967004	28	/s/lvd/C2106.lvd
4740	227967488	227967512	24	/s/lvd/C2107.lvd
4741	227968000	227968024	24	/s/lvd/C2201.lvd
4742	227968512	227968532	20	/s/lvd/C2202.lvd
4743	227969024	227969048	24	/s/lvd/C2203.lvd
4744	227969536	227969560	24	/s/lvd/C2204.lvd
4745	227970048	227970068	20	/s/lvd/C2205.lvd
4746	227970560	227970584	24	/s/lvd/C2206.lvd
4747	227971072	227971096	24	/s/lvd/C2207.lvd
4748	227971584	227971616	32	/s/lvd/C2301.lvd
4749	227972096	227972120	24	/s/lvd/C2303.lvd
4750	227972608	227972616	8	/s/lvd/C2304.lvd
4751	227973120	227973144	24	/s/lvd/C2305.lvd
4752	227973632	227973660	28	/s/lvd/C2306.lvd
4753	227974144	227974164	20	/s/lvd/C2307.lvd
4754	227974656	227974680	24	/s/lvd/C2401.lvd
4755	227975168	227975192	24	/s/lvd/C2402.lvd
4756	227975680	227975704	24	/s/lvd/C2403.lvd
4757	227976192	227976212	20	/s/lvd/C2404.lvd
4758	227976704	227976716	12	/s/lvd/C2405.lvd
4759	227977216	227977244	28	/s/lvd/C2405b.lvd
4760	227977728	227977752	24	/s/lvd/C2406.lvd
4761	227978240	227978256	16	/s/lvd/C2407.lvd
4762	227978752	227978776	24	/s/lvd/C2501.lvd
4763	227979264	227979296	32	/s/lvd/C2502.lvd
4764	227979776	227979792	16	/s/lvd/C2503.lvd
4765	227980288	227980316	28	/s/lvd/C2504.lvd
4766	227980800	227980824	24	/s/lvd/C2505.lvd
4767	227981312	227981336	24	/s/lvd/C2601.lvd
4768	227981824	227981852	28	/s/lvd/C2602.lvd
4769	227982336	227982360	24	/s/lvd/C2603.lvd
4770	227982848	227982884	36	/s/lvd/C2604.lvd
4771	227983360	227983380	20	/s/lvd/C2605.lvd
4772	227983872	227983908	36	/s/lvd/C2701.lvd
4773	227984384	227984420	36	/s/lvd/C2702.lvd
4774	227984896	227984932	36	/s/lvd/C2703.lvd
4775	227985408	227985436	28	/s/lvd/C2704.lvd
4776	227985920	227985944	24	/s/lvd/C2705.lvd
4777	227986432	227986460	28	/s/lvd/C2801.lvd
4778	227986944	227986968	24	/s/lvd/C2802.lvd
4779	227987456	227987484	28	/s/lvd/C2803.lvd
4780	227987968	227987988	20	/s/lvd/C2804.lvd
4781	227988480	227988508	28	/s/lvd/C2805.lvd
4782	227988992	227989032	40	/s/lvd/C2806.lvd
4783	227989504	227989516	12	/s/lvd/C2807.lvd
4784	227990016	227990036	20	/s/lvd/C2901.lvd
4785	227990528	227990540	12	/s/lvd/C2902.lvd
4786	227991040	227991124	84	/s/lvd/C2903.lvd
4787	227991552	227991576	24	/s/lvd/C3001.lvd
4788	227992064	227992076	12	/s/lvd/C3002.lvd
4789	227992576	227992600	24	/s/lvd/C3003.lvd
4790	227993088	227993120	32	/s/lvd/C3004.lvd
4791	227993600	227993620	20	/s/lvd/C3005.lvd
4792	227994112	227994136	24	/s/lvd/C3006.lvd
4793	227994624	227994644	20	/s/lvd/C3101.lvd
4794	227995136	227995164	28	/s/lvd/C3102.lvd
4795	227995648	227995684	36	/s/lvd/C3103.lvd
4796	227996160	227996196	36	/s/lvd/C3104.lvd
4797	227996672	227996696	24	/s/lvd/C3105.lvd
4798	227997184	227997212	28	/s/lvd/C3106.lvd
4799	227997696	227997724	28	/s/lvd/C3107.lvd
4800	227998208	227998232	24	/s/lvd/C3108.lvd
4801	227998720	227998744	24	/s/lvd/C3201.lvd
4802	227999232	227999256	24	/s/lvd/C3202.lvd
4803	227999744	227999756	12	/s/lvd/C3203.lvd
4804	228000256	228000268	12	/s/lvd/C3204.lvd
4805	228000768	228000792	24	/s/lvd/C3205.lvd
4806	228001280	228001300	20	/s/lvd/C3301.lvd
4807	228001792	228001820	28	/s/lvd/C3302.lvd
4808	228002304	228002320	16	/s/lvd/C3303.lvd
4809	228002816	228002836	20	/s/lvd/C3304.lvd
4810	228003328	228003356	28	/s/lvd/C3305.lvd
4811	228003840	228003856	16	/s/lvd/C3401.lvd
4812	228004352	228004376	24	/s/lvd/C3402.lvd
4813	228004864	228004880	16	/s/lvd/C3403.lvd
4814	228005376	228005400	24	/s/lvd/C3404.lvd
4815	228005888	228005916	28	/s/lvd/C3405.lvd
4816	228006400	228006424	24	/s/lvd/C3406.lvd
4817	228006912	228006932	20	/s/lvd/C3407.lvd
4818	228007424	228007448	24	/s/lvd/C3408.lvd
4819	228007936	228007956	20	/s/lvd/C3501.lvd
4820	228008448	228008464	16	/s/lvd/C3502.lvd
4821	228008960	228009012	52	/s/lvd/C3503.lvd
4822	228009472	228009484	12	/s/lvd/C3505.lvd
4823	228009984	228010012	28	/s/lvd/C3506.lvd
4824	228010496	228010520	24	/s/lvd/C3507.lvd
4825	228011008	228011048	40	/s/lvd/C3601.lvd
4826	228011520	228011540	20	/s/lvd/C3603.lvd
4827	228012032	228012060	28	/s/lvd/C3604.lvd
4828	228012544	228012572	28	/s/lvd/C3605.lvd
4829	228013056	228013080	24	/s/lvd/C3701.lvd
4830	228013568	228013596	28	/s/lvd/C3702.lvd
4831	228014080	228014116	36	/s/lvd/C3703.lvd
4832	228014592	228014612	20	/s/lvd/C3704.lvd
4833	228015104	228015116	12	/s/lvd/C3705.lvd
4834	228015616	228015640	24	/s/lvd/C3706.lvd
4835	228016128	228016160	32	/s/lvd/C3801.lvd
4836	228016640	228016660	20	/s/lvd/C3802.lvd
4837	228017152	228017172	20	/s/lvd/C3803.lvd
4838	228017664	228017696	32	/s/lvd/C3804.lvd
4839	228018176	228018200	24	/s/lvd/C3901.lvd
4840	228018688	228018708	20	/s/lvd/C3902.lvd
4841	228019200	228019224	24	/s/lvd/C3903.lvd
4842	228019712	228019736	24	/s/lvd/C3904.lvd
4843	228020224	228020244	20	/s/lvd/C3905.lvd
4844	228020736	228020752	16	/s/lvd/C3906.lvd
4845	228021248	228021276	28	/s/lvd/C4001.lvd
4846	228021760	228021776	16	/s/lvd/C4002.lvd
4847	228022272	228022292	20	/s/lvd/C4003.lvd
4848	228022784	228022800	16	/s/lvd/C4004.lvd
4849	228023296	228023312	16	/s/lvd/C4005.lvd
4850	228023808	228023828	20	/s/lvd/C4006.lvd
4851	228024320	228024344	24	/s/lvd/C4101.lvd
4852	228024832	228024848	16	/s/lvd/C4102.lvd
4853	228025344	228025368	24	/s/lvd/C4103.lvd
4854	228025856	228025880	24	/s/lvd/C4104.lvd
4855	228026368	228026384	16	/s/lvd/C4105.lvd
4856	228026880	228026920	40	/s/lvd/C4106.lvd
4857	228027392	228027412	20	/s/lvd/C4201.lvd
4858	228027904	228027924	20	/s/lvd/C4202.lvd
4859	228028416	228028432	16	/s/lvd/C4203.lvd
4860	228028928	228028952	24	/s/lvd/C4204.lvd
4861	228029440	228029452	12	/s/lvd/C4205.lvd
4862	228029952	228029972	20	/s/lvd/C4206.lvd
4863	228030464	228030492	28	/s/lvd/C4207.lvd
4864	228030976	228030996	20	/s/lvd/C4208.lvd
4865	228031488	228031516	28	/s/lvd/C4301.lvd
4866	228032000	228032032	32	/s/lvd/C4302.lvd
4867	228032512	228032536	24	/s/lvd/C4303.lvd
4868	228033024	228033048	24	/s/lvd/C4304.lvd
4869	228033536	228033564	28	/s/lvd/C4305.lvd
4870	228034048	228034072	24	/s/lvd/C4306.lvd
4871	228034560	228034584	24	/s/lvd/C4401.lvd
4872	228035072	228035096	24	/s/lvd/C4402.lvd
4873	228035584	228035616	32	/s/lvd/C4403.lvd
4874	228036096	228036112	16	/s/lvd/C4404.lvd
4875	228036608	228036644	36	/s/lvd/C4405.lvd
4876	228037120	228037140	20	/s/lvd/C4406.lvd
4877	228037632	228037656	24	/s/lvd/C4407.lvd
4878	228038144	228038172	28	/s/lvd/C4408.lvd
4879	228038656	228038676	20	/s/lvd/C4501.lvd
4880	228039168	228039196	28	/s/lvd/C4502.lvd
4881	228039680	228039708	28	/s/lvd/C4503.lvd
4882	228040192	228040220	28	/s/lvd/C4504.lvd
4883	228040704	228040736	32	/s/lvd/C4505.lvd
4884	228041216	228041236	20	/s/lvd/C4601.lvd
4885	228041728	228041752	24	/s/lvd/C4602.lvd
4886	228042240	228042260	20	/s/lvd/C4603.lvd
4887	228042752	228042768	16	/s/lvd/C4604.lvd
4888	228043264	228043276	12	/s/lvd/C4605.lvd
4889	228043776	228043800	24	/s/lvd/C4606.lvd
4890	228044288	228044316	28	/s/lvd/C4607.lvd
4891	228044800	228044828	28	/s/lvd/C4608.lvd
4892	228045312	228045340	28	/s/lvd/C4609.lvd
4893	228045824	228045848	24	/s/lvd/C4610.lvd
4894	228046336	228046364	28	/s/lvd/C4611.lvd
4895	228046848	228046880	32	/s/lvd/C4612.lvd
4896	228047360	228047384	24	/s/lvd/C4613.lvd
4897	228047872	228047892	20	/s/lvd/C4701.lvd
4898	228048384	228048400	16	/s/lvd/C4702.lvd
4899	228048896	228048912	16	/s/lvd/C4703.lvd
4900	228049408	228049440	32	/s/lvd/C4704.lvd
4901	228049920	228049940	20	/s/lvd/C4705.lvd
4902	228050432	228050448	16	/s/lvd/C4706.lvd
4903	228050944	228050960	16	/s/lvd/C4707.lvd
4904	228051456	228051472	16	/s/lvd/C4708.lvd
4905	228051968	228051988	20	/s/lvd/C4709.lvd
4906	228052480	228052508	28	/s/lvd/C4801.lvd
4907	228052992	228053028	36	/s/lvd/C4802.lvd
4908	228053504	228053532	28	/s/lvd/C4803.lvd
4909	228054016	228054048	32	/s/lvd/C4804.lvd
4910	228054528	228054552	24	/s/lvd/C4805.lvd
4911	228055040	228055060	20	/s/lvd/C4806.lvd
4912	228055552	228055572	20	/s/lvd/C4807.lvd
4913	228056064	228056084	20	/s/lvd/C4901.lvd
4914	228056576	228056596	20	/s/lvd/C4902.lvd
4915	228057088	228057104	16	/s/lvd/C4903.lvd
4916	228057600	228057624	24	/s/lvd/C4904.lvd
4917	228058112	228058132	20	/s/lvd/C4905.lvd
4918	228058624	228058672	48	/s/lvd/C4906.lvd
4919	228059136	228059164	28	/s/lvd/C4907.lvd
4920	228059648	228059672	24	/s/lvd/C5001.lvd
4921	228060160	228060184	24	/s/lvd/C5002.lvd
4922	228060672	228060700	28	/s/lvd/C5003.lvd
4923	228061184	228061208	24	/s/lvd/C5004.lvd
4924	228061696	228061724	28	/s/lvd/C5005.lvd
4925	228062208	228062232	24	/s/lvd/C5006.lvd
4926	228062720	228062740	20	/s/lvd/C5007.lvd
4927	228063232	228063248	16	/s/lvd/C5008.lvd
4928	228063744	228063764	20	/s/lvd/C5009.lvd
4929	228064256	228064284	28	/s/lvd/C5101.lvd
4930	228064768	228064792	24	/s/lvd/C5102.lvd
4931	228065280	228065304	24	/s/lvd/C5103.lvd
4932	228065792	228065824	32	/s/lvd/C5104.lvd
4933	228066304	228066328	24	/s/lvd/C5105.lvd
4934	228066816	228066848	32	/s/lvd/C5201.lvd
4935	228067328	228067360	32	/s/lvd/C5202.lvd
4936	228067840	228067880	40	/s/lvd/C5203.lvd
4937	228068352	228068376	24	/s/lvd/C5204.lvd
4938	228068864	228068888	24	/s/lvd/C5205.lvd
4939	228069376	228069404	28	/s/lvd/C5301.lvd
4940	228069888	228069912	24	/s/lvd/C5302.lvd
4941	228070400	228070424	24	/s/lvd/C5303.lvd
4942	228070912	228070932	20	/s/lvd/C5304.lvd
4943	228071424	228071460	36	/s/lvd/C5305.lvd
4944	228071936	228071964	28	/s/lvd/C5306.lvd
4945	228072448	228072476	28	/s/lvd/C5307.lvd
4946	228072960	228072988	28	/s/lvd/C5401.lvd
4947	228073472	228073492	20	/s/lvd/C5402.lvd
4948	228073984	228074020	36	/s/lvd/C5403.lvd
4949	228074496	228074512	16	/s/lvd/C5404.lvd
4950	228075008	228075036	28	/s/lvd/C5405.lvd
4951	228075520	228075544	24	/s/lvd/C5406.lvd
4952	228076032	228076056	24	/s/lvd/C5407.lvd
4953	228076544	228076572	28	/s/lvd/C5501.lvd
4954	228077056	228077072	16	/s/lvd/C5502.lvd
4955	228077568	228077604	36	/s/lvd/C5503.lvd
4956	228078080	228078088	8	/s/lvd/C5504.lvd
4957	228078592	228078616	24	/s/lvd/C5505.lvd
4958	228079104	228079116	12	/s/lvd/C5506.lvd
4959	228079616	228079656	40	/s/lvd/C5601.lvd
4960	228080128	228080148	20	/s/lvd/C5602.lvd
4961	228080640	228080676	36	/s/lvd/C5603.lvd
4962	228081152	228081164	12	/s/lvd/C5604.lvd
4963	228081664	228081692	28	/s/lvd/C5605.lvd
4964	228082176	228082188	12	/s/lvd/C5606.lvd
4965	228082688	228082708	20	/s/lvd/C5606b.lvd
4966	228083200	228083212	12	/s/lvd/C5701.lvd
4967	228083712	228083732	20	/s/lvd/C5702.lvd
4968	228084224	228084248	24	/s/lvd/C5703.lvd
4969	228084736	228084764	28	/s/lvd/C5704.lvd
4970	228085248	228085284	36	/s/lvd/C5705.lvd
4971	228085760	228085784	24	/s/lvd/C5706.lvd
4972	228086272	228086296	24	/s/lvd/C5801.lvd
4973	228086784	228086808	24	/s/lvd/C5802.lvd
4974	228087296	228087304	8	/s/lvd/C5803.lvd
4975	228087808	228087824	16	/s/lvd/C5804.lvd
4976	228088320	228088336	16	/s/lvd/C5805.lvd
4977	228088832	228088844	12	/s/lvd/C5806.lvd
4978	228089344	228089356	12	/s/lvd/C5807.lvd
4979	228089856	228089876	20	/s/lvd/C5901.lvd
4980	228090368	228090388	20	/s/lvd/C5902.lvd
4981	228090880	228090900	20	/s/lvd/C5903.lvd
4982	228091392	228091416	24	/s/lvd/C5904.lvd
4983	228091904	228091924	20	/s/lvd/C6001.lvd
4984	228092416	228092444	28	/s/lvd/C6002.lvd
4985	228092928	228092952	24	/s/lvd/C6003.lvd
4986	228093440	228093460	20	/s/lvd/C6004.lvd
4987	228093952	228093980	28	/s/lvd/C6005.lvd
4988	228094464	228094484	20	/s/lvd/C6006.lvd
4989	228094976	228094996	20	/s/lvd/C6007.lvd
4990	228095488	228095512	24	/s/lvd/C6008.lvd
4991	228096000	228096020	20	/s/lvd/C6009.lvd
4992	228096512	228096536	24	/s/lvd/C6010.lvd
4993	228097024	228097040	16	/s/lvd/C6011.lvd
4994	228097536	228097548	12	/s/lvd/C6012.lvd
4995	228098048	228098060	12	/s/lvd/C6013.lvd
4996	228098560	228098576	16	/s/lvd/C6101.lvd
4997	228099072	228099092	20	/s/lvd/C6102.lvd
4998	228099584	228099608	24	/s/lvd/C6103.lvd
4999	228100096	228100108	12	/s/lvd/C6104.lvd
5000	228100608	228100628	20	/s/lvd/C6105.lvd
5001	228101120	228101144	24	/s/lvd/C6106.lvd
5002	228101632	228101652	20	/s/lvd/C6107.lvd
5003	228102144	228102160	16	/s/lvd/C6201.lvd
5004	228102656	228102668	12	/s/lvd/C6202.lvd
5005	228103168	228103188	20	/s/lvd/C6203.lvd
5006	228103680	228103700	20	/s/lvd/C6204.lvd
5007	228104192	228104208	16	/s/lvd/C6205.lvd
5008	228104704	228104728	24	/s/lvd/C6301.lvd
5009	228105216	228105236	20	/s/lvd/C6302.lvd
5010	228105728	228105756	28	/s/lvd/C6303.lvd
5011	228106240	228106248	8	/s/lvd/C6304.lvd
5012	228106752	228106768	16	/s/lvd/C6305.lvd
5013	228107264	228107284	20	/s/lvd/C6401.lvd
5014	228107776	228107800	24	/s/lvd/C6402.lvd
5015	228108288	228108324	36	/s/lvd/C6403.lvd
5016	228108800	228108816	16	/s/lvd/C6404.lvd
5017	228109312	228109332	20	/s/lvd/C6405.lvd
5018	228109824	228109844	20	/s/lvd/C6406.lvd
5019	228110336	228110352	16	/s/lvd/C6501.lvd
5020	228110848	228110880	32	/s/lvd/C6502.lvd
5021	228111360	228111380	20	/s/lvd/C6503.lvd
5022	228111872	228111900	28	/s/lvd/C6504.lvd
5023	228112384	228112392	8	/s/lvd/C6505.lvd
5024	228112896	228112920	24	/s/lvd/C6601.lvd
5025	228113408	228113432	24	/s/lvd/C6602.lvd
5026	228113920	228113940	20	/s/lvd/C6603.lvd
5027	228114432	228114448	16	/s/lvd/C6604.lvd
5028	228114944	228114968	24	/s/lvd/C6605.lvd
5029	228115456	228115476	20	/s/lvd/C6606.lvd
5030	228115968	228115992	24	/s/lvd/C6607.lvd
5031	228116480	228116488	8	/s/lvd/C6608.lvd
5032	228116992	228117004	12	/s/lvd/C6701.lvd
5033	228117504	228117520	16	/s/lvd/C6702.lvd
5034	228118016	228118032	16	/s/lvd/C6703.lvd
5035	228118528	228118544	16	/s/lvd/C6704.lvd
5036	228119040	228119060	20	/s/lvd/C6705.lvd
5037	228119552	228119560	8	/s/lvd/C6706.lvd
5038	228120064	228120088	24	/s/lvd/C6707.lvd
5039	228120576	228120596	20	/s/lvd/C6801.lvd
5040	228121088	228121116	28	/s/lvd/C6802.lvd
5041	228121600	228121624	24	/s/lvd/C6803.lvd
5042	228122112	228122136	24	/s/lvd/C6804.lvd
5043	228122624	228122652	28	/s/lvd/C6805.lvd
5044	228123136	228123172	36	/s/lvd/C6806.lvd
5045	228123648	228123684	36	/s/lvd/C6807.lvd
5046	228124160	228124188	28	/s/lvd/C6808.lvd
5047	228124672	228124696	24	/s/lvd/C6901.lvd
5048	228125184	228125208	24	/s/lvd/C6902.lvd
5049	228125696	228125724	28	/s/lvd/C6903.lvd
5050	228126208	228126232	24	/s/lvd/C6904.lvd
5051	228126720	228126744	24	/s/lvd/C6905.lvd
5052	228127232	228127260	28	/s/lvd/C7001.lvd
5053	228127744	228127764	20	/s/lvd/C7002.lvd
5054	228128256	228128284	28	/s/lvd/C7003.lvd
5055	228128768	228128796	28	/s/lvd/C7004.lvd
5056	228129280	228129312	32	/s/lvd/C7005.lvd
5057	228129792	228129828	36	/s/lvd/C7006.lvd
5058	228130304	228130320	16	/s/lvd/C7101.lvd
5059	228130816	228130840	24	/s/lvd/C7102.lvd
5060	228131328	228131352	24	/s/lvd/C7103.lvd
5061	228131840	228131872	32	/s/lvd/C7104.lvd
5062	228132352	228132376	24	/s/lvd/C7105.lvd
5063	228132864	228132892	28	/s/lvd/C7106.lvd
5064	228133376	228133396	20	/s/lvd/C7107.lvd
5065	228133888	228133920	32	/s/lvd/C7108.lvd
5066	228134400	228134420	20	/s/lvd/C7201.lvd
5067	228134912	228134940	28	/s/lvd/C7202.lvd
5068	228135424	228135444	20	/s/lvd/C7203.lvd
5069	228135936	228135956	20	/s/lvd/C7204.lvd
5070	228136448	228136468	20	/s/lvd/C7205.lvd
5071	228136960	228136984	24	/s/lvd/C7206.lvd
5072	228137472	228137492	20	/s/lvd/C7207.lvd
5073	228137984	228138012	28	/s/lvd/C7208.lvd
5074	228138496	228138512	16	/s/lvd/C7209.lvd
5075	228139008	228139036	28	/s/lvd/C7210.lvd
5076	228139520	228139544	24	/s/lvd/C7301.lvd
5077	228140032	228140044	12	/s/lvd/C7302.lvd
5078	228140544	228140556	12	/s/lvd/C7303.lvd
5079	228141056	228141080	24	/s/lvd/C7304.lvd
5080	228141568	228141592	24	/s/lvd/C7305.lvd
5081	228142080	228142104	24	/s/lvd/C7306.lvd
5082	228142592	228142604	12	/s/lvd/C7307.lvd
5083	228143104	228143120	16	/s/lvd/C7308.lvd
5084	228143616	228143644	28	/s/lvd/C7309.lvd
5085	228144128	228144144	16	/s/lvd/C7310.lvd
5086	228144640	228144664	24	/s/lvd/C7401.lvd
5087	228145152	228145164	12	/s/lvd/C7402.lvd
5088	228145664	228145688	24	/s/lvd/C7403.lvd
5089	228146176	228146208	32	/s/lvd/C7404.lvd
5090	228146688	228146712	24	/s/lvd/C7405.lvd
5091	228147200	228147224	24	/s/lvd/C7406.lvd
5092	228147712	228147736	24	/s/lvd/C7407.lvd
5093	228148224	228148252	28	/s/lvd/C7408.lvd
5094	228148736	228148748	12	/s/lvd/C7409.lvd
5095	228149248	228149276	28	/s/lvd/C7410.lvd
5096	228149760	228149772	12	/s/lvd/C7411.lvd
5097	228150272	228150292	20	/s/lvd/C7412.lvd
5098	228150784	228150800	16	/s/lvd/C7413.lvd
5099	228151296	228151308	12	/s/lvd/C7414.lvd
5100	228151808	228151836	28	/s/lvd/C7415.lvd
5101	228152320	228152344	24	/s/lvd/C7416.lvd
5102	228152832	228152860	28	/s/lvd/C7417.lvd
5103	228153344	228153372	28	/s/lvd/C7418.lvd
5104	228153856	228153864	8	/s/lvd/C7419.lvd
5105	228154368	228154376	8	/s/lvd/C7420.lvd
5106	228154880	228154888	8	/s/lvd/C7421.lvd
5107	228155392	228155420	28	/s/lvd/C7501.lvd
5108	228155904	228155924	20	/s/lvd/C7502.lvd
5109	228156416	228156428	12	/s/lvd/C7503.lvd
5110	228156928	228156952	24	/s/lvd/C7504.lvd
5111	228157440	228157464	24	/s/lvd/C7505.lvd
5112	228157952	228157976	24	/s/lvd/C7506.lvd
5113	228158464	228158480	16	/s/lvd/C7507.lvd
5114	228158976	228159000	24	/s/lvd/C7508.lvd
5115	228159488	228159512	24	/s/lvd/C7509.lvd
5116	228160000	228160020	20	/s/lvd/C7510.lvd
5117	228160512	228160548	36	/s/lvd/C7511.lvd
5118	228161024	228161036	12	/s/lvd/C7512.lvd
5119	228161536	228161552	16	/s/lvd/C7513.lvd
5120	228162048	228162068	20	/s/lvd/C7514.lvd
5121	228162560	228162580	20	/s/lvd/C7515.lvd
5122	228163072	228163084	12	/s/lvd/C7516.lvd
5123	228163584	228163608	24	/s/lvd/C7517.lvd
5124	228164096	228164120	24	/s/lvd/C7518.lvd
5125	228164608	228164620	12	/s/lvd/C7519.lvd
5126	228165120	228165128	8	/s/lvd/C7520.lvd
5127	228165632	228165640	8	/s/lvd/C7521.lvd
5128	228166144	228166168	24	/s/lvd/C7601.lvd
5129	228166656	228166680	24	/s/lvd/C7602.lvd
5130	228167168	228167180	12	/s/lvd/C7603.lvd
5131	228167680	228167700	20	/s/lvd/C7604.lvd
5132	228168192	228168212	20	/s/lvd/C7605.lvd
5133	228168704	228168736	32	/s/lvd/C7606.lvd
5134	228169216	228169240	24	/s/lvd/C7607.lvd
5135	249354240	249380287	26047	/title/game_over.NCGR_lz
5136	249380352	249380872	520	/title/game_over.NCLR_lz
5137	249381376	249383135	1759	/title/game_over.NSCR_lz
5138	249321984	249348967	26983	/title/Menu_Event.NCGR_lz
5139	249349120	249349667	547	/title/Menu_Event.NCLR_lz
5140	249350144	249351916	1772	/title/Menu_Event.NSCR_lz
5141	249383424	249644240	260816	/title/t.dat
5142	249352192	249352930	738	/title/TITLE_LOGO_NAMCO.NCGR_lz
5143	249353216	249353306	90	/title/TITLE_LOGO_NAMCO.NCLR_lz
5144	249353728	249353975	247	/title/TITLE_LOGO_NAMCO.NSCR_lz
