# 23 directories
# dir   1  /btl
# dir   2  /btl/char
# dir   3  /btl/common
# dir   4  /btl/cut_in
# dir   5  /btl/debug
# dir   6  /btl/eff
# dir   7  /btl/magic
# dir   8  /btl/map
# dir   9  /btl/prm
# dir  10  /fc
# dir  11  /item
# dir  12  /item/icon
# dir  13  /m
# dir  14  /m/misc
# dir  15  /m/misc/2D
# dir  16  /m/misc/etc
# dir  17  /menu
# dir  18  /menu/monsterbook
# dir  19  /menu/spirlink
# dir  20  /movie
# dir  21  /s
# dir  22  /s/lvd
# dir  23  /title
# fat_id	start	end	size	path
31	1732608	1739052	6444	/TODS3_BtlMemoData.dat
32	1739264	1741619	2355	/TODS3_CureStoneData.dat
33	1741824	1742792	968	/TODS3_LinkCounterData.dat
34	1742848	1780515	37667	/TODS3_OutLineData.dat
35	1780736	1781048	312	/TODS3_PlayerData.dat
36	1781248	1819332	38084	/TODS3_SormaBuildData.dat
37	1819648	1854811	35163	/TODS3_SormaSkillData.dat
38	1854976	1863652	8676	/TODS3_SpirLinkData.dat
39	1863680	1873516	9836	/TODS3_SpirLinkTreasureData.dat
40	1873920	1875336	1416	/TODS3_StrategyData.dat
41	1875456	1906850	31394	/TODS3_TitleData.dat
42	244858368	244919084	60716	/trialFont10.NFTR
43	244919296	244999820	80524	/trialFont12.NFTR
44	245000192	245000868	676	/trialFont8.NFTR
45	1907200	1950832	43632	/btl/char/char.b
46	1951232	17193604	15242372	/btl/char/char.dat
47	17193984	17233380	39396	/btl/common/common.cbb
48	17233408	17246214	12806	/btl/common/common.ds3
49	17246720	17251574	4854	/btl/common/face_LZ.bin
50	17251840	17252308	468	/btl/common/shadow.ds3
51	17252352	17252952	600	/btl/cut_in/cut_in.b
52	17253376	17310192	56816	/btl/cut_in/cut_in.dat
53	17310208	17317364	7156	/btl/debug/debug.b
54	17317376	17401848	84472	/btl/debug/debug.dat
55	17503232	17571356	68124	/btl/eff/sysresTextureTex.efg
56	17401856	17416804	14948	/btl/eff/Tex.b
57	17417216	17503064	85848	/btl/eff/Tex.dat
58	17571840	17574300	2460	/btl/magic/mag.b
59	17574400	19810888	2236488	/btl/magic/mag.dat
60	19811328	19814612	3284	/btl/map/map.b
61	19814912	24602424	4787512	/btl/map/map.dat
62	24602624	24604424	1800	/btl/prm/To9_BattleEventData.bin
63	24604672	24607408	2736	/btl/prm/To9_DialogueData.bin
64	24607744	24613672	5928	/btl/prm/To9_EncountAreaData.dat
65	24613888	24700800	86912	/btl/prm/To9_EncountGroupData.dat
66	24700928	24708536	7608	/btl/prm/To9_EncountTable.dat
67	24708608	24792368	83760	/btl/prm/To9_EnemyData.dat
68	24792576	24797408	4832	/fc/fc.b
69	24797696	26196128	1398432	/fc/fc.dat
70	26196480	26204832	8352	/fc/fcscr.b
71	26205184	26769600	564416	/fc/fcscr.dat
72	26769920	26772792	2872	/item/CTODS3_AccessoryShopData.bin
73	26772992	26775558	2566	/item/CTODS3_CureStoneShopData.bin
74	26776064	26778300	2236	/item/CTODS3_MaterialShopData.bin
75	26778624	26780491	1867	/item/CTODS3_ToolShopData.bin
76	26780672	26796025	15353	/item/TODS9_AccessoryData.dat
77	26796032	26800727	4695	/item/TODS9_GradeShopData.dat
78	26801152	26805439	4287	/item/TODS9_ItemData.dat
79	26805760	26816705	10945	/item/TODS9_MaterialData.dat
80	26817024	26852118	35094	/item/TODS9_SormaData.dat
81	26852352	26860082	7730	/item/TODS9_ValueData.dat
82	26860544	26866468	5924	/item/icon/ItemIcon.b
83	26866688	27267952	401264	/item/icon/ItemIcon.dat
84	27268096	27272679	4583	/m/hsr.bin
85	27272704	27339712	67008	/m/m.b
86	27339776	93258688	65918912	/m/m.dat
87	93943296	93961504	18208	/m/o.b
88	93961728	99956864	5995136	/m/o.dat
89	99957248	100005680	48432	/m/p.b
90	100005888	107619248	7613360	/m/p.dat
91	107619328	107622528	3200	/m/rmp.b
92	107622912	107646640	23728	/m/rmp.dat
93	93291008	93293660	2652	/m/misc/2D/compass.ds3
94	93294080	93294480	400	/m/misc/2D/dnab.ds3
95	93294592	93294992	400	/m/misc/2D/dnar.ds3
96	93295104	93328704	33600	/m/misc/2D/erimg.dat
97	93328896	93395104	66208	/m/misc/2D/fine_1.ds3
98	93395456	93420632	25176	/m/misc/2D/fine_2.dat
99	93421056	93434912	13856	/m/misc/2D/fldm00.dat
100	93435392	93449376	13984	/m/misc/2D/fldm01.dat
101	93258752	93288100	29348	/m/misc/2D/Menu_Event.dat
102	93288448	93290880	2432	/m/misc/2D/Menu_Slot.dat
103	93449728	93474992	25264	/m/misc/2D/sepia_beryl.ds3
104	93475328	93500592	25264	/m/misc/2D/sepia_chalcedony.ds3
105	93500928	93526192	25264	/m/misc/2D/sepia_hisui.ds3
106	93526528	93551792	25264	/m/misc/2D/sepia_innes.ds3
107	93552128	93577392	25264	/m/misc/2D/sepia_kohaku.ds3
108	93577728	93602992	25264	/m/misc/2D/sepia_kunzite.ds3
109	93603328	93628592	25264	/m/misc/2D/sepia_lichia.ds3
110	93628928	93654192	25264	/m/misc/2D/sepia_shing.ds3
111	93654528	93657184	2656	/m/misc/etc/acthelpwin.bin
112	93657600	93660020	2420	/m/misc/etc/charshadow.nsbmd
113	93660160	93695444	35284	/m/misc/etc/eb.ds3
114	93695488	93700368	4880	/m/misc/etc/lc.bin
115	93700608	93713312	12704	/m/misc/etc/mapsteff.bin
116	93713408	93714576	1168	/m/misc/etc/mesiconfc.bin
117	93714944	93718560	3616	/m/misc/etc/meswin.bin
118	93719040	93721212	2172	/m/misc/etc/sring.bin
119	93721600	93740160	18560	/m/misc/etc/sys_sav.bin
120	93740544	93928960	188416	/m/misc/etc/tn.dat
121	93928960	93931504	2544	/m/misc/etc/townNameJewel.ds3
122	93931520	93943040	11520	/m/misc/etc/weather.bin
123	107646976	107672876	25900	/menu/BERYL.dat
124	107673088	107682744	9656	/menu/CHARA_FACE.dat
125	107682816	107708716	25900	/menu/HISUI.dat
126	107708928	107734828	25900	/menu/INNES.dat
127	107735040	107760940	25900	/menu/KOHAKU.dat
128	107761152	107787052	25900	/menu/KOHAKU2.dat
129	107787264	107813164	25900	/menu/KUNZITE.dat
130	107813376	107824508	11132	/menu/Link_BERYL.dat
131	107824640	107835772	11132	/menu/Link_HISUI.dat
132	107835904	107847036	11132	/menu/Link_INNES.dat
133	107847168	107858300	11132	/menu/Link_KOHAKU.dat
134	107858432	107869564	11132	/menu/Link_KOHAKU2.dat
135	107869696	107880828	11132	/menu/Link_KUNZITE.dat
136	107880960	107892092	11132	/menu/Link_SHING.dat
137	107892224	107906372	14148	/menu/MENU_BG.b
138	107906560	108302056	395496	/menu/MENU_BG.dat
139	108302336	108316284	13948	/menu/NAVIMAP_BG.b
140	108316672	109249428	932756	/menu/NAVIMAP_BG.dat
141	109249536	109275436	25900	/menu/SHING.dat
142	109275648	109301548	25900	/menu/STAN.dat
143	109301760	109338928	37168	/menu/WORLDMAP_1.dat
144	109339136	109376304	37168	/menu/WORLDMAP_2.dat
145	109376512	109390140	13628	/menu/monsterbook/EnemyIcon.b
146	109390336	109892724	502388	/menu/monsterbook/EnemyIcon.dat
147	109893120	109893724	604	/menu/spirlink/SpirLinkIcon.b
148	109894144	109939740	45596	/menu/spirlink/SpirLinkIcon.dat
149	130931712	130931750	38	/movie/memo.txt
150	109940224	112666420	2726196	/movie/MOV000_A.mods
151	112666624	114398988	1732364	/movie/MOV000_B.mods
152	114399232	120612688	6213456	/movie/MOV001.mods
153	120612864	121781452	1168588	/movie/MOV002.mods
154	121781760	123156500	1374740	/movie/MOV003.mods
155	123156992	124554300	1397308	/movie/MOV004.mods
156	124554752	126062816	1508064	/movie/MOV005.mods
157	126063104	127913868	1850764	/movie/MOV006.mods
158	127913984	130931400	3017416	/movie/MOV007.mods
159	130932224	130951991	19767	/s/C0101
160	130952192	130977068	24876	/s/C0102
161	130977280	130994938	17658	/s/C0103
162	130995200	131034579	39379	/s/C0104
163	131034624	131062308	27684	/s/C0201
164	131062784	131119397	56613	/s/C0202
165	131119616	131141347	21731	/s/C0204
166	131141632	131164876	23244	/s/C0205
167	131165184	131181593	16409	/s/C0301
168	131182080	131202615	20535	/s/C0302
169	131203072	131224776	21704	/s/C0303
170	131225088	131262904	37816	/s/C0304
171	131262976	131275844	12868	/s/C0401
172	131276288	131281193	4905	/s/C0402
173	131281408	131310863	29455	/s/C0403
174	131311104	131332552	21448	/s/C0404
175	131332608	131349763	17155	/s/C0405
176	131350016	131377748	27732	/s/C0501
177	131378176	131392285	14109	/s/C0502
178	131392512	131424542	32030	/s/C0503
179	131424768	131449558	24790	/s/C0504
180	131449856	131479449	29593	/s/C0601
181	131479552	131504763	25211	/s/C0602
182	131505152	131523311	18159	/s/C0603
183	131523584	131535956	12372	/s/C0604
184	131536384	131552405	16021	/s/C0605
185	131552768	131583035	30267	/s/C0606
186	131583488	131597026	13538	/s/C0701
187	131597312	131640565	43253	/s/C0702
188	131640832	131660012	19180	/s/C0704
189	131660288	131683556	23268	/s/C0705
190	131683840	131690345	6505	/s/C0801
191	131690496	131695102	4606	/s/C0802
192	131695104	131703028	7924	/s/C0803
193	131703296	131741321	38025	/s/C0804
194	131741696	131747538	5842	/s/C0806
195	131747840	131777666	29826	/s/C0901
196	131778048	131810806	32758	/s/C0902
197	131810816	131858439	47623	/s/C0903
198	131858944	131886523	27579	/s/C0904
199	131886592	131922384	35792	/s/C0905
200	131922432	131949295	26863	/s/C0906
201	131949568	131964536	14968	/s/C0907
202	131964928	131989935	25007	/s/C0908
203	131990016	132003968	13952	/s/C1001
204	132004352	132041103	36751	/s/C1002
205	132041216	132062310	21094	/s/C1003
206	132062720	132081935	19215	/s/C1004
207	132082176	132107987	25811	/s/C1005
208	132108288	132129102	20814	/s/C1101
209	132129280	132130575	1295	/s/C1102
210	132130816	132154607	23791	/s/C1103
211	132154880	132189722	34842	/s/C1104
212	132190208	132219362	29154	/s/C1105
213	132219392	132229553	10161	/s/C1106
214	132229632	132272353	42721	/s/C1107
215	132272640	132289545	16905	/s/C1201
216	132290048	132302348	12300	/s/C1202
217	132302848	132314313	11465	/s/C1203
218	132314624	132331661	17037	/s/C1204
219	132332032	132360956	28924	/s/C1205
220	132361216	132370472	9256	/s/C1206
221	132370944	132403963	33019	/s/C1207
222	132404224	132433868	29644	/s/C1208
223	132433920	132465908	31988	/s/C1209
224	132466176	132485929	19753	/s/C1301
225	132486144	132487863	1719	/s/C1302
226	132488192	132532754	44562	/s/C1303
227	132533248	132563825	30577	/s/C1304
228	132563968	132580013	16045	/s/C1305
229	132580352	132612734	32382	/s/C1306
230	132613120	132655536	42416	/s/C1401
231	132655616	132683380	27764	/s/C1402
232	132683776	132701100	17324	/s/C1403
233	132701184	132736814	35630	/s/C1403b
234	132737024	132742320	5296	/s/C1404
235	132742656	132761115	18459	/s/C1405
236	132761600	132767461	5861	/s/C1406
237	132767744	132790160	22416	/s/C1407
238	132790272	132798194	7922	/s/C1408
239	132798464	132811012	12548	/s/C1501
240	132811264	132831137	19873	/s/C1502
241	132831232	132856297	25065	/s/C1503
242	132856320	132886279	29959	/s/C1504
243	132886528	132926069	39541	/s/C1505
244	132926464	132938914	12450	/s/C1506
245	132939264	132970516	31252	/s/C1507
246	132971008	132989110	18102	/s/C1601
247	132989440	133016063	26623	/s/C1602
248	133016064	133034577	18513	/s/C1603
249	133035008	133060771	25763	/s/C1604
250	133061120	133066928	5808	/s/C1605
251	133067264	133101349	34085	/s/C1701
252	133101568	133128737	27169	/s/C1702
253	133129216	133152895	23679	/s/C1703
254	133153280	133162247	8967	/s/C1704
255	133162496	133188972	26476	/s/C1705
256	133189120	133194585	5465	/s/C1706
257	133194752	133217745	22993	/s/C1707
258	133217792	133226402	8610	/s/C1708
259	133226496	133249828	23332	/s/C1709
260	133250048	133264886	14838	/s/C1801
261	133264896	133271908	7012	/s/C1802
262	133272064	133304236	32172	/s/C1803
263	133304320	133309391	5071	/s/C1804
264	133309440	133331321	21881	/s/C1901
265	133331456	133355643	24187	/s/C1902
266	133356032	133390746	34714	/s/C1903
267	133390848	133426863	36015	/s/C1904
268	133427200	133438888	11688	/s/C1905
269	133438976	133461906	22930	/s/C1906
270	133462016	133511825	49809	/s/C2001
271	133512192	133516747	4555	/s/C2002
272	133516800	133544518	27718	/s/C2003
273	133544960	133567126	22166	/s/C2004
274	133567488	133586451	18963	/s/C2005
275	133586944	133635094	48150	/s/C2006
276	133635584	133649203	13619	/s/C2101
277	133649408	133687789	38381	/s/C2102
278	133687808	133715440	27632	/s/C2103
279	133715456	133767597	52141	/s/C2104
280	133767680	133813433	45753	/s/C2105
281	133813760	133850303	36543	/s/C2106
282	133850624	133877801	27177	/s/C2107
283	133878272	133905139	26867	/s/C2201
284	133905408	133926976	21568	/s/C2202
285	133927424	133956813	29389	/s/C2203
286	133957120	133976285	19165	/s/C2204
287	133976576	133994138	17562	/s/C2205
288	133994496	134015936	21440	/s/C2206
289	134016000	134039776	23776	/s/C2207
290	134040064	134078760	38696	/s/C2301
291	134078976	134104385	25409	/s/C2303
292	134104576	134107321	2745	/s/C2304
293	134107648	134132210	24562	/s/C2305
294	134132224	134164797	32573	/s/C2306
295	134164992	134180593	15601	/s/C2307
296	134180864	134206528	25664	/s/C2401
297	134206976	134232030	25054	/s/C2402
298	134232064	134257964	25900	/s/C2403
299	134258176	134281156	22980	/s/C2404
300	134281216	134292239	11023	/s/C2405
301	134292480	134326117	33637	/s/C2405b
302	134326272	134353019	26747	/s/C2406
303	134353408	134366706	13298	/s/C2407
304	134366720	134389725	23005	/s/C2501
305	134389760	134424222	34462	/s/C2502
306	134424576	134439738	15162	/s/C2503
307	134439936	134466855	26919	/s/C2504
308	134467072	134493136	26064	/s/C2505
309	134493184	134521067	27883	/s/C2601
310	134521344	134552185	30841	/s/C2602
311	134552576	134580481	27905	/s/C2603
312	134580736	134621255	40519	/s/C2604
313	134621696	134643049	21353	/s/C2605
314	134643200	134681912	38712	/s/C2701
315	134682112	134723315	41203	/s/C2702
316	134723584	134761583	37999	/s/C2703
317	134761984	134795202	33218	/s/C2704
318	134795264	134817807	22543	/s/C2705
319	134818304	134847645	29341	/s/C2801
320	134848000	134874745	26745	/s/C2802
321	134875136	134906818	31682	/s/C2803
322	134906880	134923553	16673	/s/C2804
323	134923776	134953165	29389	/s/C2805
324	134953472	135002169	48697	/s/C2806
325	135002624	135010116	7492	/s/C2807
326	135010304	135030945	20641	/s/C2901
327	135031296	135038279	6983	/s/C2902
328	135038464	135149001	110537	/s/C2903
329	135149056	135173806	24750	/s/C3001
330	135174144	135181589	7445	/s/C3002
331	135181824	135204937	23113	/s/C3003
332	135205376	135236284	30908	/s/C3004
333	135236608	135257468	20860	/s/C3005
334	135257600	135281786	24186	/s/C3006
335	135282176	135303686	21510	/s/C3101
336	135304192	135330626	26434	/s/C3102
337	135330816	135367632	36816	/s/C3103
338	135367680	135402696	35016	/s/C3104
339	135403008	135426980	23972	/s/C3105
340	135427072	135456403	29331	/s/C3106
341	135456768	135489013	32245	/s/C3107
342	135489024	135514775	25751	/s/C3108
343	135515136	135543089	27953	/s/C3201
344	135543296	135564705	21409	/s/C3202
345	135564800	135575175	10375	/s/C3203
346	135575552	135581929	6377	/s/C3204
347	135582208	135606282	24074	/s/C3205
348	135606784	135626581	19797	/s/C3301
349	135626752	135652676	25924	/s/C3302
350	135652864	135666174	13310	/s/C3303
351	135666176	135684098	17922	/s/C3304
352	135684608	135714054	29446	/s/C3305
353	135714304	135729496	15192	/s/C3401
354	135729664	135741606	11942	/s/C3402
355	135741952	135753179	11227	/s/C3403
356	135753216	135774345	21129	/s/C3404
357	135774720	135799819	25099	/s/C3405
358	135800320	135824648	24328	/s/C3406
359	135824896	135841962	17066	/s/C3407
360	135842304	135867823	25519	/s/C3408
361	135867904	135889537	21633	/s/C3501
362	135889920	135904526	14606	/s/C3502
363	135904768	135968070	63302	/s/C3503
364	135968256	135977744	9488	/s/C3505
365	135977984	136005563	27579	/s/C3506
366	136005632	136033348	27716	/s/C3507
367	136033792	136080318	46526	/s/C3601
368	136080384	136103217	22833	/s/C3603
369	136103424	136130711	27287	/s/C3604
370	136131072	136155140	24068	/s/C3605
371	136155648	136178090	22442	/s/C3701
372	136178176	136207540	29364	/s/C3702
373	136207872	136250164	42292	/s/C3703
374	136250368	136263986	13618	/s/C3704
375	136264192	136272346	8154	/s/C3705
376	136272384	136294957	22573	/s/C3706
377	136295424	136324874	29450	/s/C3801
378	136325120	136347978	22858	/s/C3802
379	136348160	136369518	21358	/s/C3803
380	136369664	136397570	27906	/s/C3804
381	136397824	136421298	23474	/s/C3901
382	136421376	136439773	18397	/s/C3902
383	136439808	136462458	22650	/s/C3903
384	136462848	136483901	21053	/s/C3904
385	136484352	136493279	8927	/s/C3905
386	136493568	136502126	8558	/s/C3906
387	136502272	136535296	33024	/s/C4001
388	136535552	136549495	13943	/s/C4002
389	136549888	136568009	18121	/s/C4003
390	136568320	136578343	10023	/s/C4004
391	136578560	136588172	9612	/s/C4005
392	136588288	136608390	20102	/s/C4006
393	136608768	136626347	17579	/s/C4101
394	136626688	136636520	9832	/s/C4102
395	136636928	136665975	29047	/s/C4103
396	136666112	136688664	22552	/s/C4104
397	136689152	136699981	10829	/s/C4105
398	136700416	136756624	56208	/s/C4106
399	136756736	136780046	23310	/s/C4201
400	136780288	136800287	19999	/s/C4202
401	136800768	136813702	12934	/s/C4203
402	136814080	136838281	24201	/s/C4204
403	136838656	136844267	5611	/s/C4205
404	136844288	136858355	14067	/s/C4206
405	136858624	136879720	21096	/s/C4207
406	136880128	136890667	10539	/s/C4208
407	136890880	136914128	23248	/s/C4301
408	136914432	136949615	35183	/s/C4302
409	136949760	136971395	21635	/s/C4303
410	136971776	136993103	21327	/s/C4304
411	136993280	137015943	22663	/s/C4305
412	137016320	137034608	18288	/s/C4306
413	137034752	137058340	23588	/s/C4401
414	137058816	137079145	20329	/s/C4402
415	137079296	137113255	33959	/s/C4403
416	137113600	137129565	15965	/s/C4404
417	137129984	137165904	35920	/s/C4405
418	137166336	137186332	19996	/s/C4406
419	137186816	137212360	25544	/s/C4407
420	137212416	137240226	27810	/s/C4408
421	137240576	137255413	14837	/s/C4501
422	137255424	137274862	19438	/s/C4502
423	137274880	137301622	26742	/s/C4503
424	137302016	137325407	23391	/s/C4504
425	137325568	137354893	29325	/s/C4505
426	137355264	137377515	22251	/s/C4601
427	137377792	137400876	23084	/s/C4602
428	137401344	137421778	20434	/s/C4603
429	137421824	137436828	15004	/s/C4604
430	137437184	137448567	11383	/s/C4605
431	137448960	137475371	26411	/s/C4606
432	137475584	137508595	33011	/s/C4607
433	137508864	137540387	31523	/s/C4608
434	137540608	137575492	34884	/s/C4609
435	137575936	137603565	27629	/s/C4610
436	137603584	137632233	28649	/s/C4611
437	137632256	137664513	32257	/s/C4612
438	137665024	137685681	20657	/s/C4613
439	137686016	137707075	21059	/s/C4701
440	137707520	137721914	14394	/s/C4702
441	137722368	137735374	13006	/s/C4703
442	137735680	137769478	33798	/s/C4704
443	137769984	137787122	17138	/s/C4705
444	137787392	137799564	12172	/s/C4706
445	137799680	137812803	13123	/s/C4707
446	137812992	137827096	14104	/s/C4708
447	137827328	137846471	19143	/s/C4709
448	137846784	137878090	31306	/s/C4801
449	137878528	137916868	38340	/s/C4802
450	137916928	137940417	23489	/s/C4803
451	137940480	137974408	33928	/s/C4804
452	137974784	137999031	24247	/s/C4805
453	137999360	138021786	22426	/s/C4806
454	138021888	138041188	19300	/s/C4807
455	138041344	138062244	20900	/s/C4901
456	138062336	138078998	16662	/s/C4902
457	138079232	138087729	8497	/s/C4903
458	138087936	138110879	22943	/s/C4904
459	138110976	138130225	19249	/s/C4905
460	138130432	138178853	48421	/s/C4906
461	138179072	138204886	25814	/s/C4907
462	138205184	138229190	24006	/s/C5001
463	138229248	138255623	26375	/s/C5002
464	138255872	138289694	33822	/s/C5003
465	138290176	138315881	25705	/s/C5004
466	138316288	138347456	31168	/s/C5005
467	138347520	138373243	25723	/s/C5006
468	138373632	138395460	21828	/s/C5007
469	138395648	138403380	7732	/s/C5008
470	138403840	138422220	18380	/s/C5009
471	138422272	138448339	26067	/s/C5101
472	138448384	138473403	25019	/s/C5102
473	138473472	138501393	27921	/s/C5103
474	138501632	138531760	30128	/s/C5104
475	138531840	138557065	25225	/s/C5105
476	138557440	138593854	36414	/s/C5201
477	138594304	138627758	33454	/s/C5202
478	138628096	138670943	42847	/s/C5203
479	138671104	138697082	25978	/s/C5204
480	138697216	138720404	23188	/s/C5205
481	138720768	138744261	23493	/s/C5301
482	138744320	138769202	24882	/s/C5302
483	138769408	138787509	18101	/s/C5303
484	138787840	138808515	20675	/s/C5304
485	138808832	138846127	37295	/s/C5305
486	138846208	138877044	30836	/s/C5306
487	138877440	138904359	26919	/s/C5307
488	138904576	138937718	33142	/s/C5401
489	138937856	138957495	19639	/s/C5402
490	138957824	138993516	35692	/s/C5403
491	138993664	139004447	10783	/s/C5404
492	139004928	139037678	32750	/s/C5405
493	139037696	139063538	25842	/s/C5406
494	139063808	139090821	27013	/s/C5407
495	139090944	139115377	24433	/s/C5501
496	139115520	139129426	13906	/s/C5502
497	139129856	139165813	35957	/s/C5503
498	139166208	139169587	3379	/s/C5504
499	139169792	139192047	22255	/s/C5505
500	139192320	139201575	9255	/s/C5506
501	139202048	139255266	53218	/s/C5601
502	139255296	139277593	22297	/s/C5602
503	139277824	139319968	42144	/s/C5603
504	139320320	139329974	9654	/s/C5604
505	139330048	139357669	27621	/s/C5605
506	139357696	139368514	10818	/s/C5606
507	139368960	139390153	21193	/s/C5606b
508	139390464	139397136	6672	/s/C5701
509	139397632	139414595	16963	/s/C5702
510	139415040	139442081	27041	/s/C5703
511	139442176	139468763	26587	/s/C5704
512	139468800	139509576	40776	/s/C5705
513	139509760	139531970	22210	/s/C5706
514	139532288	139551603	19315	/s/C5801
515	139551744	139575200	23456	/s/C5802
516	139575296	139578647	3351	/s/C5803
517	139578880	139594512	15632	/s/C5804
518	139594752	139610734	15982	/s/C5805
519	139611136	139620183	9047	/s/C5806
520	139620352	139629528	9176	/s/C5807
521	139629568	139651240	21672	/s/C5901
522	139651584	139670525	18941	/s/C5902
523	139670528	139691423	20895	/s/C5903
524	139691520	139719741	28221	/s/C5904
525	139720192	139737962	17770	/s/C6001
526	139738112	139772534	34422	/s/C6002
527	139772928	139801555	28627	/s/C6003
528	139801600	139822266	20666	/s/C6004
529	139822592	139851452	28860	/s/C6005
530	139851776	139872080	20304	/s/C6006
531	139872256	139891274	19018	/s/C6007
532	139891712	139915764	24052	/s/C6008
533	139915776	139933953	18177	/s/C6009
534	139934208	139952492	18284	/s/C6010
535	139952640	139968707	16067	/s/C6011
536	139969024	139976271	7247	/s/C6012
537	139976704	139982674	5970	/s/C6013
538	139982848	139996912	14064	/s/C6101
539	139997184	140012551	15367	/s/C6102
540	140013056	140037553	24497	/s/C6103
541	140037632	140046902	9270	/s/C6104
542	140047360	140070088	22728	/s/C6105
543	140070400	140085058	14658	/s/C6106
544	140085248	140101235	15987	/s/C6107
545	140101632	140118706	17074	/s/C6201
546	140119040	140127884	8844	/s/C6202
547	140128256	140149794	21538	/s/C6203
548	140150272	140172445	22173	/s/C6204
549	140172800	140185031	12231	/s/C6205
550	140185088	140203236	18148	/s/C6301
551	140203520	140220924	17404	/s/C6302
552	140220928	140247883	26955	/s/C6303
553	140248064	140251050	2986	/s/C6304
554	140251136	140267633	16497	/s/C6305
555	140268032	140287877	19845	/s/C6401
556	140288000	140312364	24364	/s/C6402
557	140312576	140351965	39389	/s/C6403
558	140352000	140364969	12969	/s/C6404
559	140365312	140384687	19375	/s/C6405
560	140384768	140402496	17728	/s/C6406
561	140402688	140420769	18081	/s/C6501
562	140421120	140453742	32622	/s/C6502
563	140453888	140473392	19504	/s/C6503
564	140473856	140504798	30942	/s/C6504
565	140505088	140506769	1681	/s/C6505
566	140507136	140530606	23470	/s/C6601
567	140530688	140557084	26396	/s/C6602
568	140557312	140578302	20990	/s/C6603
569	140578304	140592199	13895	/s/C6604
570	140592640	140613396	20756	/s/C6605
571	140613632	140631641	18009	/s/C6606
572	140632064	140650115	18051	/s/C6607
573	140650496	140654653	4157	/s/C6608
574	140655104	140664107	9003	/s/C6701
575	140664320	140678580	14260	/s/C6702
576	140678656	140689785	11129	/s/C6703
577	140689920	140700533	10613	/s/C6704
578	140700672	140718678	18006	/s/C6705
579	140719104	140723368	4264	/s/C6706
580	140723712	140753923	30211	/s/C6707
581	140754432	140775921	21489	/s/C6801
582	140775936	140807396	31460	/s/C6802
583	140807680	140832784	25104	/s/C6803
584	140833280	140859750	26470	/s/C6804
585	140859904	140890119	30215	/s/C6805
586	140890624	140922333	31709	/s/C6806
587	140922368	140956730	34362	/s/C6807
588	140957184	140984696	27512	/s/C6808
589	140984832	141007581	22749	/s/C6901
590	141007872	141032912	25040	/s/C6902
591	141032960	141063145	30185	/s/C6903
592	141063168	141093078	29910	/s/C6904
593	141093376	141121190	27814	/s/C6905
594	141121536	141155541	34005	/s/C7001
595	141155840	141177880	22040	/s/C7002
596	141178368	141211359	32991	/s/C7003
597	141211648	141244206	32558	/s/C7004
598	141244416	141283387	38971	/s/C7005
599	141283840	141325174	41334	/s/C7006
600	141325312	141340491	15179	/s/C7101
601	141340672	141364381	23709	/s/C7102
602	141364736	141383537	18801	/s/C7103
603	141383680	141416866	33186	/s/C7104
604	141416960	141441435	24475	/s/C7105
605	141441536	141473776	32240	/s/C7106
606	141473792	141488536	14744	/s/C7107
607	141488640	141520841	32201	/s/C7108
608	141520896	141539594	18698	/s/C7201
609	141539840	141566116	26276	/s/C7202
610	141566464	141586473	20009	/s/C7203
611	141586944	141608109	21165	/s/C7204
612	141608448	141628203	19755	/s/C7205
613	141628416	141655718	27302	/s/C7206
614	141656064	141672357	16293	/s/C7207
615	141672448	141705798	33350	/s/C7208
616	141706240	141715849	9609	/s/C7209
617	141715968	141743165	27197	/s/C7210
618	141743616	141767830	24214	/s/C7301
619	141768192	141773384	5192	/s/C7302
620	141773824	141781836	8012	/s/C7303
621	141782016	141806317	24301	/s/C7304
622	141806592	141832291	25699	/s/C7305
623	141832704	141863491	30787	/s/C7306
624	141863936	141870931	6995	/s/C7307
625	141871104	141888599	17495	/s/C7308
626	141889024	141919391	30367	/s/C7309
627	141919744	141933192	13448	/s/C7310
628	141933568	141955379	21811	/s/C7401
629	141955584	141964677	9093	/s/C7402
630	141964800	141985732	20932	/s/C7403
631	141985792	142021185	35393	/s/C7404
632	142021632	142046966	25334	/s/C7405
633	142047232	142074974	27742	/s/C7406
634	142075392	142097665	22273	/s/C7407
635	142097920	142128905	30985	/s/C7408
636	142129152	142137943	8791	/s/C7409
637	142138368	142172827	34459	/s/C7410
638	142173184	142183613	10429	/s/C7411
639	142183936	142200745	16809	/s/C7412
640	142200832	142210219	9387	/s/C7413
641	142210560	142218793	8233	/s/C7414
642	142219264	142249446	30182	/s/C7415
643	142249472	142270272	20800	/s/C7416
644	142270464	142296185	25721	/s/C7417
645	142296576	142325244	28668	/s/C7418
646	142325248	142328830	3582	/s/C7419
647	142328832	142330581	1749	/s/C7420
648	142330880	142333270	2390	/s/C7421
649	142333440	142361959	28519	/s/C7501
650	142362112	142378675	16563	/s/C7502
651	142379008	142387913	8905	/s/C7503
652	142388224	142416258	28034	/s/C7504
653	142416384	142440897	24513	/s/C7505
654	142440960	142466262	25302	/s/C7506
655	142466560	142474942	8382	/s/C7507
656	142475264	142498396	23132	/s/C7508
657	142498816	142521477	22661	/s/C7509
658	142521856	142539400	17544	/s/C7510
659	142539776	142574763	34987	/s/C7511
660	142575104	142582661	7557	/s/C7512
661	142582784	142598983	16199	/s/C7513
662	142599168	142621600	22432	/s/C7514
663	142621696	142639764	18068	/s/C7515
664	142640128	142646859	6731	/s/C7516
665	142647296	142673520	26224	/s/C7517
666	142673920	142694690	20770	/s/C7518
667	142694912	142705381	10469	/s/C7519
668	142705664	142707394	1730	/s/C7520
669	142707712	142711151	3439	/s/C7521
670	142711296	142733098	21802	/s/C7601
671	142733312	142755059	21747	/s/C7602
672	142755328	142767386	12058	/s/C7603
673	142767616	142786244	18628	/s/C7604
674	142786560	142810975	24415	/s/C7605
675	142811136	142835477	24341	/s/C7606
676	142835712	142858506	22794	/s/C7607
677	142858752	142889116	30364	/s/S000101
678	142889472	142919347	29875	/s/S000102
679	142919680	142945867	26187	/s/S000103
680	142946304	142974802	28498	/s/S000104
681	142974976	143015891	40915	/s/S000105
682	143015936	143043893	27957	/s/S000501
683	143044096	143086129	42033	/s/S000502
684	143086592	143129365	42773	/s/S000503
685	143129600	143145194	15594	/s/S000504
686	143145472	143163847	18375	/s/S000505
687	143163904	143190489	26585	/s/S010101
688	143190528	143196169	5641	/s/S010102
689	143196672	143221697	25025	/s/S010103
690	143221760	143233471	11711	/s/S010104
691	143233536	143266742	33206	/s/S010105
692	143266816	143301659	34843	/s/S010106
693	143302144	143332513	30369	/s/S010107
694	143332864	143351616	18752	/s/S010108
695	143351808	143378649	26841	/s/S010109
696	143378944	143406987	28043	/s/S010110
697	143407104	143435226	28122	/s/S010111
698	143435264	143448967	13703	/s/S010112
699	143449088	143464394	15306	/s/S010113
700	143464448	143467416	2968	/s/S010114
701	143467520	143492988	25468	/s/S010115
702	143493120	143517724	24604	/s/S010116
703	143518208	143548873	30665	/s/S010117
704	143548928	143581674	32746	/s/S010118
705	143581696	143609671	27975	/s/S010119
706	143609856	143636326	26470	/s/S010120
707	143636480	143645831	9351	/s/S010121
708	143646208	143667885	21677	/s/S010122
709	143668224	143687121	18897	/s/S010123
710	143687168	143726855	39687	/s/S010201
711	143727104	143742658	15554	/s/S010202
712	143742976	143770873	27897	/s/S010203
713	143771136	143791217	20081	/s/S010204
714	143791616	143824361	32745	/s/S010205
715	143824384	143838846	14462	/s/S010206
716	143839232	143877869	38637	/s/S010207
717	143878144	143908140	29996	/s/S010208
718	143908352	143931073	22721	/s/S010209
719	143931392	143969345	37953	/s/S010210
720	143969792	143980091	10299	/s/S010211
721	143980544	143997385	16841	/s/S010212
722	143997440	144027865	30425	/s/S010213
723	144028160	144051558	23398	/s/S010214
724	144051712	144075920	24208	/s/S010215
725	144076288	144097402	21114	/s/S010216
726	144097792	144127405	29613	/s/S010217
727	144127488	144149677	22189	/s/S010218
728	144150016	144173687	23671	/s/S010219
729	144174080	144197412	23332	/s/S010220
730	144197632	144202676	5044	/s/S010221
731	144202752	144209911	7159	/s/S010222
732	144209920	144223388	13468	/s/S010223
733	144223744	144255938	32194	/s/S010224
734	144256000	144282033	26033	/s/S010225
735	144282112	144288143	6031	/s/S010226
736	144288256	144315676	27420	/s/S010227
737	144315904	144320346	4442	/s/S010228
738	144320512	144342074	21562	/s/S010229
739	144342528	144353257	10729	/s/S010230
740	144353280	144383309	30029	/s/S010231
741	144383488	144408229	24741	/s/S010232
742	144408576	144429504	20928	/s/S010401
743	144429568	144448159	18591	/s/S010402
744	144448512	144463659	15147	/s/S010403
745	144463872	144477971	14099	/s/S010404
746	144478208	144490243	12035	/s/S010405
747	144490496	144510557	20061	/s/S010406
748	144510976	144542730	31754	/s/S010407
749	144543232	144571531	28299	/s/S010408
750	144571904	144606216	34312	/s/S010409
751	144606720	144635268	28548	/s/S010410
752	144635392	144655337	19945	/s/S010411
753	144655360	144672266	16906	/s/S010412
754	144672768	144706864	34096	/s/S010413
755	144707072	144720454	13382	/s/S010414
756	144720896	144738808	17912	/s/S010415
757	144738816	144748251	9435	/s/S010416
758	144748544	144765297	16753	/s/S010417
759	144765440	144794308	28868	/s/S010418
760	144794624	144816825	22201	/s/S010501
761	144817152	144835343	18191	/s/S010502
762	144835584	144851924	16340	/s/S010503
763	144851968	144874775	22807	/s/S010504
764	144875008	144908497	33489	/s/S010505
765	144908800	144924664	15864	/s/S010506
766	144924672	144946139	21467	/s/S010507
767	144946176	144980543	34367	/s/S010508
768	144980992	145012362	31370	/s/S010509
769	145012736	145016911	4175	/s/S010510
770	145017344	145023656	6312	/s/S010511
771	145024000	145033248	9248	/s/S010512
772	145033728	145063283	29555	/s/S010513
773	145063424	145079014	15590	/s/S010514
774	145079296	145098849	19553	/s/S010515
775	145099264	145109914	10650	/s/S010516
776	145110016	145128352	18336	/s/S010517
777	145128448	145141103	12655	/s/S010518
778	145141248	145152906	11658	/s/S010519
779	145153024	145174048	21024	/s/S010520
780	145174528	145209642	35114	/s/S010521
781	145209856	145237245	27389	/s/S010522
782	145237504	145260292	22788	/s/S010523
783	145260544	145277179	16635	/s/S010524
784	145277440	145278739	1299	/s/S010525
785	145278976	145305074	26098	/s/S010526
786	145305088	145319257	14169	/s/S010527
787	145319424	145350325	30901	/s/S010528
788	145350656	145382380	31724	/s/S010701
789	145382400	145396280	13880	/s/S010702
790	145396736	145411234	14498	/s/S010703
791	145411584	145433548	21964	/s/S010704
792	145433600	145464571	30971	/s/S010705
793	145464832	145498955	34123	/s/S010706
794	145499136	145506937	7801	/s/S010707
795	145507328	145533996	26668	/s/S010708
796	145534464	145545986	11522	/s/S010709
797	145546240	145583104	36864	/s/S010710
798	145583104	145609083	25979	/s/S010711
799	145609216	145641131	31915	/s/S010712
800	145641472	145662874	21402	/s/S010713
801	145662976	145680874	17898	/s/S010714
802	145680896	145704461	23565	/s/S010715
803	145704960	145709577	4617	/s/S010716
804	145710080	145726182	16102	/s/S010717
805	145726464	145735535	9071	/s/S010718
806	145735680	145737890	2210	/s/S010719
807	145738240	145764432	26192	/s/S010720
808	145764864	145778973	14109	/s/S010721
809	145779200	145814970	35770	/s/S010722
810	145815040	145820038	4998	/s/S010723
811	145820160	145850395	30235	/s/S010724
812	145850880	145853461	2581	/s/S010725
813	145853952	145871156	17204	/s/S010726
814	145871360	145904170	32810	/s/S010727
815	145904640	145929003	24363	/s/S010728
816	145929216	145940994	11778	/s/S010729
817	145941504	145950097	8593	/s/S010730
818	145950208	145964545	14337	/s/S010731
819	145965056	145984590	19534	/s/S010732
820	145985024	145996604	11580	/s/S010733
821	145996800	146002041	5241	/s/S010734
822	146002432	146039204	36772	/s/S010735
823	146039296	146049686	10390	/s/S010901
824	146050048	146053158	3110	/s/S010902
825	146053632	146068586	14954	/s/S010903
826	146068992	146083402	14410	/s/S010904
827	146083840	146120159	36319	/s/S010905
828	146120192	146134327	14135	/s/S010906
829	146134528	146154098	19570	/s/S010907
830	146154496	146177462	22966	/s/S010908
831	146177536	146191532	13996	/s/S010909
832	146191872	146209532	17660	/s/S010910
833	146209792	146236049	26257	/s/S010911
834	146236416	146250461	14045	/s/S010912
835	146250752	146265095	14343	/s/S010913
836	146265600	146277915	12315	/s/S010914
837	146278400	146284986	6586	/s/S010915
838	146285056	146292280	7224	/s/S010916
839	146292736	146320359	27623	/s/S011201
840	146320384	146348242	27858	/s/S011202
841	146348544	146378379	29835	/s/S011203
842	146378752	146408628	29876	/s/S011204
843	146408960	146426551	17591	/s/S011205
844	146426880	146472162	45282	/s/S011206
845	146472448	146505431	32983	/s/S011207
846	146505728	146524561	18833	/s/S011208
847	146524672	146553764	29092	/s/S011209
848	146553856	146574553	20697	/s/S011210
849	146574848	146602141	27293	/s/S011211
850	146602496	146619325	16829	/s/S011212
851	146619392	146647919	28527	/s/S011213
852	146648064	146683012	34948	/s/S011214
853	146683392	146704400	21008	/s/S011215
854	146704896	146731559	26663	/s/S011216
855	146732032	146747379	15347	/s/S011217
856	146747392	146759995	12603	/s/S011218
857	146760192	146767509	7317	/s/S011219
858	146767872	146788280	20408	/s/S011220
859	146788352	146796775	8423	/s/S011221
860	146797056	146825451	28395	/s/S011222
861	146825728	146843381	17653	/s/S011223
862	146843648	146859894	16246	/s/S011501
863	146860032	146868037	8005	/s/S011502
864	146868224	146886158	17934	/s/S011503
865	146886656	146902362	15706	/s/S011504
866	146902528	146924695	22167	/s/S011505
867	146925056	146930796	5740	/s/S011506
868	146931200	146933955	2755	/s/S011507
869	146934272	146957772	23500	/s/S011508
870	146957824	146988033	30209	/s/S011509
871	146988544	146992483	3939	/s/S011510
872	146992640	147027376	34736	/s/S011511
873	147027456	147061051	33595	/s/S011512
874	147061248	147065196	3948	/s/S011513
875	147065344	147078832	13488	/s/S011514
876	147079168	147090757	11589	/s/S011515
877	147090944	147106719	15775	/s/S011516
878	147106816	147127485	20669	/s/S011517
879	147127808	147146083	18275	/s/S011518
880	147146240	147156894	10654	/s/S011519
881	147156992	147183183	26191	/s/S011520
882	147183616	147205562	21946	/s/S011521
883	147205632	147211138	5506	/s/S011522
884	147211264	147230307	19043	/s/S011523
885	147230720	147250273	19553	/s/S011524
886	147250688	147286165	35477	/s/S011525
887	147286528	147320174	33646	/s/S011526
888	147320320	147328844	8524	/s/S011527
889	147329024	147360161	31137	/s/S011528
890	147360256	147383732	23476	/s/S011529
891	147383808	147404648	20840	/s/S011530
892	147404800	147419632	14832	/s/S011531
893	147419648	147478181	58533	/s/S011532
894	147478528	147482308	3780	/s/S011533
895	147482624	147500863	18239	/s/S011534
896	147501056	147521090	20034	/s/S020201
897	147521536	147537919	16383	/s/S020202
898	147537920	147579148	41228	/s/S020203
899	147579392	147607919	28527	/s/S020204
900	147608064	147632641	24577	/s/S020205
901	147633152	147640618	7466	/s/S020206
902	147640832	147648906	8074	/s/S020207
903	147649024	147671702	22678	/s/S020208
904	147672064	147690835	18771	/s/S020209
905	147691008	147720927	29919	/s/S020210
906	147721216	147735616	14400	/s/S020211
907	147736064	147738263	2199	/s/S020212
908	147738624	147770499	31875	/s/S020213
909	147770880	147784129	13249	/s/S020214
910	147784192	147825434	41242	/s/S020215
911	147825664	147862638	36974	/s/S020216
912	147863040	147893196	30156	/s/S020217
913	147893248	147912804	19556	/s/S020218
914	147913216	147921864	8648	/s/S020219
915	147921920	147954296	32376	/s/S020220
916	147954688	147980949	26261	/s/S020221
917	147981312	148000819	19507	/s/S020222
918	148001280	148008485	7205	/s/S020223
919	148008960	148030382	21422	/s/S020224
920	148030464	148067582	37118	/s/S020225
921	148067840	148090905	23065	/s/S020226
922	148091392	148124783	33391	/s/S020227
923	148125184	148134942	9758	/s/S020228
924	148135424	148165165	29741	/s/S020229
925	148165632	148201301	35669	/s/S020230
926	148201472	148208088	6616	/s/S020231
927	148208128	148240855	32727	/s/S020232
928	148240896	148268494	27598	/s/S020233
929	148268544	148285609	17065	/s/S020234
930	148285952	148295344	9392	/s/S020235
931	148295680	148318990	23310	/s/S020601
932	148319232	148347156	27924	/s/S020602
933	148347392	148371927	24535	/s/S020603
934	148371968	148386423	14455	/s/S020604
935	148386816	148420414	33598	/s/S020605
936	148420608	148431720	11112	/s/S020606
937	148431872	148464954	33082	/s/S020607
938	148465152	148491662	26510	/s/S020608
939	148491776	148505392	13616	/s/S020609
940	148505600	148537054	31454	/s/S020610
941	148537344	148549481	12137	/s/S020611
942	148549632	148579792	30160	/s/S020612
943	148579840	148601560	21720	/s/S020613
944	148601856	148626295	24439	/s/S020614
945	148626432	148639045	12613	/s/S020615
946	148639232	148660086	20854	/s/S020616
947	148660224	148675985	15761	/s/S021201
948	148676096	148683425	7329	/s/S021202
949	148683776	148712742	28966	/s/S021203
950	148712960	148738664	25704	/s/S021204
951	148739072	148749043	9971	/s/S021205
952	148749312	148782217	32905	/s/S021206
953	148782592	148802683	20091	/s/S021207
954	148803072	148836782	33710	/s/S021208
955	148836864	148857851	20987	/s/S021209
956	148857856	148885203	27347	/s/S021210
957	148885504	148893242	7738	/s/S021211
958	148893696	148940586	46890	/s/S021212
959	148940800	148948170	7370	/s/S021213
960	148948480	149006781	58301	/s/S021214
961	149006848	149028584	21736	/s/S021215
962	149028864	149057704	28840	/s/S021216
963	149058048	149062954	4906	/s/S021216a
964	149063168	149107167	43999	/s/S021217
965	149107200	149168351	61151	/s/S021218
966	149168640	149182304	13664	/s/S021219
967	149182464	149195072	12608	/s/S021220
968	149195264	149209087	13823	/s/S021601
969	149209088	149221885	12797	/s/S021602
970	149221888	149238405	16517	/s/S021603
971	149238784	149260631	21847	/s/S021604
972	149260800	149264204	3404	/s/S021605
973	149264384	149274293	9909	/s/S021606
974	149274624	149281393	6769	/s/S021607
975	149281792	149286685	4893	/s/S021608
976	149286912	149294337	7425	/s/S021609
977	149294592	149303776	9184	/s/S021610
978	149303808	149323483	19675	/s/S021611
979	149323776	149360038	36262	/s/S021612
980	149360128	149384680	24552	/s/S021613
981	149384704	149398416	13712	/s/S021614
982	149398528	149430263	31735	/s/S021615
983	149430272	149445931	15659	/s/S021616
984	149446144	149467335	21191	/s/S021617
985	149467648	149481191	13543	/s/S021618
986	149481472	149496138	14666	/s/S021619
987	149496320	149515191	18871	/s/S021620
988	149515264	149542076	26812	/s/S021621
989	149542400	149568056	25656	/s/S021622
990	149568512	149574937	6425	/s/S021623
991	149575168	149599966	24798	/s/S021624
992	149600256	149602280	2024	/s/S021625
993	149602304	149627718	25414	/s/S021626
994	149627904	149639366	11462	/s/S021627
995	149639680	149657153	17473	/s/S021628
996	149657600	149684407	26807	/s/S021629
997	149684736	149698019	13283	/s/S021630
998	149698048	149734430	36382	/s/S021631
999	149734912	149748537	13625	/s/S021632
1000	149748736	149759718	10982	/s/S021633
1001	149760000	149769348	9348	/s/S030501
1002	149769728	149778307	8579	/s/S030502
1003	149778432	149797866	19434	/s/S030503
1004	149797888	149814799	16911	/s/S030504
1005	149815296	149841188	25892	/s/S030505
1006	149841408	149861036	19628	/s/S030506
1007	149861376	149887987	26611	/s/S030507
1008	149888000	149893466	5466	/s/S030508
1009	149893632	149914068	20436	/s/S030509
1010	149914112	149938004	23892	/s/S030510
1011	149938176	149962932	24756	/s/S030511
1012	149963264	149976435	13171	/s/S030512
1013	149976576	149991078	14502	/s/S030513
1014	149991424	150006102	14678	/s/S030514
1015	150006272	150042915	36643	/s/S030515
1016	150043136	150064419	21283	/s/S030516
1017	150064640	150093616	28976	/s/S030517
1018	150093824	150125740	31916	/s/S030518
1019	150126080	150159436	33356	/s/S030519
1020	150159872	150192521	32649	/s/S030520
1021	150192640	150210586	17946	/s/S030521
1022	150211072	150230436	19364	/s/S030522
1023	150230528	150255508	24980	/s/S030523
1024	150255616	150281450	25834	/s/S030524
1025	150281728	150309537	27809	/s/S030525
1026	150309888	150319767	9879	/s/S030526
1027	150320128	150334715	14587	/s/S030527
1028	150334976	150354104	19128	/s/S030528
1029	150354432	150365147	10715	/s/S030529
1030	150365184	150369731	4547	/s/S030530
1031	150369792	150400778	30986	/s/S030531
1032	150401024	150412169	11145	/s/S030532
1033	150412288	150432172	19884	/s/S030533
1034	150432256	150458145	25889	/s/S030534
1035	150458368	150486116	27748	/s/S030535
1036	150486528	150507415	20887	/s/S030536
1037	150507520	150522305	14785	/s/S030537
1038	150522368	150524535	2167	/s/S030538
1039	150524928	150542301	17373	/s/S030539
1040	150542336	150550785	8449	/s/S030540
1041	150551040	150585971	34931	/s/S030541
1042	150586368	150605556	19188	/s/S030542
1043	150605824	150626104	20280	/s/S030601
1044	150626304	150642001	15697	/s/S030602
1045	150642176	150658679	16503	/s/S030603
1046	150659072	150680208	21136	/s/S030604
1047	150680576	150699798	19222	/s/S030605
1048	150700032	150702993	2961	/s/S030606
1049	150703104	150719610	16506	/s/S030607
1050	150720000	150727823	7823	/s/S030608
1051	150728192	150767121	38929	/s/S030609
1052	150767616	150792847	25231	/s/S030610
1053	150793216	150805989	12773	/s/S030611
1054	150806016	150826650	20634	/s/S030612
1055	150827008	150854653	27645	/s/S030613
1056	150854656	150875667	21011	/s/S030614
1057	150876160	150884378	8218	/s/S030615
1058	150884864	150910991	26127	/s/S030616
1059	150911488	150928186	16698	/s/S030617
1060	150928384	150955334	26950	/s/S030618
1061	150955520	150986839	31319	/s/S030619
1062	150987264	150998834	11570	/s/S030620
1063	150999040	151014143	15103	/s/S030621
1064	151014400	151042709	28309	/s/S030622
1065	151043072	151054229	11157	/s/S030623
1066	151054336	151067281	12945	/s/S030624
1067	151067648	151077394	9746	/s/S030701
1068	151077888	151097431	19543	/s/S030702
1069	151097856	151117699	19843	/s/S030703
1070	151117824	151140132	22308	/s/S030704
1071	151140352	151152278	11926	/s/S030705
1072	151152640	151179404	26764	/s/S030706
1073	151179776	151221193	41417	/s/S030707
1074	151221248	151230156	8908	/s/S030708
1075	151230464	151268769	38305	/s/S030709
1076	151268864	151298545	29681	/s/S030710
1077	151298560	151322713	24153	/s/S030711
1078	151323136	151356544	33408	/s/S030712
1079	151356928	151384499	27571	/s/S030713
1080	151384576	151414718	30142	/s/S030714
1081	151414784	151438095	23311	/s/S030715
1082	151438336	151470208	31872	/s/S030716
1083	151470592	151489001	18409	/s/S030717
1084	151489024	151514259	25235	/s/S030718
1085	151514624	151550653	36029	/s/S030719
1086	151550976	151572416	21440	/s/S030801
1087	151572480	151596837	24357	/s/S030802
1088	151597056	151604203	7147	/s/S030803
1089	151604224	151630088	25864	/s/S030804
1090	151630336	151638117	7781	/s/S030805
1091	151638528	151651692	13164	/s/S030806
1092	151651840	151673680	21840	/s/S030807
1093	151673856	151695769	21913	/s/S030808
1094	151695872	151716824	20952	/s/S030809
1095	151716864	151738215	21351	/s/S030810
1096	151738368	151741726	3358	/s/S030811
1097	151741952	151759470	17518	/s/S030812
1098	151759872	151781347	21475	/s/S030813
1099	151781376	151798239	16863	/s/S030901
1100	151798272	151815738	17466	/s/S030902
1101	151816192	151825401	9209	/s/S030903
1102	151825408	151854491	29083	/s/S030904
1103	151854592	151884926	30334	/s/S030905
1104	151885312	151916051	30739	/s/S030906
1105	151916544	151934811	18267	/s/S030907
1106	151934976	151943503	8527	/s/S030908
1107	151943680	151959004	15324	/s/S030909
1108	151959040	151967888	8848	/s/S030910
1109	151968256	151977005	8749	/s/S030911
1110	151977472	151987429	9957	/s/S030912
1111	151987712	151997111	9399	/s/S031001
1112	151997440	152005468	8028	/s/S031002
1113	152005632	152015591	9959	/s/S031003
1114	152015872	152025800	9928	/s/S031004
1115	152026112	152028573	2461	/s/S031005
1116	152028672	152040038	11366	/s/S031006
1117	152040448	152046359	5911	/s/S031007
1118	152046592	152054080	7488	/s/S031008
1119	152054272	152077256	22984	/s/S031009
1120	152077312	152090443	13131	/s/S031010
1121	152090624	152100420	9796	/s/S031011
1122	152100864	152116756	15892	/s/S031012
1123	152117248	152136007	18759	/s/S031013
1124	152136192	152157246	21054	/s/S031014
1125	152157696	152171417	13721	/s/S031015
1126	152171520	152198405	26885	/s/S031016
1127	152198656	152220436	21780	/s/S031017
1128	152220672	152246128	25456	/s/S031018
1129	152246272	152247612	1340	/s/S031019
1130	152247808	152282828	35020	/s/S031020
1131	152283136	152319666	36530	/s/S031021
1132	152320000	152344306	24306	/s/S031022
1133	152344576	152356661	12085	/s/S031023
1134	152356864	152368805	11941	/s/S031024
1135	152369152	152406528	37376	/s/S031025
1136	152406528	152434870	28342	/s/S031026
1137	152435200	152446043	10843	/s/S031027
1138	152446464	152458677	12213	/s/S031028
1139	152458752	152484126	25374	/s/S031029
1140	152484352	152502492	18140	/s/S031030
1141	152502784	152515271	12487	/s/S031031
1142	152515584	152525390	9806	/s/S031032
1143	152525824	152549190	23366	/s/S031033
1144	152549376	152566703	17327	/s/S031034
1145	152566784	152591735	24951	/s/S031035
1146	152591872	152594052	2180	/s/S031401
1147	152594432	152605888	11456	/s/S031402
1148	152606208	152627130	20922	/s/S031403
1149	152627200	152663112	35912	/s/S031404
1150	152663552	152703808	40256	/s/S031405
1151	152704000	152713696	9696	/s/S031406
1152	152713728	152717972	4244	/s/S031407
1153	152718336	152734788	16452	/s/S031408
1154	152735232	152757689	22457	/s/S031409
1155	152757760	152794456	36696	/s/S031410
1156	152794624	152807460	12836	/s/S031411
1157	152807936	152816376	8440	/s/S031412
1158	152816640	152823454	6814	/s/S031413
1159	152823808	152834947	11139	/s/S031414
1160	152835072	152871192	36120	/s/S031415
1161	152871424	152874581	3157	/s/S031416
1162	152875008	152876838	1830	/s/S031417
1163	152877056	152880221	3165	/s/S031418
1164	152880640	152918678	38038	/s/S031419
1165	152919040	152922397	3357	/s/S031420
1166	152922624	152957727	35103	/s/S031421
1167	152957952	152974182	16230	/s/S031422
1168	152974336	152989487	15151	/s/S031423
1169	152989696	152998346	8650	/s/S031424
1170	152998400	153002094	3694	/s/S031425
1171	153002496	153015104	12608	/s/S031426
1172	153015296	153035434	20138	/s/S031427
1173	153035776	153038340	2564	/s/S031428
1174	153038848	153063253	24405	/s/S031429
1175	153063424	153080322	16898	/s/S031430
1176	153080832	153089532	8700	/s/S031431
1177	153089536	153102441	12905	/s/S031432
1178	153102848	153117426	14578	/s/S031433
1179	153117696	153139658	21962	/s/S031434
1180	153139712	153164413	24701	/s/S031435
1181	153164800	153209064	44264	/s/S031501
1182	153209344	153241251	31907	/s/S031502
1183	153241600	153246267	4667	/s/S031503
1184	153246720	153267880	21160	/s/S031504
1185	153268224	153272743	4519	/s/S031505
1186	153272832	153282871	10039	/s/S031506
1187	153283072	153287092	4020	/s/S031507
1188	153287168	153297520	10352	/s/S031508
1189	153297920	153312949	15029	/s/S031509
1190	153313280	153332748	19468	/s/S031510
1191	153333248	153350313	17065	/s/S031511
1192	153350656	153375165	24509	/s/S031512
1193	153375232	153386249	11017	/s/S031513
1194	153386496	153398561	12065	/s/S031514
1195	153398784	153420345	21561	/s/S031515
1196	153420800	153426654	5854	/s/S031516
1197	153426944	153444298	17354	/s/S031517
1198	153444352	153454733	10381	/s/S031518
1199	153455104	153466816	11712	/s/S031519
1200	153466880	153475376	8496	/s/S031520
1201	153475584	153488312	12728	/s/S031521
1202	153488384	153515122	26738	/s/S031522
1203	153515520	153526639	11119	/s/S031523
1204	153526784	153558547	31763	/s/S031524
1205	153559040	153591171	32131	/s/S031525
1206	153591296	153628020	36724	/s/S031526
1207	153628160	153651366	23206	/s/S031527
1208	153651712	153677401	25689	/s/S031528
1209	153677824	153682826	5002	/s/S031529
1210	153682944	153713312	30368	/s/S031530
1211	153713664	153728580	14916	/s/S031531
1212	153729024	153753394	24370	/s/S031532
1213	153753600	153794241	40641	/s/S031533
1214	153794560	153810382	15822	/s/S031534
1215	153810432	153844286	33854	/s/S031535
1216	153844736	153849758	5022	/s/S031536
1217	153849856	153891740	41884	/s/S031537
1218	153891840	153930478	38638	/s/S031538
1219	153930752	153944810	14058	/s/S031539
1220	153945088	153966330	21242	/s/S031540
1221	153966592	153974297	7705	/s/S031541
1222	153974784	154013564	38780	/s/S031542
1223	154013696	154030327	16631	/s/S031543
1224	154030592	154046076	15484	/s/S031544
1225	154046464	154066126	19662	/s/S031545
1226	154066432	154090257	23825	/s/S031601
1227	154090496	154103211	12715	/s/S031602
1228	154103296	154114321	11025	/s/S031603
1229	154114560	154122104	7544	/s/S031604
1230	154122240	154131342	9102	/s/S031605
1231	154131456	154142309	10853	/s/S031606
1232	154142720	154157923	15203	/s/S031607
1233	154158080	154178192	20112	/s/S031608
1234	154178560	154189969	11409	/s/S031609
1235	154190336	154200922	10586	/s/S031610
1236	154201088	154214594	13506	/s/S031611
1237	154214912	154236525	21613	/s/S031612
1238	154236928	154264741	27813	/s/S031801
1239	154265088	154307874	42786	/s/S031802
1240	154308096	154316821	8725	/s/S031803
1241	154317312	154344194	26882	/s/S031804
1242	154344448	154346990	2542	/s/S031805
1243	154347008	154349572	2564	/s/S031806
1244	154350080	154364978	14898	/s/S031807
1245	154365440	154369186	3746	/s/S031808
1246	154369536	154371718	2182	/s/S031809
1247	154372096	154375050	2954	/s/S031810
1248	154375168	154396203	21035	/s/S031811
1249	154396672	154435966	39294	/s/S031812
1250	154436096	154462789	26693	/s/S031813
1251	154463232	154478050	14818	/s/S031814
1252	154478080	154502454	24374	/s/S031815
1253	154502656	154535330	32674	/s/S031816
1254	154535424	154579282	43858	/s/S031817
1255	154579456	154588748	9292	/s/S031818
1256	154589184	154605668	16484	/s/S031819
1257	154606080	154629914	23834	/s/S031820
1258	154630144	154660726	30582	/s/S031821
1259	154660864	154671183	10319	/s/S040601
1260	154671616	154674493	2877	/s/S040602
1261	154674688	154695002	20314	/s/S040603
1262	154695168	154713448	18280	/s/S040604
1263	154713600	154728658	15058	/s/S040605
1264	154728960	154756127	27167	/s/S040606
1265	154756608	154770658	14050	/s/S040607
1266	154770944	154788166	17222	/s/S040608
1267	154788352	154813403	25051	/s/S040609
1268	154813440	154834518	21078	/s/S040610
1269	154834944	154852274	17330	/s/S040611
1270	154852352	154868387	16035	/s/S040612
1271	154868736	154888729	19993	/s/S040613
1272	154889216	154910095	20879	/s/S040614
1273	154910208	154934157	23949	/s/S040615
1274	154934272	154945783	11511	/s/S040616
1275	154946048	154947771	1723	/s/S040617
1276	154948096	154972406	24310	/s/S040618
1277	154972672	154994630	21958	/s/S040619
1278	154994688	155000638	5950	/s/S040620
1279	155000832	155030086	29254	/s/S040621
1280	155030528	155051910	21382	/s/S040622
1281	155052032	155057729	5697	/s/S040623
1282	155058176	155071330	13154	/s/S040624
1283	155071488	155073322	1834	/s/S040625
1284	155073536	155077842	4306	/s/S040626
1285	155078144	155098100	19956	/s/S040627
1286	155098112	155119458	21346	/s/S040628
1287	155119616	155145760	26144	/s/S040629
1288	155146240	155147029	789	/s/S040630
1289	155147264	155179975	32711	/s/S040631
1290	155180032	155185440	5408	/s/S040632
1291	155185664	155200789	15125	/s/S040633
1292	155201024	155219119	18095	/s/S040634
1293	155219456	155222855	3399	/s/S040635
1294	155223040	155269674	46634	/s/S040801
1295	155270144	155278277	8133	/s/S040802
1296	155278336	155314053	35717	/s/S040803
1297	155314176	155332973	18797	/s/S040804
1298	155333120	155346101	12981	/s/S040805
1299	155346432	155364674	18242	/s/S040806
1300	155364864	155367811	2947	/s/S040807
1301	155367936	155389545	21609	/s/S040808
1302	155389952	155413509	23557	/s/S040809
1303	155414016	155434634	20618	/s/S040810
1304	155435008	155441966	6958	/s/S040811
1305	155442176	155453164	10988	/s/S040812
1306	155453440	155470304	16864	/s/S040813
1307	155470336	155481141	10805	/s/S040814
1308	155481600	155497914	16314	/s/S040815
1309	155497984	155522688	24704	/s/S040816
1310	155523072	155536342	13270	/s/S040817
1311	155536384	155562374	25990	/s/S040818
1312	155562496	155575588	13092	/s/S040819
1313	155575808	155621505	45697	/s/S040820
1314	155621888	155630760	8872	/s/S040821
1315	155631104	155647034	15930	/s/S040822
1316	155647488	155677370	29882	/s/S040823
1317	155677696	155685337	7641	/s/S040824
1318	155685376	155713216	27840	/s/S040825
1319	155713536	155731408	17872	/s/S040826
1320	155731456	155753066	21610	/s/S040827
1321	155753472	155786689	33217	/s/S040828
1322	155786752	155805077	18325	/s/S040829
1323	155805184	155825116	19932	/s/S040830
1324	155825152	155849829	24677	/s/S040831
1325	155850240	155861152	10912	/s/S041101
1326	155861504	155878421	16917	/s/S041102
1327	155878912	155903197	24285	/s/S041103
1328	155903488	155921142	17654	/s/S041104
1329	155921408	155934632	13224	/s/S041105
1330	155934720	155951201	16481	/s/S041106
1331	155951616	155962349	10733	/s/S041107
1332	155962368	155980518	18150	/s/S041108
1333	155980800	156001523	20723	/s/S041109
1334	156001792	156023878	22086	/s/S041110
1335	156024320	156038591	14271	/s/S041111
1336	156038656	156047872	9216	/s/S041112
1337	156047872	156073562	25690	/s/S041113
1338	156073984	156099603	25619	/s/S041114
1339	156100096	156109660	9564	/s/S041115
1340	156109824	156118623	8799	/s/S041116
1341	156119040	156138325	19285	/s/S041117
1342	156138496	156145568	7072	/s/S041118
1343	156145664	156153026	7362	/s/S041119
1344	156153344	156164663	11319	/s/S041120
1345	156165120	156178211	13091	/s/S041121
1346	156178432	156211715	33283	/s/S041201
1347	156212224	156225683	13459	/s/S041202
1348	156226048	156228635	2587	/s/S041203
1349	156229120	156242118	12998	/s/S041204
1350	156242432	156266182	23750	/s/S041205
1351	156266496	156277138	10642	/s/S041206
1352	156277248	156301874	24626	/s/S041207
1353	156302336	156319331	16995	/s/S041208
1354	156319744	156328804	9060	/s/S041209
1355	156328960	156338275	9315	/s/S041210
1356	156338688	156364704	26016	/s/S041211
1357	156364800	156388166	23366	/s/S041212
1358	156388352	156421917	33565	/s/S041213
1359	156422144	156432185	10041	/s/S041214
1360	156432384	156440710	8326	/s/S041215
1361	156441088	156465307	24219	/s/S041216
1362	156465664	156476895	11231	/s/S041217
1363	156476928	156493240	16312	/s/S041301
1364	156493312	156501160	7848	/s/S041302
1365	156501504	156517073	15569	/s/S041303
1366	156517376	156524250	6874	/s/S041304
1367	156524544	156547308	22764	/s/S041305
1368	156547584	156558310	10726	/s/S041306
1369	156558336	156575145	16809	/s/S041307
1370	156575232	156586852	11620	/s/S041308
1371	156587008	156601303	14295	/s/S041309
1372	156601344	156630706	29362	/s/S041310
1373	156631040	156636074	5034	/s/S041311
1374	156636160	156649101	12941	/s/S041312
1375	156649472	156662229	12757	/s/S041313
1376	156662272	156679612	17340	/s/S041314
1377	156679680	156694934	15254	/s/S041315
1378	156695040	156715483	20443	/s/S041316
1379	156715520	156723719	8199	/s/S042001
1380	156724224	156729750	5526	/s/S042002
1381	156729856	156755662	25806	/s/S042003
1382	156755968	156780423	24455	/s/S042004
1383	156780544	156805318	24774	/s/S042005
1384	156805632	156814289	8657	/s/S042006
1385	156814336	156834506	20170	/s/S042007
1386	156834816	156858460	23644	/s/S042008
1387	156858880	156882858	23978	/s/S042009
1388	156882944	156905281	22337	/s/S042010
1389	156905472	156934288	28816	/s/S042011
1390	156934656	156954640	19984	/s/S042012
1391	156955136	156983368	28232	/s/S042013
1392	156983808	157007605	23797	/s/S042014
1393	157007872	157019551	11679	/s/S042015
1394	157019648	157037231	17583	/s/S042016
1395	157037568	157060785	23217	/s/S042017
1396	157061120	157081747	20627	/s/S042018
1397	157082112	157114741	32629	/s/S042019
1398	157114880	157140996	26116	/s/S042020
1399	157141504	157157611	16107	/s/S042021
1400	157157888	157185700	27812	/s/S042022
1401	157186048	157214626	28578	/s/S042023
1402	157214720	157241515	26795	/s/S042024
1403	157241856	157273202	31346	/s/S042025
1404	157273600	157294480	20880	/s/S042026
1405	157294592	157319083	24491	/s/S042027
1406	157319168	157331503	12335	/s/S042028
1407	157331968	157355334	23366	/s/S042029
1408	157355520	157364785	9265	/s/S042030
1409	157365248	157407040	41792	/s/S042031
1410	157407232	157427004	19772	/s/S042032
1411	157427200	157431572	4372	/s/S042033
1412	157431808	157447703	15895	/s/S042034
1413	157448192	157464597	16405	/s/S042035
1414	157465088	157488678	23590	/s/S042036
1415	157489152	157505521	16369	/s/S042037
1416	157505536	157516751	11215	/s/S042038
1417	157516800	157540472	23672	/s/S042039
1418	157540864	157577707	36843	/s/S042040
1419	157577728	157607193	29465	/s/S042041
1420	157607424	157624414	16990	/s/S042042
1421	157624832	157626988	2156	/s/S042043
1422	157627392	157640930	13538	/s/S050201
1423	157641216	157667005	25789	/s/S050202
1424	157667328	157685916	18588	/s/S050203
1425	157686272	157720549	34277	/s/S050204
1426	157720576	157739251	18675	/s/S050205
1427	157739520	157751248	11728	/s/S050206
1428	157751296	157773510	22214	/s/S050207
1429	157773824	157808223	34399	/s/S050208
1430	157808640	157817861	9221	/s/S050209
1431	157818368	157858038	39670	/s/S050210
1432	157858304	157897516	39212	/s/S050211
1433	157897728	157924926	27198	/s/S050212
1434	157925376	157952051	26675	/s/S050213
1435	157952512	157971391	18879	/s/S050214
1436	157971456	157982898	11442	/s/S050215
1437	157983232	158007635	24403	/s/S050216
1438	158007808	158028400	20592	/s/S050217
1439	158028800	158062517	33717	/s/S050218
1440	158062592	158091225	28633	/s/S050219
1441	158091264	158113795	22531	/s/S050220
1442	158114304	158157323	43019	/s/S050221
1443	158157824	158188397	30573	/s/S050222
1444	158188544	158216020	27476	/s/S050223
1445	158216192	158225949	9757	/s/S050224
1446	158226432	158237953	11521	/s/S050225
1447	158238208	158268209	30001	/s/S050226
1448	158268416	158289781	21365	/s/S051101
1449	158289920	158308768	18848	/s/S051102
1450	158308864	158352832	43968	/s/S051103
1451	158352896	158389798	36902	/s/S051104
1452	158390272	158409820	19548	/s/S051105
1453	158410240	158451734	41494	/s/S051106
1454	158452224	158457522	5298	/s/S051107
1455	158457856	158462445	4589	/s/S051108
1456	158462464	158482152	19688	/s/S051109
1457	158482432	158514095	31663	/s/S051110
1458	158514176	158527540	13364	/s/S051111
1459	158528000	158537820	9820	/s/S051112
1460	158538240	158545286	7046	/s/S051113
1461	158545408	158550669	5261	/s/S051114
1462	158551040	158562357	11317	/s/S051115
1463	158562816	158565876	3060	/s/S051116
1464	158565888	158568560	2672	/s/S051117
1465	158568960	158629568	60608	/s/S051201
1466	158629888	158647369	17481	/s/S051202
1467	158647808	158668251	20443	/s/S051203
1468	158668288	158684254	15966	/s/S051204
1469	158684672	158704369	19697	/s/S051205
1470	158704640	158731599	26959	/s/S051206
1471	158731776	158737078	5302	/s/S051207
1472	158737408	158748210	10802	/s/S051208
1473	158748672	158766568	17896	/s/S051209
1474	158766592	158785166	18574	/s/S051210
1475	158785536	158810389	24853	/s/S051601
1476	158810624	158820556	9932	/s/S051602
1477	158820864	158850284	29420	/s/S051603
1478	158850560	158860644	10084	/s/S051604
1479	158860800	158890063	29263	/s/S051605
1480	158890496	158927309	36813	/s/S051606
1481	158927360	158953856	26496	/s/S051607
1482	158953984	158976652	22668	/s/S051608
1483	158977024	159009289	32265	/s/S051609
1484	159009792	159035990	26198	/s/S051610
1485	159036416	159044945	8529	/s/S051611
1486	159045120	159075286	30166	/s/S051612
1487	159075328	159106507	31179	/s/S051613
1488	159106560	159121134	14574	/s/S051614
1489	159121408	159130377	8969	/s/S051615
1490	159130624	159139893	9269	/s/S051616
1491	159140352	159162496	22144	/s/S051617
1492	159162880	159192342	29462	/s/S051618
1493	159192576	159216762	24186	/s/S051619
1494	159217152	159240923	23771	/s/S051620
1495	159241216	159248320	7104	/s/S051621
1496	159248384	159271678	23294	/s/S051622
1497	159271936	159294885	22949	/s/S051623
1498	159294976	159300195	5219	/s/S051624
1499	159300608	159314222	13614	/s/S051625
1500	159314432	159337626	23194	/s/S051626
1501	159337984	159354605	16621	/s/S051627
1502	159354880	159367640	12760	/s/S051628
1503	159367680	159374150	6470	/s/S051629
1504	159374336	159400965	26629	/s/S051630
1505	159401472	159419746	18274	/s/S051631
1506	159419904	159434132	14228	/s/S051632
1507	159434240	159466875	32635	/s/S051633
1508	159467008	159471902	4894	/s/S051634
1509	159472128	159497205	25077	/s/S051635
1510	159497216	159510321	13105	/s/S051636
1511	159510528	159540563	30035	/s/S051637
1512	159540736	159551454	10718	/s/S051638
1513	159551488	159555905	4417	/s/S051639
1514	159556096	159577316	21220	/s/S051640
1515	159577600	159598758	21158	/s/S051641
1516	159599104	159611802	12698	/s/S051642
1517	159611904	159640490	28586	/s/S060201
1518	159640576	159665345	24769	/s/S060202
1519	159665664	159696563	30899	/s/S060203
1520	159696896	159708249	11353	/s/S060204
1521	159708672	159720497	11825	/s/S060205
1522	159720960	159748157	27197	/s/S060206
1523	159748608	159756061	7453	/s/S060207
1524	159756288	159787558	31270	/s/S060208
1525	159788032	159817984	29952	/s/S060209
1526	159818240	159850006	31766	/s/S060210
1527	159850496	159878772	28276	/s/S060211
1528	159879168	159909926	30758	/s/S060212
1529	159910400	159933996	23596	/s/S060213
1530	159934464	159944089	9625	/s/S060214
1531	159944192	159953653	9461	/s/S060215
1532	159953920	159971608	17688	/s/S060216
1533	159971840	159981911	10071	/s/S061301
1534	159982080	159995929	13849	/s/S061302
1535	159996416	160000945	4529	/s/S061303
1536	160001024	160014845	13821	/s/S061304
1537	160014848	160034248	19400	/s/S061305
1538	160034304	160061477	27173	/s/S061306
1539	160061952	160073596	11644	/s/S061307
1540	160073728	160091602	17874	/s/S061308
1541	160091648	160112931	21283	/s/S061309
1542	160113152	160132691	19539	/s/S061310
1543	160133120	160145206	12086	/s/S061311
1544	160145408	160156741	11333	/s/S061312
1545	160157184	160181004	23820	/s/S061313
1546	160181248	160198184	16936	/s/S061314
1547	160198656	160204976	6320	/s/S061315
1548	160205312	160207701	2389	/s/S061316
1549	160207872	160210461	2589	/s/S061317
1550	160210944	160226004	15060	/s/S061318
1551	160226304	160251377	25073	/s/S061319
1552	160251392	160267376	15984	/s/S061320
1553	160267776	160287130	19354	/s/S061401
1554	160287232	160293654	6422	/s/S061402
1555	160293888	160319821	25933	/s/S061403
1556	160320000	160328473	8473	/s/S061404
1557	160328704	160362127	33423	/s/S061405
1558	160362496	160383768	21272	/s/S061406
1559	160384000	160396390	12390	/s/S061407
1560	160396800	160414879	18079	/s/S061408
1561	160415232	160442424	27192	/s/S061409
1562	160442880	160450983	8103	/s/S061410
1563	160451072	160456323	5251	/s/S061411
1564	160456704	160471423	14719	/s/S061412
1565	160471552	160480022	8470	/s/S061413
1566	160480256	160491909	11653	/s/S061414
1567	160492032	160498638	6606	/s/S061415
1568	160498688	160501180	2492	/s/S061416
1569	160501248	160503449	2201	/s/S061417
1570	160503808	160513718	9910	/s/S061418
1571	160514048	160520833	6785	/s/S061419
1572	160521216	160538707	17491	/s/S061420
1573	160539136	160559060	19924	/s/S061421
1574	160559104	160580091	20987	/s/S061422
1575	160580096	160590845	10749	/s/S061423
1576	160590848	160602771	11923	/s/S061424
1577	160603136	160625623	22487	/s/S061425
1578	160625664	160636677	11013	/s/S061426
1579	160636928	160651521	14593	/s/S061427
1580	160651776	160661582	9806	/s/S061428
1581	160662016	160668068	6052	/s/S061429
1582	160668160	160671489	3329	/s/S061430
1583	160671744	160703011	31267	/s/S061431
1584	160703488	160730411	26923	/s/S061432
1585	160730624	160763787	33163	/s/S061433
1586	160763904	160789941	26037	/s/S061434
1587	160790016	160807702	17686	/s/S061435
1588	160807936	160830670	22734	/s/S061436
1589	160830976	160867201	36225	/s/S061437
1590	160867328	160892064	24736	/s/S061438
1591	160892416	160908022	15606	/s/S061439
1592	160908288	160920359	12071	/s/S061440
1593	160920576	160949163	28587	/s/S061441
1594	160949248	160965474	16226	/s/S061442
1595	160965632	160990446	24814	/s/S061443
1596	160990720	161014689	23969	/s/S061444
1597	161014784	161024815	10031	/s/S061445
1598	161025024	161045135	20111	/s/S061446
1599	161045504	161077339	31835	/s/S061447
1600	161077760	161112930	35170	/s/S061448
1601	161113088	161130921	17833	/s/S061449
1602	161131008	161136888	5880	/s/S071101
1603	161137152	161143071	5919	/s/S071102
1604	161143296	161174367	31071	/s/S071103
1605	161174528	161202387	27859	/s/S071104
1606	161202688	161229890	27202	/s/S071105
1607	161230336	161245847	15511	/s/S071106
1608	161246208	161268748	22540	/s/S071107
1609	161269248	161302321	33073	/s/S071108
1610	161302528	161317862	15334	/s/S071109
1611	161317888	161331951	14063	/s/S071110
1612	161332224	161342858	10634	/s/S071111
1613	161342976	161397801	54825	/s/S071201
1614	161398272	161414203	15931	/s/S071202
1615	161414656	161437916	23260	/s/S071203
1616	161438208	161453711	15503	/s/S071204
1617	161454080	161465032	10952	/s/S071205
1618	161465344	161469682	4338	/s/S071206
1619	161469952	161480847	10895	/s/S071207
1620	161481216	161497131	15915	/s/S071208
1621	161497600	161514191	16591	/s/S071209
1622	161514496	161555043	40547	/s/S071210
1623	161555456	161567103	11647	/s/S071211
1624	161567232	161578434	11202	/s/S071212
1625	161578496	161585518	7022	/s/S071213
1626	161585664	161594257	8593	/s/S071214
1627	161594368	161598892	4524	/s/S071215
1628	161598976	161604577	5601	/s/S071216
1629	161604608	161614908	10300	/s/S071217
1630	161615360	161629389	14029	/s/S071218
1631	161629696	161651031	21335	/s/S071219
1632	161651200	161657047	5847	/s/S071220
1633	161657344	161677487	20143	/s/S071221
1634	161677824	161687799	9975	/s/S071222
1635	161688064	161705133	17069	/s/S071223
1636	161705472	161720004	14532	/s/S071224
1637	161720320	161725928	5608	/s/S071225
1638	161725952	161740220	14268	/s/S071226
1639	161740288	161760224	19936	/s/S071227
1640	161760256	161781587	21331	/s/S071228
1641	161781760	161785649	3889	/s/S071229
1642	161785856	161800199	14343	/s/S071230
1643	161800704	161808713	8009	/s/S071231
1644	161808896	161820019	11123	/s/S071401
1645	161820160	161835383	15223	/s/S071402
1646	161835520	161862462	26942	/s/S071403
1647	161862656	161884992	22336	/s/S071404
1648	161885184	161914517	29333	/s/S071405
1649	161914880	161919242	4362	/s/S071406
1650	161919488	161922985	3497	/s/S071407
1651	161923072	161944765	21693	/s/S071408
1652	161945088	161963372	18284	/s/S071409
1653	161963520	161989361	25841	/s/S071410
1654	161989632	162003138	13506	/s/S071411
1655	162003456	162020191	16735	/s/S071412
1656	162020352	162036009	15657	/s/S071413
1657	162036224	162051712	15488	/s/S071414
1658	162052096	162071575	19479	/s/S071415
1659	162072064	162086492	14428	/s/S071416
1660	162086912	162119965	33053	/s/S071417
1661	162120192	162147848	27656	/s/S071418
1662	162148352	162167191	18839	/s/S071419
1663	162167296	162177886	10590	/s/S071420
1664	162178048	162188428	10380	/s/S071421
1665	162188800	162206223	17423	/s/S071501
1666	162206720	162238695	31975	/s/S071502
1667	162238976	162250413	11437	/s/S071503
1668	162250752	162286106	35354	/s/S071504
1669	162286592	162310841	24249	/s/S071505
1670	162311168	162324557	13389	/s/S071506
1671	162324992	162354320	29328	/s/S071507
1672	162354688	162380688	26000	/s/S071508
1673	162380800	162407664	26864	/s/S071509
1674	162407936	162440575	32639	/s/S071510
1675	162440704	162463983	23279	/s/S071511
1676	162464256	162490032	25776	/s/S071512
1677	162490368	162505384	15016	/s/S071513
1678	162505728	162531491	25763	/s/S071514
1679	162531840	162538099	6259	/s/S071515
1680	162538496	162568523	30027	/s/S071516
1681	162568704	162585586	16882	/s/S071517
1682	162585600	162622016	36416	/s/S071518
1683	162622464	162654050	31586	/s/S071519
1684	162654208	162667121	12913	/s/S071520
1685	162667520	162708550	41030	/s/S071521
1686	162708992	162734825	25833	/s/S071522
1687	162735104	162768038	32934	/s/S071523
1688	162768384	162780833	12449	/s/S071524
1689	162781184	162799543	18359	/s/S071525
1690	162799616	162829304	29688	/s/S071526
1691	162829312	162846149	16837	/s/S080301
1692	162846208	162864324	18116	/s/S080302
1693	162864640	162893790	29150	/s/S080303
1694	162893824	162897212	3388	/s/S080304
1695	162897408	162924478	27070	/s/S080305
1696	162924544	162929851	5307	/s/S080306
1697	162930176	162940252	10076	/s/S080307
1698	162940416	162963861	23445	/s/S080308
1699	162963968	162974445	10477	/s/S080309
1700	162974720	162990088	15368	/s/S080310
1701	162990592	163014258	23666	/s/S080311
1702	163014656	163020929	6273	/s/S080312
1703	163021312	163028418	7106	/s/S080313
1704	163028480	163030669	2189	/s/S080314
1705	163031040	163051193	20153	/s/S080315
1706	163051520	163067702	16182	/s/S080316
1707	163067904	163092450	24546	/s/S080317
1708	163092480	163116861	24381	/s/S080318
1709	163117056	163140319	23263	/s/S080319
1710	163140608	163173547	32939	/s/S080320
1711	163173888	163197942	24054	/s/S080321
1712	163197952	163225654	27702	/s/S080322
1713	163226112	163237024	10912	/s/S080323
1714	163237376	163261630	24254	/s/S080324
1715	163261952	163288360	26408	/s/S080325
1716	163288576	163318328	29752	/s/S080326
1717	163318784	163330596	11812	/s/S080327
1718	163331072	163363490	32418	/s/S080328
1719	163363840	163400241	36401	/s/S080329
1720	163400704	163411872	11168	/s/S080330
1721	163411968	163443404	31436	/s/S080331
1722	163443712	163468478	24766	/s/S080332
1723	163468800	163492657	23857	/s/S080333
1724	163492864	163505852	12988	/s/S080334
1725	163506176	163511739	5563	/s/S080335
1726	163511808	163541127	29319	/s/S080336
1727	163541504	163566730	25226	/s/S080337
1728	163567104	163573147	6043	/s/S080338
1729	163573248	163591363	18115	/s/S080339
1730	163591680	163611217	19537	/s/S080340
1731	163611648	163642394	30746	/s/S080341
1732	163642880	163673764	30884	/s/S080342
1733	163674112	163694271	20159	/s/S080343
1734	163694592	163698124	3532	/s/S080344
1735	163698176	163721793	23617	/s/S080345
1736	163722240	163738963	16723	/s/S080346
1737	163739136	163760031	20895	/s/S080347
1738	163760128	163780766	20638	/s/S080348
1739	163781120	163807334	26214	/s/S080349
1740	163807744	163818335	10591	/s/S080501
1741	163818496	163820913	2417	/s/S080502
1742	163821056	163828912	7856	/s/S080503
1743	163829248	163838129	8881	/s/S080504
1744	163838464	163858189	19725	/s/S080505
1745	163858432	163867889	9457	/s/S080506
1746	163868160	163892710	24550	/s/S080507
1747	163892736	163928773	36037	/s/S080601
1748	163929088	163945308	16220	/s/S080602
1749	163945472	163964039	18567	/s/S080603
1750	163964416	163975443	11027	/s/S080604
1751	163975680	163987549	11869	/s/S080605
1752	163987968	164017225	29257	/s/S080606
1753	164017664	164044702	27038	/s/S080607
1754	164044800	164050091	5291	/s/S080608
1755	164050432	164079183	28751	/s/S080609
1756	164079616	164108043	28427	/s/S080610
1757	164108288	164143090	34802	/s/S080611
1758	164143104	164164576	21472	/s/S080612
1759	164164608	164164675	67	/s/S080613
1760	164165120	164169100	3980	/s/S080614
1761	164169216	164195194	25978	/s/S080615
1762	164195328	164211490	16162	/s/S080616
1763	164211712	164224671	12959	/s/S080617
1764	164225024	164247717	22693	/s/S080618
1765	164248064	164270959	22895	/s/S080701
1766	164271104	164298276	27172	/s/S080702
1767	164298752	164313461	14709	/s/S080703
1768	164313600	164321712	8112	/s/S080704
1769	164321792	164336107	14315	/s/S080705
1770	164336128	164354705	18577	/s/S080706
1771	164355072	164376245	21173	/s/S080707
1772	164376576	164388869	12293	/s/S080708
1773	164389376	164415071	25695	/s/S080709
1774	164415488	164450830	35342	/s/S080710
1775	164451328	164459955	8627	/s/S080711
1776	164460032	164477958	17926	/s/S080712
1777	164478464	164494399	15935	/s/S080713
1778	164494848	164513313	18465	/s/S080714
1779	164513792	164526429	12637	/s/S080715
1780	164526592	164542406	15814	/s/S080716
1781	164542464	164565678	23214	/s/S080717
1782	164566016	164578863	12847	/s/S080718
1783	164579328	164595115	15787	/s/S080719
1784	164595200	164618233	23033	/s/S080720
1785	164618240	164632073	13833	/s/S080721
1786	164632576	164655481	22905	/s/S080722
1787	164655616	164668894	13278	/s/S080723
1788	164668928	164697820	28892	/s/S080724
1789	164698112	164710819	12707	/s/S080725
1790	164710912	164729397	18485	/s/S080726
1791	164729856	164745209	15353	/s/S080727
1792	164745216	164772247	27031	/s/S080728
1793	164772352	164814157	41805	/s/S081501
1794	164814336	164817152	2816	/s/S081502
1795	164817408	164820778	3370	/s/S081503
1796	164820992	164845297	24305	/s/S081504
1797	164845568	164876151	30583	/s/S081505
1798	164876288	164908383	32095	/s/S081506
1799	164908544	164913930	5386	/s/S081507
1800	164914176	164931675	17499	/s/S081508
1801	164932096	164935288	3192	/s/S081509
1802	164935680	164957347	21667	/s/S081510
1803	164957696	164960230	2534	/s/S081511
1804	164960256	164965505	5249	/s/S081512
1805	164965888	164989136	23248	/s/S081513
1806	164989440	165027103	37663	/s/S081514
1807	165027328	165043007	15679	/s/S081515
1808	165043200	165066463	23263	/s/S081516
1809	165066752	165078479	11727	/s/S081601
1810	165078528	165099816	21288	/s/S081602
1811	165100032	165116857	16825	/s/S081603
1812	165116928	165153515	36587	/s/S081604
1813	165153792	165179637	25845	/s/S081605
1814	165179904	165187971	8067	/s/S081606
1815	165188096	165217628	29532	/s/S081701
1816	165217792	165239697	21905	/s/S081702
1817	165239808	165263251	23443	/s/S081703
1818	165263360	165284475	21115	/s/S081801
1819	165284864	165321781	36917	/s/S081802
1820	165322240	165341284	19044	/s/S081803
1821	165341696	165362305	20609	/s/S081804
1822	165362688	165392318	29630	/s/S081805
1823	165392384	165435554	43170	/s/S081806
1824	165435904	165468266	32362	/s/S081807
1825	165468672	165486697	18025	/s/S081808
1826	165487104	165519037	31933	/s/S081809
1827	165519360	165541013	21653	/s/S081810
1828	165541376	165566885	25509	/s/S081811
1829	165566976	165592851	25875	/s/S081812
1830	165593088	165627678	34590	/s/S081813
1831	165627904	165674431	46527	/s/S081814
1832	165674496	165695206	20710	/s/S081815
1833	165695488	165733032	37544	/s/S081816
1834	165733376	165775134	41758	/s/S081817
1835	165775360	165791159	15799	/s/S081818
1836	165791232	165815974	24742	/s/S081819
1837	165816320	165849711	33391	/s/S081820
1838	165850112	165855508	5396	/s/S081821
1839	165855744	165871620	15876	/s/S081822
1840	165872128	165895339	23211	/s/S081823
1841	165895680	165925346	29666	/s/S081824
1842	165925376	165929137	3761	/s/S081825
1843	165929472	165954673	25201	/s/S081826
1844	165955072	165980658	25586	/s/S081827
1845	165980672	166005437	24765	/s/S081828
1846	166005760	166022349	16589	/s/S081829
1847	166022656	166045995	23339	/s/S081830
1848	166046208	166047518	1310	/s/S081831
1849	166047744	166084057	36313	/s/S090401
1850	166084096	166108217	24121	/s/S090402
1851	166108672	166139058	30386	/s/S090403
1852	166139392	166164178	24786	/s/S090404
1853	166164480	166188041	23561	/s/S090405
1854	166188544	166200467	11923	/s/S090406
1855	166200832	166251338	50506	/s/S090407
1856	166251520	166283885	32365	/s/S090408
1857	166284288	166322302	38014	/s/S090409
1858	166322688	166340852	18164	/s/S090410
1859	166341120	166351159	10039	/s/S090411
1860	166351360	166363332	11972	/s/S090412
1861	166363648	166382309	18661	/s/S090413
1862	166382592	166402922	20330	/s/S090414
1863	166403072	166424965	21893	/s/S090415
1864	166425088	166456385	31297	/s/S090416
1865	166456832	166470633	13801	/s/S090501
1866	166470656	166484914	14258	/s/S090502
1867	166484992	166504246	19254	/s/S090503
1868	166504448	166522984	18536	/s/S090504
1869	166523392	166557900	34508	/s/S090505
1870	166558208	166584927	26719	/s/S090506
1871	166585344	166617358	32014	/s/S090507
1872	166617600	166640577	22977	/s/S090508
1873	166640640	166672799	32159	/s/S090509
1874	166672896	166734891	61995	/s/S091001
1875	166735360	166740429	5069	/s/S091002
1876	166740480	166745532	5052	/s/S091003
1877	166745600	166787893	42293	/s/S091004
1878	166788096	166808674	20578	/s/S091005
1879	166809088	166839575	30487	/s/S091006
1880	166839808	166878485	38677	/s/S091007
1881	166878720	166900521	21801	/s/S091008
1882	166900736	166922758	22022	/s/S091009
1883	166923264	166959619	36355	/s/S091010
1884	166960128	166983407	23279	/s/S091011
1885	166983680	167007504	23824	/s/S091012
1886	167007744	167049266	41522	/s/S091013
1887	167049728	167081900	32172	/s/S091014
1888	167081984	167120218	38234	/s/S091015
1889	167120384	167156210	35826	/s/S091016
1890	167156224	167192183	35959	/s/S091017
1891	167192576	167229560	36984	/s/S091018
1892	167229952	167266513	36561	/s/S091019
1893	167266816	167300044	33228	/s/S091020
1894	167300096	167311789	11693	/s/S091021
1895	167311872	167323106	11234	/s/S091022
1896	167323136	167360409	37273	/s/S091023
1897	167360512	167383366	22854	/s/S091101
1898	167383552	167403573	20021	/s/S091102
1899	167404032	167417340	13308	/s/S091103
1900	167417344	167426091	8747	/s/S091104
1901	167426560	167429130	2570	/s/S091105
1902	167429632	167432607	2975	/s/S091106
1903	167432704	167445171	12467	/s/S091107
1904	167445504	167457375	11871	/s/S091108
1905	167457792	167490699	32907	/s/S091201
1906	167491072	167506804	15732	/s/S091202
1907	167506944	167514495	7551	/s/S091203
1908	167514624	167527792	13168	/s/S091204
1909	167527936	167553406	25470	/s/S091205
1910	167553536	167583101	29565	/s/S091206
1911	167583232	167615836	32604	/s/S091207
1912	167616000	167626876	10876	/s/S091208
1913	167627264	167651703	24439	/s/S091209
1914	167651840	167670185	18345	/s/S091210
1915	167670272	167693992	23720	/s/S091211
1916	167694336	167714304	19968	/s/S091212
1917	167714304	167742989	28685	/s/S091213
1918	167743488	167760974	17486	/s/S091214
1919	167761408	167780505	19097	/s/S091301
1920	167780864	167794826	13962	/s/S091302
1921	167795200	167814903	19703	/s/S091303
1922	167815168	167824104	8936	/s/S091401
1923	167824384	167841820	17436	/s/S091402
1924	167842304	167862531	20227	/s/S091403
1925	167862784	167897820	35036	/s/S091404
1926	167898112	167931306	33194	/s/S091405
1927	167931392	167950016	18624	/s/S091406
1928	167950336	167984875	34539	/s/S091407
1929	167985152	168026557	41405	/s/S091408
1930	168026624	168062801	36177	/s/S091409
1931	168062976	168110545	47569	/s/S091410
1932	168110592	168146050	35458	/s/S091411
1933	168146432	168172627	26195	/s/S091412
1934	168173056	168186223	13167	/s/S091413
1935	168186368	168202178	15810	/s/S091414
1936	168202240	168231253	29013	/s/S091415
1937	168231424	168252947	21523	/s/S091416
1938	168253440	168283631	30191	/s/S091417
1939	168283648	168292685	9037	/s/S100701
1940	168292864	168328287	35423	/s/S100702
1941	168328704	168361253	32549	/s/S100703
1942	168361472	168375255	13783	/s/S100704
1943	168375296	168378451	3155	/s/S100705
1944	168378880	168397999	19119	/s/S100706
1945	168398336	168426007	27671	/s/S100707
1946	168426496	168453045	26549	/s/S100708
1947	168453120	168463448	10328	/s/S100709
1948	168463872	168470954	7082	/s/S100710
1949	168471040	168496096	25056	/s/S100711
1950	168496128	168505665	9537	/s/S100712
1951	168505856	168530480	24624	/s/S100801
1952	168530944	168552369	21425	/s/S100802
1953	168552448	168574257	21809	/s/S100803
1954	168574464	168596438	21974	/s/S100804
1955	168596480	168611941	15461	/s/S100805
1956	168612352	168616203	3851	/s/S100806
1957	168616448	168621715	5267	/s/S100807
1958	168622080	168628689	6609	/s/S100808
1959	168628736	168635300	6564	/s/S100809
1960	168635392	168641097	5705	/s/S100810
1961	168641536	168661022	19486	/s/S100811
1962	168661504	168674124	12620	/s/S101101
1963	168674304	168694984	20680	/s/S101102
1964	168695296	168713592	18296	/s/S101103
1965	168713728	168718460	4732	/s/S101104
1966	168718848	168736483	17635	/s/S101105
1967	168736768	168752184	15416	/s/S101106
1968	168752640	168765405	12765	/s/S101107
1969	168765440	168784175	18735	/s/S101108
1970	168784384	168808862	24478	/s/S101109
1971	168808960	168835682	26722	/s/S101110
1972	168836096	168854282	18186	/s/S101111
1973	168854528	168889279	34751	/s/S101112
1974	168889344	168892592	3248	/s/S101113
1975	168892928	168923086	30158	/s/S101114
1976	168923136	168941793	18657	/s/S101115
1977	168942080	168961918	19838	/s/S101116
1978	168962048	168972755	10707	/s/S101117
1979	168972800	168982581	9781	/s/S101118
1980	168983040	168988427	5387	/s/S101119
1981	168988672	169000723	12051	/s/S101120
1982	169000960	169020681	19721	/s/S101121
1983	169020928	169039564	18636	/s/S101122
1984	169039872	169055836	15964	/s/S101123
1985	169056256	169073541	17285	/s/S101124
1986	169073664	169092064	18400	/s/S101125
1987	169092096	169108443	16347	/s/S101126
1988	169108480	169131868	23388	/s/S101127
1989	169132032	169146348	14316	/s/S101128
1990	169146368	169176323	29955	/s/S101129
1991	169176576	169198804	22228	/s/S101130
1992	169199104	169227220	28116	/s/S101131
1993	169227264	169257092	29828	/s/S101132
1994	169257472	169288769	31297	/s/S101133
1995	169289216	169314638	25422	/s/S101134
1996	169314816	169324022	9206	/s/S101135
1997	169324032	169347686	23654	/s/S101136
1998	169348096	169379930	31834	/s/S102201
1999	169380352	169385770	5418	/s/S102202
2000	169385984	169391190	5206	/s/S102203
2001	169391616	169410924	19308	/s/S102204
2002	169411072	169431531	20459	/s/S102205
2003	169431552	169441575	10023	/s/S102206
2004	169441792	169462997	21205	/s/S102207
2005	169463296	169487472	24176	/s/S102208
2006	169487872	169511197	23325	/s/S102209
2007	169511424	169533731	22307	/s/S102210
2008	169533952	169545917	11965	/s/S102214
2009	169546240	169557824	11584	/s/S102215
2010	169558016	169561463	3447	/s/S102216
2011	169561600	169573798	12198	/s/S102219
2012	169573888	169592976	19088	/s/S102220
2013	169593344	169600811	7467	/s/S102221
2014	169601024	169614713	13689	/s/S102222
2015	169614848	169621131	6283	/s/S102223
2016	169621504	169625149	3645	/s/S102224
2017	169625600	169632978	7378	/s/S102225
2018	169633280	169662155	28875	/s/S102226
2019	169662464	169695544	33080	/s/S102227
2020	169695744	169733536	37792	/s/S102228
2021	169733632	169763113	29481	/s/S102229
2022	169763328	169792170	28842	/s/S102230
2023	169792512	169802644	10132	/s/S102301
2024	169802752	169829208	26456	/s/S102302
2025	169829376	169851235	21859	/s/S102303
2026	169851392	169887916	36524	/s/S102304
2027	169888256	169894813	6557	/s/S102305
2028	169894912	169900534	5622	/s/S102306
2029	169900544	169917079	16535	/s/S102307
2030	169917440	169926326	8886	/s/S102308
2031	169926656	169942631	15975	/s/S102309
2032	169943040	169964160	21120	/s/S102310
2033	169964544	169986008	21464	/s/S102311
2034	169986048	170003679	17631	/s/S102312
2035	170003968	170024123	20155	/s/S102313
2036	170024448	170051019	26571	/s/S102314
2037	170051072	170094083	43011	/s/S102315
2038	170094592	170120787	26195	/s/S102316
2039	170121216	170134580	13364	/s/S102317
2040	170135040	170160201	25161	/s/S102318
2041	170160640	170179843	19203	/s/S102319
2042	170180096	170198963	18867	/s/S102320
2043	170199040	170218767	19727	/s/S102321
2044	170219008	170251113	32105	/s/S102401
2045	170251264	170271489	20225	/s/S102402
2046	170271744	170291533	19789	/s/S102403
2047	170291712	170306390	14678	/s/S102404
2048	170306560	170346028	39468	/s/S102405
2049	170346496	170371729	25233	/s/S102406
2050	170372096	170375924	3828	/s/S102407
2051	170376192	170404235	28043	/s/S102408
2052	170404352	170427134	22782	/s/S102409
2053	170427392	170449321	21929	/s/S102410
2054	170449408	170472151	22743	/s/S102411
2055	170472448	170499613	27165	/s/S102412
2056	170500096	170530222	30126	/s/S102413
2057	170530304	170557126	26822	/s/S102414
2058	170557440	170593201	35761	/s/S102415
2059	170593280	170622793	29513	/s/S102416
2060	170622976	170639263	16287	/s/S102417
2061	170639360	170677067	37707	/s/S102418
2062	170677248	170696996	19748	/s/S102419
2063	170697216	170706188	8972	/s/S102420
2064	170706432	170718793	12361	/s/S102421
2065	170719232	170748210	28978	/s/S102422
2066	170748416	170783460	35044	/s/S102423
2067	170783744	170807654	23910	/s/S102424
2068	170807808	170829632	21824	/s/S110401
2069	170829824	170858909	29085	/s/S110402
2070	170859008	170880287	21279	/s/S110403
2071	170880512	170907285	26773	/s/S110404
2072	170907648	170918871	11223	/s/S110405
2073	170918912	170941993	23081	/s/S110406
2074	170942464	170950897	8433	/s/S110407
2075	170951168	170968332	17164	/s/S110408
2076	170968576	170970301	1725	/s/S110409
2077	170970624	170972449	1825	/s/S110410
2078	170972672	170983537	10865	/s/S110411
2079	170983936	170992336	8400	/s/S110412
2080	170992640	170996954	4314	/s/S110413
2081	170997248	171017060	19812	/s/S110414
2082	171017216	171025071	7855	/s/S110415
2083	171025408	171049339	23931	/s/S110416
2084	171049472	171055887	6415	/s/S110417
2085	171056128	171065661	9533	/s/S110418
2086	171065856	171094728	28872	/s/S110419
2087	171095040	171097799	2759	/s/S110420
2088	171098112	171137417	39305	/s/S110421
2089	171137536	171156183	18647	/s/S110422
2090	171156480	171178018	21538	/s/S110423
2091	171178496	171185296	6800	/s/S110424
2092	171185664	171209295	23631	/s/S110425
2093	171209728	171234198	24470	/s/S110426
2094	171234304	171256803	22499	/s/S110427
2095	171256832	171273159	16327	/s/S110428
2096	171273216	171282111	8895	/s/S110429
2097	171282432	171289145	6713	/s/S110430
2098	171289600	171309910	20310	/s/S110431
2099	171310080	171334937	24857	/s/S110432
2100	171335168	171362936	27768	/s/S110433
2101	171363328	171366061	2733	/s/S110434
2102	171366400	171392979	26579	/s/S110435
2103	171393024	171415493	22469	/s/S110436
2104	171415552	171448634	33082	/s/S110437
2105	171448832	171452186	3354	/s/S110438
2106	171452416	171481009	28593	/s/S110439
2107	171481088	171510354	29266	/s/S110440
2108	171510784	171546760	35976	/s/S110441
2109	171547136	171549276	2140	/s/S110442
2110	171549696	171560763	11067	/s/S110443
2111	171560960	171582247	21287	/s/S110444
2112	171582464	171607428	24964	/s/S110445
2113	171607552	171624936	17384	/s/S110446
2114	171624960	171649058	24098	/s/S110447
2115	171649536	171669444	19908	/s/S110448
2116	171669504	171673282	3778	/s/S110449
2117	171673600	171689781	16181	/s/S110450
2118	171689984	171696392	6408	/s/S110451
2119	171696640	171703409	6769	/s/S110452
2120	171703808	171722628	18820	/s/S110453
2121	171722752	171746161	23409	/s/S110454
2122	171746304	171754280	7976	/s/S110455
2123	171754496	171769298	14802	/s/S110456
2124	171769344	171792573	23229	/s/S110457
2125	171792896	171808434	15538	/s/S110457a
2126	171808768	171827640	18872	/s/S110458
2127	171827712	171831676	3964	/s/S110459
2128	171831808	171839360	7552	/s/S110460
2129	171839488	171857157	17669	/s/S110461
2130	171857408	171875284	17876	/s/S110462
2131	171875328	171888360	13032	/s/S110463
2132	171888640	171904857	16217	/s/S110464
2133	171905024	171928051	23027	/s/S110501
2134	171928064	171938821	10757	/s/S110502
2135	171939328	171951420	12092	/s/S110503
2136	171951616	171975354	23738	/s/S110504
2137	171975680	172003189	27509	/s/S110505
2138	172003328	172028033	24705	/s/S110506
2139	172028416	172032578	4162	/s/S110507
2140	172033024	172034868	1844	/s/S110508
2141	172035072	172037224	2152	/s/S110509
2142	172037632	172039798	2166	/s/S110510
2143	172040192	172056811	16619	/s/S110511a
2144	172057088	172082574	25486	/s/S110511b
2145	172082688	172104450	21762	/s/S110512
2146	172104704	172120170	15466	/s/S110513
2147	172120576	172155380	34804	/s/S110514
2148	172155392	172180305	24913	/s/S110515
2149	172180480	172207855	27375	/s/S110516
2150	172208128	172238051	29923	/s/S110517
2151	172238336	172265890	27554	/s/S110518
2152	172265984	172275566	9582	/s/S110519
2153	172275712	172283170	7458	/s/S110520
2154	172283392	172309566	26174	/s/S110521
2155	172310016	172334385	24369	/s/S110522
2156	172334592	172355303	20711	/s/S110523
2157	172355584	172387475	31891	/s/S110524
2158	172387840	172433741	45901	/s/S110525
2159	172433920	172467842	33922	/s/S110526
2160	172468224	172485915	17691	/s/S110527
2161	172486144	172499793	13649	/s/S110528
2162	172499968	172527649	27681	/s/S110529
2163	172528128	172544942	16814	/s/S110530
2164	172545024	172565650	20626	/s/S110531
2165	172566016	172583096	17080	/s/S110532
2166	172583424	172626948	43524	/s/S110533
2167	172627456	172646214	18758	/s/S110534
2168	172646400	172661564	15164	/s/S110535
2169	172661760	172687994	26234	/s/S110536
2170	172688384	172713780	25396	/s/S110537
2171	172713984	172739578	25594	/s/S110538
2172	172739584	172769622	30038	/s/S110539
2173	172769792	172774380	4588	/s/S110540
2174	172774400	172795537	21137	/s/S110541
2175	172795904	172813049	17145	/s/S110542
2176	172813312	172837904	24592	/s/S110543
2177	172838400	172845861	7461	/s/S110544
2178	172846080	172869368	23288	/s/S110545
2179	172869632	172908642	39010	/s/S110546
2180	172909056	172920046	10990	/s/S110547
2181	172920320	172929422	9102	/s/S110548
2182	172929536	172956859	27323	/s/S110549
2183	172957184	172997586	40402	/s/S110550
2184	172997632	173018117	20485	/s/S110551
2185	173018624	173045279	26655	/s/S110552
2186	173045760	173059432	13672	/s/S110553
2187	173059584	173103440	43856	/s/S110554
2188	173103616	173123951	20335	/s/S110555
2189	173124096	173154784	30688	/s/S110556
2190	173154816	173177270	22454	/s/S110557
2191	173177344	173210061	32717	/s/S110558
2192	173210112	173216156	6044	/s/S110559
2193	173216256	173242126	25870	/s/S110560
2194	173242368	173252308	9940	/s/S110561
2195	173252608	173261038	8430	/s/S110701
2196	173261312	173288272	26960	/s/S110702
2197	173288448	173311032	22584	/s/S110703
2198	173311488	173336941	25453	/s/S110704
2199	173337088	173369186	32098	/s/S110705
2200	173369344	173378798	9454	/s/S110706
2201	173379072	173412453	33381	/s/S110707
2202	173412864	173444213	31349	/s/S110708
2203	173444608	173453916	9308	/s/S110709
2204	173454336	173480440	26104	/s/S110710
2205	173480448	173482952	2504	/s/S110711
2206	173483008	173513321	30313	/s/S110712
2207	173513728	173535982	22254	/s/S110713
2208	173536256	173566245	29989	/s/S110714
2209	173566464	173584910	18446	/s/S110715
2210	173585408	173602067	16659	/s/S110716
2211	173602304	173618447	16143	/s/S110717
2212	173618688	173639201	20513	/s/S110718
2213	173639680	173678995	39315	/s/S110719
2214	173679104	173700159	21055	/s/S110720
2215	173700608	173710525	9917	/s/S110721
2216	173710848	173730318	19470	/s/S110722
2217	173730816	173734896	4080	/s/S120301
2218	173734912	173743001	8089	/s/S120302
2219	173743104	173748454	5350	/s/S120303
2220	173748736	173754534	5798	/s/S120304
2221	173754880	173760020	5140	/s/S120305
2222	173760512	173776203	15691	/s/S120306
2223	173776384	173791604	15220	/s/S120307
2224	173791744	173816046	24302	/s/S120308
2225	173816320	173855309	38989	/s/S120309
2226	173855744	173864477	8733	/s/S120310
2227	173864960	173887020	22060	/s/S120311
2228	173887488	173898453	10965	/s/S120312
2229	173898752	173935538	36786	/s/S120313
2230	173935616	173953037	17421	/s/S120314
2231	173953536	173965550	12014	/s/S120315
2232	173965824	173995684	29860	/s/S120316
2233	173996032	174025419	29387	/s/S120317
2234	174025728	174048654	22926	/s/S120318
2235	174048768	174068232	19464	/s/S120319
2236	174068736	174070929	2193	/s/S120320
2237	174071296	174076736	5440	/s/S120321
2238	174076928	174093916	16988	/s/S120322
2239	174094336	174111439	17103	/s/S120323
2240	174111744	174133676	21932	/s/S120324
2241	174133760	174137553	3793	/s/S120325
2242	174137856	174166356	28500	/s/S120326
2243	174166528	174170387	3859	/s/S120327
2244	174170624	174173906	3282	/s/S120328
2245	174174208	174201581	27373	/s/S120329
2246	174201856	174213122	11266	/s/S120330
2247	174213632	174217453	3821	/s/S120331
2248	174217728	174245830	28102	/s/S120332
2249	174245888	174257612	11724	/s/S120333
2250	174257664	174275989	18325	/s/S120334
2251	174276096	174301242	25146	/s/S120335
2252	174301696	174314224	12528	/s/S121001
2253	174314496	174328932	14436	/s/S121002
2254	174329344	174349746	20402	/s/S121003
2255	174349824	174364346	14522	/s/S121004
2256	174364672	174391541	26869	/s/S121005
2257	174391808	174420158	28350	/s/S121006
2258	174420480	174430778	10298	/s/S121007
2259	174431232	174456853	25621	/s/S121008
2260	174457344	174479608	22264	/s/S121009
2261	174479872	174502595	22723	/s/S121010
2262	174502912	174508297	5385	/s/S121011
2263	174508544	174525419	16875	/s/S121012
2264	174525440	174534233	8793	/s/S121013
2265	174534656	174553757	19101	/s/S121014
2266	174554112	174581525	27413	/s/S121015
2267	174581760	174590926	9166	/s/S121016
2268	174590976	174605977	15001	/s/S121017
2269	174606336	174619471	13135	/s/S121018
2270	174619648	174638319	18671	/s/S121019
2271	174638592	174661237	22645	/s/S121020
2272	174661632	174685545	23913	/s/S121021
2273	174685696	174704701	19005	/s/S121022
2274	174705152	174710407	5255	/s/S121023
2275	174710784	174737603	26819	/s/S121024
2276	174737920	174757155	19235	/s/S121025
2277	174757376	174769376	12000	/s/S121026
2278	174769664	174808530	38866	/s/S121027
2279	174808576	174833754	25178	/s/S121028
2280	174834176	174871897	37721	/s/S121029
2281	174872064	174902168	30104	/s/S121030
2282	174902272	174923334	21062	/s/S121031
2283	174923776	174942796	19020	/s/S121032
2284	174943232	174965197	21965	/s/S121033
2285	174965248	174991090	25842	/s/S121034
2286	174991360	174997619	6259	/s/S121035
2287	174998016	175008430	10414	/s/S121036
2288	175008768	175034037	25269	/s/S121037
2289	175034368	175054156	19788	/s/S121038
2290	175054336	175069902	15566	/s/S121039
2291	175070208	175086857	16649	/s/S121040
2292	175087104	175116288	29184	/s/S121041
2293	175116288	175144659	28371	/s/S121042
2294	175144960	175167802	22842	/s/S121043
2295	175168000	175186495	18495	/s/S121044
2296	175186944	175193060	6116	/s/S121045
2297	175193088	175209395	16307	/s/S121046
2298	175209472	175250916	41444	/s/S121047
2299	175250944	175270652	19708	/s/S121048
2300	175270912	175285770	14858	/s/S121049
2301	175286272	175303897	17625	/s/S121050
2302	175304192	175320803	16611	/s/S121051
2303	175321088	175328062	6974	/s/S121052
2304	175328256	175344476	16220	/s/S121053
2305	175344640	175376777	32137	/s/S121101
2306	175376896	175407653	30757	/s/S121102
2307	175408128	175430663	22535	/s/S121103
2308	175431168	175453715	22547	/s/S121104
2309	175454208	175465626	11418	/s/S121105
2310	175465984	175506832	40848	/s/S121106
2311	175506944	175534483	27539	/s/S121107
2312	175534592	175565376	30784	/s/S121108
2313	175565824	175587893	22069	/s/S121109
2314	175588352	175593599	5247	/s/S121110
2315	175593984	175604199	10215	/s/S121111
2316	175604224	175607821	3597	/s/S121112
2317	175608320	175611269	2949	/s/S121113
2318	175611392	175627389	15997	/s/S121114
2319	175627776	175651610	23834	/s/S121115
2320	175651840	175684337	32497	/s/S121116
2321	175684608	175711112	26504	/s/S121117
2322	175711232	175728869	17637	/s/S121118
2323	175729152	175746403	17251	/s/S121119
2324	175746560	175780850	34290	/s/S121120
2325	175780864	175814422	33558	/s/S121121
2326	175814656	175848793	34137	/s/S121122
2327	175848960	175863329	14369	/s/S121123
2328	175863808	175883491	19683	/s/S121124
2329	175883776	175916397	32621	/s/S121125
2330	175916544	175950351	33807	/s/S121126
2331	175950848	175963255	12407	/s/S121127
2332	175963648	175999573	35925	/s/S121128
2333	176000000	176023516	23516	/s/S121129
2334	176023552	176038309	14757	/s/S121130
2335	176038400	176060978	22578	/s/S121131
2336	176061440	176069839	8399	/s/S121132
2337	176070144	176077157	7013	/s/S121133
2338	176077312	176090318	13006	/s/S121134
2339	176090624	176110283	19659	/s/S121135
2340	176110592	176122946	12354	/s/S121136
2341	176123392	176142367	18975	/s/S121137
2342	176142848	176166595	23747	/s/S121138
2343	176166912	176190136	23224	/s/S121139
2344	176190464	176206902	16438	/s/S121140
2345	176207360	176216830	9470	/s/S121141
2346	176217088	176231885	14797	/s/S121142
2347	176231936	176256418	24482	/s/S121143
2348	176256512	176277819	21307	/s/S121144
2349	176278016	176298206	20190	/s/S121145
2350	176298496	176312461	13965	/s/S121146
2351	176312832	176345017	32185	/s/S121147
2352	176345088	176371396	26308	/s/S121148
2353	176371712	176378099	6387	/s/S121149
2354	176378368	176380207	1839	/s/S121150
2355	176380416	176385558	5142	/s/S121151
2356	176386048	176388218	2170	/s/S121152
2357	176388608	176394356	5748	/s/S121153
2358	176394752	176425782	31030	/s/S121154
2359	176425984	176456405	30421	/s/S121155
2360	176456704	176477521	20817	/s/S121156
2361	176477696	176508356	30660	/s/S121157
2362	176508416	176546681	38265	/s/S121158
2363	176546816	176582854	36038	/s/S121159
2364	176583168	176599509	16341	/s/S121160
2365	176599552	176607774	8222	/s/S121161
2366	176608256	176613802	5546	/s/S121162
2367	176613888	176647208	33320	/s/S121163
2368	176647680	176686082	38402	/s/S121164
2369	176686592	176726775	40183	/s/S121165
2370	176727040	176739693	12653	/s/S121166
2371	176739840	176742809	2969	/s/S121167
2372	176742912	176762550	19638	/s/S121168
2373	176762880	176785152	22272	/s/S121169
2374	176785408	176795244	9836	/s/S121170
2375	176795648	176812080	16432	/s/S121171
2376	176812544	176830698	18154	/s/S121172
2377	176830976	176848271	17295	/s/S121173
2378	176848384	176872162	23778	/s/S121174
2379	176872448	176888621	16173	/s/S121175
2380	176888832	176916265	27433	/s/S121176
2381	176916480	176931740	15260	/s/S121177
2382	176931840	176940762	8922	/s/S121178
2383	176941056	176953043	11987	/s/S121179
2384	176953344	176977539	24195	/s/S121180
2385	176977920	176983382	5462	/s/S121181
2386	176983552	176988929	5377	/s/S121182
2387	176989184	177003100	13916	/s/S121183
2388	177003520	177014802	11282	/s/S121184
2389	177015296	177031003	15707	/s/S121185
2390	177031168	177036178	5010	/s/S121186
2391	177036288	177047900	11612	/s/S121187
2392	177048064	177062592	14528	/s/S121188
2393	177062912	177081977	19065	/s/S121189
2394	177082368	177091087	8719	/s/S121190
2395	177091584	177095381	3797	/s/S121191
2396	177095680	177106475	10795	/s/S121192
2397	177106944	177118112	11168	/s/S121193
2398	177118208	177130368	12160	/s/S121194
2399	177130496	177146146	15650	/s/S121195
2400	177146368	177166505	20137	/s/S121201
2401	177166848	177177671	10823	/s/S121202
2402	177178112	177188623	10511	/s/S121203
2403	177188864	177228537	39673	/s/S121204
2404	177228800	177251641	22841	/s/S121205
2405	177251840	177282940	31100	/s/S121301
2406	177283072	177309038	25966	/s/S121302
2407	177309184	177334924	25740	/s/S121303
2408	177335296	177357543	22247	/s/S121304
2409	177357824	177381800	23976	/s/S121305
2410	177381888	177413619	31731	/s/S121306
2411	177413632	177436696	23064	/s/S121307
2412	177437184	177460019	22835	/s/S121308
2413	177460224	177500764	40540	/s/S121309
2414	177501184	177518535	17351	/s/S121310
2415	177518592	177550092	31500	/s/S121311
2416	177550336	177572632	22296	/s/S121312
2417	177572864	177577937	5073	/s/S121313
2418	177577984	177582679	4695	/s/S121314
2419	177583104	177591208	8104	/s/S121315
2420	177591296	177599111	7815	/s/S121316
2421	177599488	177615592	16104	/s/S121317
2422	177615872	177619211	3339	/s/S121318
2423	177619456	177637682	18226	/s/S121319
2424	177637888	177651835	13947	/s/S121320
2425	177652224	177655273	3049	/s/S121321
2426	177655296	177689969	34673	/s/S121322
2427	177690112	177715531	25419	/s/S121323
2428	177715712	177766670	50958	/s/S121324
2429	177766912	177770773	3861	/s/S121325
2430	177771008	177787099	16091	/s/S121326
2431	177787392	177810066	22674	/s/S121327
2432	177810432	177823673	13241	/s/S121328
2433	177823744	177846758	23014	/s/S121329
2434	177846784	177877800	31016	/s/S121330
2435	177878016	177920569	42553	/s/S121331
2436	177921024	177946814	25790	/s/S121332
2437	177947136	177987052	39916	/s/S121333
2438	177987072	178018689	31617	/s/S121334
2439	178018816	178044697	25881	/s/S121335
2440	178044928	178067996	23068	/s/S121336
2441	178068480	178087564	19084	/s/S121337
2442	178087936	178121055	33119	/s/S121338
2443	178121216	178141989	20773	/s/S121339
2444	178142208	178159785	17577	/s/S121340
2445	178160128	178186790	26662	/s/S121341
2446	178187264	178246855	59591	/s/S121342
2447	178247168	178279667	32499	/s/S121343
2448	178279936	178281269	1333	/s/S121344
2449	178281472	178287709	6237	/s/S121345
2450	178288128	178305468	17340	/s/S121346
2451	178305536	178333902	28366	/s/S121347
2452	178334208	178372228	38020	/s/S121348
2453	178372608	178412679	40071	/s/S121349
2454	178413056	178437878	24822	/s/S121350
2455	178438144	178483744	45600	/s/S121351
2456	178484224	178531147	46923	/s/S121352
2457	178531328	178562548	31220	/s/S121353
2458	178562560	178612621	50061	/s/S121354
2459	178612736	178617715	4979	/s/S121355
2460	178617856	178655367	37511	/s/S121356
2461	178655744	178673668	17924	/s/S121357
2462	178674176	178693742	19566	/s/S121358
2463	178694144	178729512	35368	/s/S121359
2464	178729984	178737609	7625	/s/S121360
2465	178737664	178763239	25575	/s/S121701
2466	178763264	178777221	13957	/s/S121702
2467	178777600	178786625	9025	/s/S121703
2468	178786816	178821721	34905	/s/S121704
2469	178822144	178844387	22243	/s/S121705
2470	178844672	178859761	15089	/s/S121706
2471	178860032	178882665	22633	/s/S121707
2472	178883072	178905342	22270	/s/S121708
2473	178905600	178926925	21325	/s/S121709
2474	178927104	178934191	7087	/s/S121710
2475	178934272	178960455	26183	/s/S121711
2476	178960896	178970490	9594	/s/S121712
2477	178970624	178979673	9049	/s/S121713
2478	178979840	178987184	7344	/s/S121714
2479	178987520	178992874	5354	/s/S121715
2480	178993152	178997986	4834	/s/S121716
2481	178998272	179043206	44934	/s/S121801
2482	179043328	179070297	26969	/s/S121802
2483	179070464	179114510	44046	/s/S121803
2484	179115008	179156021	41013	/s/S121804
2485	179156480	179189368	32888	/s/S121805
2486	179189760	179210961	21201	/s/S121806
2487	179211264	179235880	24616	/s/S121807
2488	179236352	179261972	25620	/s/S121808
2489	179262464	179282502	20038	/s/S121809
2490	179282944	179291816	8872	/s/S121810
2491	179292160	179300385	8225	/s/S121811
2492	179300864	179340559	39695	/s/S121812
2493	179340800	179346008	5208	/s/S121813
2494	179346432	179360028	13596	/s/S121814
2495	179360256	179363651	3395	/s/S121815
2496	179363840	179392359	28519	/s/S121816
2497	179392512	179430568	38056	/s/S121817
2498	179430912	179487849	56937	/s/S121818
2499	179488256	179512267	24011	/s/S121819
2500	179512320	179521602	9282	/s/S121820
2501	179522048	179537817	15769	/s/S121821
2502	179537920	179571064	33144	/s/S121822
2503	179571200	179582686	11486	/s/S121823
2504	179582976	179594882	11906	/s/S121824
2505	179595264	179640006	44742	/s/S121825
2506	179640320	179662866	22546	/s/S121826
2507	179663360	179708578	45218	/s/S121827
2508	179708928	179719368	10440	/s/S121828
2509	179719680	179731307	11627	/s/S121829
2510	179731456	179734023	2567	/s/S121830
2511	179734528	179750252	15724	/s/S121831
2512	179750400	179775383	24983	/s/S121832
2513	179775488	179780146	4658	/s/S121833
2514	179780608	179814528	33920	/s/S121834
2515	179814912	179862036	47124	/s/S121835
2516	179862528	179877043	14515	/s/S121836
2517	179877376	179908515	31139	/s/S121837
2518	179908608	179930572	21964	/s/S121838
2519	179930624	179955128	24504	/s/S121839
2520	179955200	179973127	17927	/s/S121840
2521	179973632	179975144	1512	/s/S121841
2522	179975168	180000882	25714	/s/S121842
2523	180001280	180016787	15507	/s/S121843
2524	180017152	180030760	13608	/s/S121844
2525	180030976	180051729	20753	/s/S121845
2526	180051968	180069898	17930	/s/S121846
2527	180070400	180095206	24806	/s/S121847
2528	180095488	180121297	25809	/s/S121848
2529	180121600	180131912	10312	/s/S121849
2530	180132352	180162751	30399	/s/S121850
2531	180163072	180190281	27209	/s/S121851
2532	180190720	180196828	6108	/s/S121852
2533	180196864	180230305	33441	/s/S121901
2534	180230656	180243006	12350	/s/S121902
2535	180243456	180258095	14639	/s/S121903
2536	180258304	180278490	20186	/s/S121904
2537	180278784	180282652	3868	/s/S121905
2538	180282880	180310776	27896	/s/S121906
2539	180311040	180319705	8665	/s/S121907
2540	180319744	180356295	36551	/s/S121908
2541	180356608	180389647	33039	/s/S122001
2542	180389888	180418026	28138	/s/S122002
2543	180418048	180439578	21530	/s/S122003
2544	180440064	180466776	26712	/s/S122004
2545	180467200	180495895	28695	/s/S122005
2546	180496384	180508342	11958	/s/S122006
2547	180508672	180534816	26144	/s/S122101
2548	180535296	180545469	10173	/s/S122102
2549	180545536	180571388	25852	/s/S122103
2550	180571648	180576230	4582	/s/S122104
2551	180576256	180605859	29603	/s/S122105
2552	180605952	180621098	15146	/s/S122106
2553	180621312	180649697	28385	/s/S122107
2554	180649984	180666049	16065	/s/S122108
2555	180666368	180685899	19531	/s/S122109
2556	180686336	180702260	15924	/s/S122110
2557	180702720	180711700	8980	/s/S122111
2558	180711936	180735130	23194	/s/S122112
2559	180735488	180757050	21562	/s/S122113
2560	180757504	180768866	11362	/s/S122114
2561	180769280	180783222	13942	/s/S122115
2562	180783616	180817759	34143	/s/S122116
2563	180817920	180859668	41748	/s/S122117
2564	180859904	180893368	33464	/s/S122118
2565	180893696	180907556	13860	/s/S122119
2566	180908032	180916801	8769	/s/S122120
2567	180917248	180938686	21438	/s/S122121
2568	180938752	180953955	15203	/s/S122122
2569	180954112	180970936	16824	/s/S122123
2570	180971008	180975887	4879	/s/S122124
2571	180976128	180979277	3149	/s/S122125
2572	180979712	180987228	7516	/s/S122126
2573	180987392	180991335	3943	/s/S122127
2574	180991488	181008833	17345	/s/S122128
2575	181008896	181027360	18464	/s/S122129
2576	181027840	181041347	13507	/s/S122130
2577	181041664	181066754	25090	/s/S122131
2578	181067264	181089924	22660	/s/S122132
2579	181090304	181104580	14276	/s/S122133
2580	181104640	181109452	4812	/s/S122134
2581	181109760	181110884	1124	/s/S122135
2582	181111296	181112078	782	/s/S122136
2583	181112320	181117972	5652	/s/S122137
2584	181118464	181136419	17955	/s/S122138
2585	181136896	181147399	10503	/s/S130101
2586	181147648	181165933	18285	/s/S130102
2587	181166080	181187215	21135	/s/S130103
2588	181187584	181192968	5384	/s/S130104
2589	181193216	181210703	17487	/s/S130105
2590	181211136	181240622	29486	/s/S130106
2591	181240832	181254872	14040	/s/S130107
2592	181255168	181271873	16705	/s/S130108
2593	181272064	181275281	3217	/s/S130109
2594	181275648	181283155	7507	/s/S130110
2595	181283328	181311554	28226	/s/S130111
2596	181312000	181326939	14939	/s/S130112
2597	181327360	181334292	6932	/s/S130113
2598	181334528	181342324	7796	/s/S130114
2599	181342720	181359542	16822	/s/S130115
2600	181359616	181374944	15328	/s/S130116
2601	181374976	181388533	13557	/s/S130117
2602	181388800	181405491	16691	/s/S130118
2603	181405696	181427579	21883	/s/S130119
2604	181427712	181443834	16122	/s/S130120
2605	181444096	181471974	27878	/s/S130121
2606	181472256	181492754	20498	/s/S130122
2607	181493248	181511067	17819	/s/S130123
2608	181511168	181520792	9624	/s/S130124
2609	181520896	181528540	7644	/s/S130125
2610	181528576	181549846	21270	/s/S130126
2611	181550080	181571978	21898	/s/S130401
2612	181572096	181586721	14625	/s/S130402
2613	181586944	181607008	20064	/s/S130403
2614	181607424	181637812	30388	/s/S130404
2615	181638144	181662634	24490	/s/S130405
2616	181662720	181687673	24953	/s/S130406
2617	181687808	181693556	5748	/s/S130407
2618	181693952	181701125	7173	/s/S130408
2619	181701632	181743512	41880	/s/S130409
2620	181743616	181757823	14207	/s/S130410
2621	181757952	181775274	17322	/s/S130411
2622	181775360	181800930	25570	/s/S130412
2623	181800960	181844828	43868	/s/S130413
2624	181844992	181868083	23091	/s/S130501
2625	181868544	181884308	15764	/s/S130502
2626	181884416	181901131	16715	/s/S130503
2627	181901312	181911854	10542	/s/S130504
2628	181912064	181925109	13045	/s/S130505
2629	181925376	181936470	11094	/s/S130506
2630	181936640	181968076	31436	/s/S130507
2631	181968384	182010028	41644	/s/S130508
2632	182010368	182042375	32007	/s/S130509
2633	182042624	182044777	2153	/s/S130510
2634	182045184	182082230	37046	/s/S130511
2635	182082560	182115930	33370	/s/S130512
2636	182116352	182140517	24165	/s/S130513
2637	182140928	182184361	43433	/s/S130514
2638	182184448	182207487	23039	/s/S130515
2639	182207488	182235954	28466	/s/S130516
2640	182236160	182269103	32943	/s/S130517
2641	182269440	182302618	33178	/s/S130518
2642	182302720	182333282	30562	/s/S130519
2643	182333440	182358771	25331	/s/S130520
2644	182359040	182386453	27413	/s/S130521
2645	182386688	182419793	33105	/s/S130522
2646	182419968	182461396	41428	/s/S130523
2647	182461440	182477510	16070	/s/S130524
2648	182477824	182497592	19768	/s/S130525
2649	182497792	182531995	34203	/s/S130526
2650	182532096	182552742	20646	/s/S130527
2651	182553088	182586425	33337	/s/S130528
2652	182586880	182610170	23290	/s/S130529
2653	182610432	182641840	31408	/s/S130530
2654	182642176	182660628	18452	/s/S130531
2655	182661120	182669978	8858	/s/S130532
2656	182670336	182675922	5586	/s/S130533
2657	182675968	182687450	11482	/s/S130534
2658	182687744	182724003	36259	/s/S130535
2659	182724096	182751490	27394	/s/S130601
2660	182751744	182756419	4675	/s/S130602
2661	182756864	182799670	42806	/s/S130603
2662	182799872	182850043	50171	/s/S130604
2663	182850048	182885281	35233	/s/S130605
2664	182885376	182921653	36277	/s/S130606
2665	182921728	182929959	8231	/s/S130607
2666	182930432	182954322	23890	/s/S130608
2667	182954496	182968131	13635	/s/S130609
2668	182968320	182972202	3882	/s/S130610
2669	182972416	182995094	22678	/s/S130611
2670	182995456	183007936	12480	/s/S130612
2671	183008256	183032192	23936	/s/S130613
2672	183032320	183067619	35299	/s/S130614
2673	183067648	183096664	29016	/s/S130615
2674	183096832	183118400	21568	/s/S130616
2675	183118848	183135008	16160	/s/S130617
2676	183135232	183142189	6957	/s/S130618
2677	183142400	183167910	25510	/s/S130619
2678	183168000	183187178	19178	/s/S130620
2679	183187456	183213287	25831	/s/S130621
2680	183213568	183242333	28765	/s/S130622
2681	183242752	183263407	20655	/s/S130623
2682	183263744	183283791	20047	/s/S130624
2683	183284224	183319726	35502	/s/S130625
2684	183320064	183353665	33601	/s/S130626
2685	183353856	183360598	6742	/s/S130627
2686	183361024	183367289	6265	/s/S130628
2687	183367680	183376561	8881	/s/S130629
2688	183376896	183387474	10578	/s/S130630
2689	183387648	183393030	5382	/s/S130631
2690	183393280	183408836	15556	/s/S130701
2691	183409152	183448573	39421	/s/S130702
2692	183448576	183480270	31694	/s/S130703
2693	183480320	183509219	28899	/s/S130704
2694	183509504	183540266	30762	/s/S130705
2695	183540736	183555458	14722	/s/S130706
2696	183555584	183585604	30020	/s/S130707
2697	183585792	183615630	29838	/s/S130708
2698	183616000	183645494	29494	/s/S130709
2699	183645696	183659095	13399	/s/S130710
2700	183659520	183686341	26821	/s/S130711
2701	183686656	183705127	18471	/s/S130712
2702	183705600	183739369	33769	/s/S130713
2703	183739392	183765993	26601	/s/S130714
2704	183766016	183785672	19656	/s/S130715
2705	183785984	183800287	14303	/s/S130716
2706	183800320	183824905	24585	/s/S130717
2707	183825408	183838850	13442	/s/S130718
2708	183839232	183864228	24996	/s/S130719
2709	183864320	183885580	21260	/s/S130720
2710	183885824	183917180	31356	/s/S130721
2711	183917568	183934043	16475	/s/S130722
2712	183934464	183958493	24029	/s/S130723
2713	183958528	183968961	10433	/s/S130724
2714	183969280	183986346	17066	/s/S130725
2715	183986688	184015992	29304	/s/S130726
2716	184016384	184026767	10383	/s/S130727
2717	184027136	184043262	16126	/s/S130728
2718	184043520	184056433	12913	/s/S130729
2719	184056832	184070934	14102	/s/S130730
2720	184071168	184080820	9652	/s/S130731
2721	184080896	184106018	25122	/s/S130732
2722	184106496	184136229	29733	/s/S130733
2723	184136704	184143545	6841	/s/S130734
2724	184143872	184167191	23319	/s/S130735
2725	184167424	184198112	30688	/s/S130736
2726	184198144	184216810	18666	/s/S130737
2727	184217088	184243681	26593	/s/S130738
2728	184243712	184259655	15943	/s/S130739
2729	184260096	184264513	4417	/s/S140501
2730	184264704	184269626	4922	/s/S140502
2731	184269824	184290848	21024	/s/S140503
2732	184291328	184311125	19797	/s/S140504
2733	184311296	184324681	13385	/s/S140505
2734	184325120	184347132	22012	/s/S140506
2735	184347136	184373601	26465	/s/S140507
2736	184373760	184377991	4231	/s/S140508
2737	184378368	184384890	6522	/s/S140509
2738	184385024	184406435	21411	/s/S140510
2739	184406528	184412802	6274	/s/S140511
2740	184413184	184441160	27976	/s/S140512
2741	184441344	184472539	31195	/s/S140513
2742	184472576	184490830	18254	/s/S140514
2743	184491008	184504312	13304	/s/S140515
2744	184504320	184516143	11823	/s/S140516
2745	184516608	184533463	16855	/s/S140517
2746	184533504	184550428	16924	/s/S140518
2747	184550912	184595315	44403	/s/S140519
2748	184595456	184612953	17497	/s/S140520
2749	184613376	184625282	11906	/s/S140521
2750	184625664	184659965	34301	/s/S140522
2751	184659968	184683475	23507	/s/S140523
2752	184683520	184699006	15486	/s/S140524
2753	184699392	184723828	24436	/s/S140525
2754	184723968	184749248	25280	/s/S140526
2755	184749568	184763239	13671	/s/S140527
2756	184763392	184787843	24451	/s/S140528
2757	184787968	184792946	4978	/s/S140529
2758	184793088	184812266	19178	/s/S140530
2759	184812544	184825359	12815	/s/S140531
2760	184825856	184858825	32969	/s/S140532
2761	184859136	184883369	24233	/s/S140533
2762	184883712	184905619	21907	/s/S140534
2763	184905728	184930970	25242	/s/S140535
2764	184931328	184949789	18461	/s/S140536
2765	184950272	184974938	24666	/s/S140537
2766	184975360	184990596	15236	/s/S140538
2767	184990720	185024410	33690	/s/S140539
2768	185024512	185048276	23764	/s/S140540
2769	185048576	185065652	17076	/s/S140541
2770	185065984	185078040	12056	/s/S140542
2771	185078272	185107637	29365	/s/S140543
2772	185107968	185129140	21172	/s/S141401
2773	185129472	185138210	8738	/s/S141501
2774	185138688	185170446	31758	/s/S141502
2775	185170944	185194196	23252	/s/S141503
2776	185194496	185203392	8896	/s/S141504
2777	185203712	185224830	21118	/s/S141505
2778	185225216	185262563	37347	/s/S141506
2779	185262592	185286069	23477	/s/S141507
2780	185286144	185315273	29129	/s/S141508
2781	185315328	185327383	12055	/s/S141509
2782	185327616	185359615	31999	/s/S141510
2783	185359872	185386115	26243	/s/S141511
2784	185386496	185411535	25039	/s/S141512
2785	185411584	185432178	20594	/s/S141513
2786	185432576	185455627	23051	/s/S141514
2787	185456128	185464901	8773	/s/S141515
2788	185465344	185492583	27239	/s/S141516
2789	185492992	185510374	17382	/s/S141517
2790	185510400	185531078	20678	/s/S141518
2791	185531392	185548475	17083	/s/S141519
2792	185548800	185553458	4658	/s/S141520
2793	185553920	185580491	26571	/s/S141521
2794	185580544	185604749	24205	/s/S141522
2795	185605120	185610923	5803	/s/S141523
2796	185611264	185626952	15688	/s/S141524
2797	185627136	185647793	20657	/s/S141525
2798	185648128	185667926	19798	/s/S141526
2799	185668096	185680687	12591	/s/S141527
2800	185680896	185704106	23210	/s/S141528
2801	185704448	185716718	12270	/s/S141529
2802	185716736	185731220	14484	/s/S141530
2803	185731584	185763954	32370	/s/S141531
2804	185764352	185771120	6768	/s/S141532
2805	185771520	185801670	30150	/s/S141533
2806	185801728	185831030	29302	/s/S141534
2807	185831424	185840620	9196	/s/S141535
2808	185840640	185845996	5356	/s/S141536
2809	185846272	185854455	8183	/s/S141537
2810	185854464	185866493	12029	/s/S141538
2811	185866752	185871782	5030	/s/S141539
2812	185871872	185890886	19014	/s/S141540
2813	185891328	185914279	22951	/s/S141541
2814	185914368	185944571	30203	/s/S141542
2815	185944576	185984122	39546	/s/S141543
2816	185984512	186000966	16454	/s/S141544
2817	186001408	186037054	35646	/s/S141545
2818	186037248	186059799	22551	/s/S141546
2819	186060288	186116947	56659	/s/S141547
2820	186117120	186169495	52375	/s/S141548
2821	186169856	186244434	74578	/s/S141549
2822	186244608	186268329	23721	/s/S141601
2823	186268672	186284771	16099	/s/S141602
2824	186285056	186317395	32339	/s/S141603
2825	186317824	186346731	28907	/s/S141604
2826	186347008	186359250	12242	/s/S141605
2827	186359296	186390817	31521	/s/S141606
2828	186391040	186398251	7211	/s/S141607
2829	186398720	186416639	17919	/s/S141608
2830	186416640	186462711	46071	/s/S141609
2831	186462720	186485100	22380	/s/S141610
2832	186485248	186511772	26524	/s/S141611
2833	186511872	186525958	14086	/s/S141612
2834	186526208	186530251	4043	/s/S141613
2835	186530304	186543760	13456	/s/S141614
2836	186544128	186566316	22188	/s/S141801
2837	186566656	186583025	16369	/s/S141802
2838	186583040	186600898	17858	/s/S141803
2839	186600960	186611430	10470	/s/S141804
2840	186611712	186636089	24377	/s/S141805
2841	186636288	186645441	9153	/s/S141806
2842	186645504	186653537	8033	/s/S141807
2843	186653696	186674090	20394	/s/S141808
2844	186674176	186697174	22998	/s/S141809
2845	186697216	186724114	26898	/s/S141810
2846	186724352	186737562	13210	/s/S141811
2847	186737664	186766587	28923	/s/S141812
2848	186766848	186770637	3789	/s/S141813
2849	186770944	186791725	20781	/s/S141814
2850	186791936	186825945	34009	/s/S141815
2851	186826240	186853823	27583	/s/S141816
2852	186853888	186887588	33700	/s/S141817
2853	186887680	186903816	16136	/s/S141818
2854	186904064	186938553	34489	/s/S141819
2855	186938880	186965185	26305	/s/S141820
2856	186965504	186999081	33577	/s/S141821
2857	186999296	187018643	19347	/s/S141822
2858	187018752	187032660	13908	/s/S141823
2859	187033088	187052514	19426	/s/S141824
2860	187052544	187066697	14153	/s/S141825
2861	187066880	187074135	7255	/s/S141826
2862	187074560	187095218	20658	/s/S141827
2863	187095552	187130696	35144	/s/S141828
2864	187130880	187151388	20508	/s/S141829
2865	187151872	187170666	18794	/s/S141830
2866	187170816	187197537	26721	/s/S141831
2867	187197952	187209712	11760	/s/S141832
2868	187209728	187226871	17143	/s/S141833
2869	187227136	187250285	23149	/s/S141834
2870	187250688	187258833	8145	/s/S141835
2871	187258880	187275735	16855	/s/S141836
2872	187275776	187293909	18133	/s/S141837
2873	187294208	187328517	34309	/s/S141838
2874	187329024	187354388	25364	/s/S141839
2875	187354624	187379278	24654	/s/S141840
2876	187379712	187393581	13869	/s/S141901
2877	187394048	187416233	22185	/s/S141902
2878	187416576	187449717	33141	/s/S141903
2879	187449856	187482808	32952	/s/S141904
2880	187483136	187500352	17216	/s/S141905
2881	187500544	187508533	7989	/s/S141906
2882	187508736	187529942	21206	/s/S141907
2883	187530240	187537852	7612	/s/S141908
2884	187537920	187567763	29843	/s/S141909
2885	187568128	187604278	36150	/s/S141910
2886	187604480	187635629	31149	/s/S141911
2887	187635712	187680999	45287	/s/S141912
2888	187681280	187698191	16911	/s/S141913
2889	187698688	187729305	30617	/s/S141914
2890	187729408	187746973	17565	/s/S141915
2891	187747328	187765029	17701	/s/S141916
2892	187765248	187781661	16413	/s/S141917
2893	187782144	187812121	29977	/s/S141918
2894	187812352	187822093	9741	/s/S141919
2895	187822592	187849130	26538	/s/S141920
2896	187849216	187883407	34191	/s/S141921
2897	187883520	187909118	25598	/s/S141922
2898	187909120	187939985	30865	/s/S141923
2899	187940352	187977375	37023	/s/S141924
2900	187977728	187981537	3809	/s/S141925
2901	187981824	187989781	7957	/s/S141926
2902	187990016	188002883	12867	/s/S141927
2903	188003328	188037353	34025	/s/S141928
2904	188037632	188058953	21321	/s/S141929
2905	188059136	188090839	31703	/s/S141930
2906	188090880	188134898	44018	/s/S141931
2907	188134912	188154631	19719	/s/S141932
2908	188154880	188158129	3249	/s/S141933
2909	188158464	188174529	16065	/s/S141934
2910	188174848	188182729	7881	/s/S141935
2911	188183040	188224497	41457	/s/S141936
2912	188224512	188259605	35093	/s/S141937
2913	188259840	188286231	26391	/s/S141938
2914	188286464	188314838	28374	/s/S141939
2915	188315136	188343755	28619	/s/S141940
2916	188343808	188369825	26017	/s/S142101
2917	188369920	188380569	10649	/s/S142102
2918	188380672	188390405	9733	/s/S142103
2919	188390912	188410422	19510	/s/S142104
2920	188410880	188449528	38648	/s/S142105
2921	188449792	188463551	13759	/s/S142106
2922	188463616	188498929	35313	/s/S142201
2923	188498944	188549858	50914	/s/S142202
2924	188550144	188575578	25434	/s/S142203
2925	188575744	188603109	27365	/s/S142204
2926	188603392	188620368	16976	/s/S142205
2927	188620800	188638807	18007	/s/S142206
2928	188639232	188665409	26177	/s/S142207
2929	188665856	188692677	26821	/s/S142208
2930	188692992	188722330	29338	/s/S142209
2931	188722688	188757161	34473	/s/S142301
2932	188757504	188772655	15151	/s/S142302
2933	188772864	188791003	18139	/s/S142303
2934	188791296	188816867	25571	/s/S142304
2935	188816896	188835127	18231	/s/S142305
2936	188835328	188863720	28392	/s/S142306
2937	188864000	188889550	25550	/s/S142307
2938	188889600	188900211	10611	/s/S142308
2939	188900352	188923738	23386	/s/S142309
2940	188923904	188936129	12225	/s/S142310
2941	188936192	188948239	12047	/s/S142311
2942	188948480	188990491	42011	/s/S142312
2943	188990976	189010377	19401	/s/S142313
2944	189010432	189037507	27075	/s/S142314
2945	189037568	189046942	9374	/s/S142315
2946	189047296	189058447	11151	/s/S142316
2947	189058560	189065469	6909	/s/S142317
2948	189065728	189082121	16393	/s/S142318
2949	189082624	189096117	13493	/s/S142319
2950	189096448	189101595	5147	/s/S142320
2951	189102080	189128363	26283	/s/S142321
2952	189128704	189135337	6633	/s/S142322
2953	189135360	189157587	22227	/s/S142323
2954	189157888	189185777	27889	/s/S142324
2955	189186048	189188611	2563	/s/S142325
2956	189189120	189218710	29590	/s/S142326
2957	189218816	189225725	6909	/s/S142327
2958	189225984	189237201	11217	/s/S142328
2959	189237248	189254797	17549	/s/S142329
2960	189255168	189273696	18528	/s/S142330
2961	189274112	189305819	31707	/s/S142331
2962	189305856	189311858	6002	/s/S142332
2963	189312000	189337737	25737	/s/S142333
2964	189338112	189356783	18671	/s/S142334
2965	189357056	189374275	17219	/s/S142335
2966	189374464	189397325	22861	/s/S150401
2967	189397504	189403841	6337	/s/S150402
2968	189404160	189411222	7062	/s/S150403
2969	189411328	189429211	17883	/s/S150404
2970	189429248	189455714	26466	/s/S150405
2971	189455872	189471119	15247	/s/S150406
2972	189471232	189491969	20737	/s/S150407
2973	189492224	189497281	5057	/s/S150408
2974	189497344	189528334	30990	/s/S150409
2975	189528576	189536950	8374	/s/S150410
2976	189537280	189562210	24930	/s/S150411
2977	189562368	189586554	24186	/s/S150412
2978	189586944	189607540	20596	/s/S150413
2979	189607936	189634074	26138	/s/S150414
2980	189634560	189663317	28757	/s/S150415
2981	189663744	189692255	28511	/s/S150416
2982	189692416	189713967	21551	/s/S150417
2983	189714432	189744480	30048	/s/S150418
2984	189744640	189768573	23933	/s/S150419
2985	189768704	189799447	30743	/s/S150420
2986	189799936	189804997	5061	/s/S150421
2987	189805056	189836147	31091	/s/S150422
2988	189836288	189844647	8359	/s/S150423
2989	189844992	189879030	34038	/s/S150424
2990	189879296	189913603	34307	/s/S150425
2991	189914112	189935999	21887	/s/S150426
2992	189936128	189945639	9511	/s/S150427
2993	189945856	189959834	13978	/s/S150428
2994	189960192	189980316	20124	/s/S150429
2995	189980672	189995931	15259	/s/S150430
2996	189996032	190021078	25046	/s/S150431
2997	190021120	190034066	12946	/s/S150432
2998	190034432	190051496	17064	/s/S150701
2999	190051840	190056006	4166	/s/S150702
3000	190056448	190066381	9933	/s/S150703
3001	190066688	190082734	16046	/s/S150704
3002	190083072	190106484	23412	/s/S150705
3003	190106624	190127345	20721	/s/S150706
3004	190127616	190148264	20648	/s/S150707
3005	190148608	190167898	19290	/s/S150708
3006	190168064	190191488	23424	/s/S150709
3007	190191616	190204546	12930	/s/S150710
3008	190204928	190215864	10936	/s/S150711
3009	190216192	190236507	20315	/s/S150712
3010	190236672	190258174	21502	/s/S150713
3011	190258176	190280429	22253	/s/S150714
3012	190280704	190301509	20805	/s/S150715
3013	190301696	190321093	19397	/s/S150716
3014	190321152	190344706	23554	/s/S150717
3015	190345216	190361519	16303	/s/S150718
3016	190361600	190386169	24569	/s/S150719
3017	190386176	190411402	25226	/s/S150720
3018	190411776	190431350	19574	/s/S150721
3019	190431744	190439531	7787	/s/S150722
3020	190439936	190447834	7898	/s/S150723
3021	190448128	190459108	10980	/s/S150724
3022	190459392	190472520	13128	/s/S150725
3023	190472704	190485468	12764	/s/S150726
3024	190485504	190506722	21218	/s/S150727
3025	190507008	190530028	23020	/s/S151201
3026	190530048	190546651	16603	/s/S151202
3027	190546944	190573160	26216	/s/S151203
3028	190573568	190588902	15334	/s/S151204
3029	190588928	190603533	14605	/s/S151205
3030	190603776	190609883	6107	/s/S151206
3031	190609920	190632936	23016	/s/S151207
3032	190632960	190655403	22443	/s/S151208
3033	190655488	190681382	25894	/s/S151209
3034	190681600	190695544	13944	/s/S151210
3035	190695936	190708822	12886	/s/S151211
3036	190709248	190721005	11757	/s/S151212
3037	190721024	190744673	23649	/s/S151213
3038	190745088	190760270	15182	/s/S151214
3039	190760448	190781871	21423	/s/S151215
3040	190781952	190809111	27159	/s/S151216
3041	190809600	190843073	33473	/s/S151217
3042	190843392	190861665	18273	/s/S151218
3043	190861824	190875314	13490	/s/S151219
3044	190875648	190887599	11951	/s/S151220
3045	190887936	190916104	28168	/s/S151221
3046	190916608	190919862	3254	/s/S151222
3047	190920192	190941410	21218	/s/S151223
3048	190941696	190947806	6110	/s/S151224
3049	190947840	190952015	4175	/s/S151225
3050	190952448	190954983	2535	/s/S151226
3051	190955008	190958239	3231	/s/S151227
3052	190958592	190961816	3224	/s/S151228
3053	190962176	190966416	4240	/s/S151229
3054	190966784	190981860	15076	/s/S151230
3055	190982144	191004636	22492	/s/S151231
3056	191004672	191037145	32473	/s/S151301
3057	191037440	191066856	29416	/s/S151302
3058	191067136	191073663	6527	/s/S151303
3059	191073792	191080888	7096	/s/S151304
3060	191080960	191087656	6696	/s/S151305
3061	191088128	191106170	18042	/s/S151306
3062	191106560	191124811	18251	/s/S151307
3063	191124992	191144628	19636	/s/S151308
3064	191144960	191160270	15310	/s/S151309
3065	191160320	191174561	14241	/s/S151310
3066	191174656	191179269	4613	/s/S151311
3067	191179776	191196851	17075	/s/S151312
3068	191197184	191215577	18393	/s/S151313
3069	191215616	191243384	27768	/s/S151314
3070	191243776	191255466	11690	/s/S151315
3071	191255552	191267315	11763	/s/S151316
3072	191267328	191296434	29106	/s/S151317
3073	191296512	191310336	13824	/s/S151318
3074	191310336	191323236	12900	/s/S151319
3075	191323648	191351249	27601	/s/S151320
3076	191351296	191365438	14142	/s/S151321
3077	191365632	191388865	23233	/s/S151322
3078	191389184	191392781	3597	/s/S151323
3079	191393280	191397972	4692	/s/S151324
3080	191398400	191403228	4828	/s/S151325
3081	191403520	191423840	20320	/s/S151326
3082	191424000	191441622	17622	/s/S151327
3083	191441920	191463149	21229	/s/S151328
3084	191463424	191488329	24905	/s/S151329
3085	191488512	191501331	12819	/s/S160701
3086	191501824	191523014	21190	/s/S160702
3087	191523328	191550519	27191	/s/S160703
3088	191550976	191572025	21049	/s/S160704
3089	191572480	191585560	13080	/s/S160705
3090	191585792	191607164	21372	/s/S160706
3091	191607296	191628428	21132	/s/S160707
3092	191628800	191656915	28115	/s/S160708
3093	191656960	191667005	10045	/s/S160709
3094	191667200	191673903	6703	/s/S160710
3095	191674368	191690880	16512	/s/S160711
3096	191691264	191697086	5822	/s/S160712
3097	191697408	191720290	22882	/s/S160713
3098	191720448	191752067	31619	/s/S160714
3099	191752192	191778308	26116	/s/S160715
3100	191778816	191799173	20357	/s/S160716
3101	191799296	191818634	19338	/s/S160717
3102	191818752	191849543	30791	/s/S160718
3103	191849984	191877217	27233	/s/S160719
3104	191877632	191901312	23680	/s/S160720
3105	191901696	191928018	26322	/s/S160721
3106	191928320	191936938	8618	/s/S160722
3107	191937024	191960249	23225	/s/S160723
3108	191960576	191975868	15292	/s/S160724
3109	191975936	191989225	13289	/s/S160725
3110	191989248	191999959	10711	/s/S160726
3111	192000000	192005402	5402	/s/S160727
3112	192005632	192036959	31327	/s/S160728
3113	192037376	192070581	33205	/s/S160729
3114	192070656	192101606	30950	/s/S160730
3115	192101888	192120418	18530	/s/S160731
3116	192120832	192134843	14011	/s/S160732
3117	192135168	192140137	4969	/s/S161601
3118	192140288	192171736	31448	/s/S161602
3119	192172032	192180294	8262	/s/S161603
3120	192180736	192219197	38461	/s/S161604
3121	192219648	192231566	11918	/s/S161605
3122	192231936	192249303	17367	/s/S161606
3123	192249344	192261368	12024	/s/S161607
3124	192261632	192273474	11842	/s/S161608
3125	192273920	192291099	17179	/s/S161609
3126	192291328	192325948	34620	/s/S161610
3127	192326144	192344251	18107	/s/S161611
3128	192344576	192374040	29464	/s/S161612
3129	192374272	192409107	34835	/s/S161613
3130	192409600	192418866	9266	/s/S161614
3131	192419328	192443299	23971	/s/S161615
3132	192443392	192449722	6330	/s/S161616
3133	192450048	192466640	16592	/s/S161617
3134	192466944	192490944	24000	/s/S161618
3135	192491008	192518596	27588	/s/S161619
3136	192518656	192551793	33137	/s/S161620
3137	192551936	192561688	9752	/s/S161621
3138	192562176	192580358	18182	/s/S161622
3139	192580608	192600038	19430	/s/S161623
3140	192600064	192623780	23716	/s/S161624
3141	192624128	192655552	31424	/s/S161625
3142	192655872	192684019	28147	/s/S161626
3143	192684032	192713658	29626	/s/S161627
3144	192713728	192731101	17373	/s/S161628
3145	192731136	192744652	13516	/s/S161629
3146	192744960	192772952	27992	/s/S161630
3147	192773120	192794857	21737	/s/S161631
3148	192795136	192808475	13339	/s/S161632
3149	192808960	192829850	20890	/s/S161633
3150	192829952	192836514	6562	/s/S161634
3151	192836608	192845588	8980	/s/S161635
3152	192845824	192867200	21376	/s/S161701
3153	192867328	192869031	1703	/s/S161702
3154	192869376	192886422	17046	/s/S161703
3155	192886784	192891656	4872	/s/S161704
3156	192891904	192910820	18916	/s/S161705
3157	192910848	192921635	10787	/s/S161706
3158	192922112	192932390	10278	/s/S161707
3159	192932864	192963179	30315	/s/S161708
3160	192963584	192973977	10393	/s/S161709
3161	192974336	192993380	19044	/s/S161710
3162	192993792	193016449	22657	/s/S161711
3163	193016832	193023184	6352	/s/S161712
3164	193023488	193031647	8159	/s/S161713
3165	193031680	193041782	10102	/s/S161714
3166	193041920	193077586	35666	/s/S161715
3167	193077760	193101307	23547	/s/S161716
3168	193101312	193141712	40400	/s/S161717
3169	193141760	193149319	7559	/s/S161718
3170	193149440	193163768	14328	/s/S161719
3171	193163776	193196088	32312	/s/S161720
3172	193196544	193232858	36314	/s/S161721
3173	193232896	193248364	15468	/s/S161722
3174	193248768	193276960	28192	/s/S161723
3175	193277440	193289573	12133	/s/S171301
3176	193289728	193306979	17251	/s/S171302
3177	193307136	193340984	33848	/s/S171303
3178	193341440	193352597	11157	/s/S171304
3179	193352704	193372066	19362	/s/S171305
3180	193372160	193408568	36408	/s/S171306
3181	193409024	193416609	7585	/s/S171307
3182	193416704	193425337	8633	/s/S171308
3183	193425408	193437332	11924	/s/S171309
3184	193437696	193443602	5906	/s/S171310
3185	193443840	193467554	23714	/s/S171311
3186	193467904	193499853	31949	/s/S171401
3187	193500160	193516183	16023	/s/S171402
3188	193516544	193533681	17137	/s/S171403
3189	193533952	193539896	5944	/s/S171404
3190	193540096	193562444	22348	/s/S171405
3191	193562624	193573038	10414	/s/S171406
3192	193573376	193577632	4256	/s/S171407
3193	193577984	193616037	38053	/s/S171408
3194	193616384	193639518	23134	/s/S171409
3195	193639936	193661925	21989	/s/S171410
3196	193661952	193674050	12098	/s/S171411
3197	193674240	193713827	39587	/s/S171412
3198	193714176	193740043	25867	/s/S171413
3199	193740288	193768999	28711	/s/S171414
3200	193769472	193805242	35770	/s/S171415
3201	193805312	193862940	57628	/s/S171416
3202	193863168	193874235	11067	/s/S171417
3203	193874432	193911302	36870	/s/S171418
3204	193911808	193933994	22186	/s/S171419
3205	193934336	193959037	24701	/s/S171420
3206	193959424	193983451	24027	/s/S171421
3207	193983488	194012520	29032	/s/S171422
3208	194012672	194030148	17476	/s/S171423
3209	194030592	194054180	23588	/s/S171424
3210	194054656	194070959	16303	/s/S171425
3211	194071040	194094448	23408	/s/S171426
3212	194094592	194117188	22596	/s/S171427
3213	194117632	194133074	15442	/s/S171428
3214	194133504	194161112	27608	/s/S171701
3215	194161152	194190543	29391	/s/S171702
3216	194190848	194222987	32139	/s/S171703
3217	194223104	194247458	24354	/s/S171704
3218	194247680	194272274	24594	/s/S171705
3219	194272768	194314097	41329	/s/S171801
3220	194314240	194345692	31452	/s/S171802
3221	194345984	194354335	8351	/s/S171803
3222	194354688	194370242	15554	/s/S171804
3223	194370560	194376327	5767	/s/S171805
3224	194376704	194380695	3991	/s/S171806
3225	194380800	194386874	6074	/s/S171807
3226	194386944	194400081	13137	/s/S171808
3227	194400256	194438391	38135	/s/S171809
3228	194438656	194457253	18597	/s/S171810
3229	194457600	194484019	26419	/s/S171811
3230	194484224	194514548	30324	/s/S181201
3231	194514944	194548190	33246	/s/S181202
3232	194548224	194579989	31765	/s/S181203
3233	194580480	194624231	43751	/s/S181204
3234	194624512	194671747	47235	/s/S181205
3235	194672128	194679355	7227	/s/S181206
3236	194679808	194708922	29114	/s/S181207
3237	194708992	194717761	8769	/s/S181208
3238	194718208	194741269	23061	/s/S181209
3239	194741760	194755575	13815	/s/S181210
3240	194755584	194781163	25579	/s/S181211
3241	194781184	194800995	19811	/s/S181212
3242	194801152	194823111	21959	/s/S181213
3243	194823168	194831187	8019	/s/S181214
3244	194831360	194851068	19708	/s/S181215
3245	194851328	194873665	22337	/s/S181216
3246	194873856	194893275	19419	/s/S181217
3247	194893312	194923797	30485	/s/S181218
3248	194924032	194930567	6535	/s/S181219
3249	194930688	194937823	7135	/s/S181220
3250	194937856	194949851	11995	/s/S181221
3251	194950144	194967742	17598	/s/S181222
3252	194968064	194972169	4105	/s/S181223
3253	194972672	195000401	27729	/s/S181224
3254	195000832	195014259	13427	/s/S181225
3255	195014656	195040328	25672	/s/S181226
3256	195040768	195081807	41039	/s/S181227
3257	195082240	195115172	32932	/s/S181228
3258	195115520	195137893	22373	/s/S181229
3259	195138048	195165884	27836	/s/S181230
3260	195166208	195172637	6429	/s/S181231
3261	195172864	195181548	8684	/s/S181232
3262	195181568	195196280	14712	/s/S181232b
3263	195196416	195220350	23934	/s/S181233
3264	195220480	195230425	9945	/s/S181234
3265	195230720	195249052	18332	/s/S181235
3266	195249152	195264580	15428	/s/S181236
3267	195265024	195277676	12652	/s/S181237
3268	195277824	195305056	27232	/s/S181238
3269	195305472	195314634	9162	/s/S181239
3270	195314688	195334164	19476	/s/S181240
3271	195334656	195366252	31596	/s/S181241
3272	195366400	195370354	3954	/s/S181242
3273	195370496	195376481	5985	/s/S181243
3274	195376640	195397814	21174	/s/S181244
3275	195398144	195417907	19763	/s/S181245
3276	195418112	195442366	24254	/s/S181246
3277	195442688	195456462	13774	/s/S181247
3278	195456512	195462616	6104	/s/S181248
3279	195462656	195483351	20695	/s/S181249
3280	195483648	195491061	7413	/s/S181250
3281	195491328	195505874	14546	/s/S181251
3282	195506176	195533451	27275	/s/S181252
3283	195533824	195549889	16065	/s/S181253
3284	195550208	195569800	19592	/s/S181254
3285	195570176	195592853	22677	/s/S181255
3286	195593216	195606045	12829	/s/S181256
3287	195606528	195632736	26208	/s/S181257
3288	195633152	195651636	18484	/s/S181258
3289	195652096	195667344	15248	/s/S181259
3290	195667456	195683229	15773	/s/S181260
3291	195683328	195697298	13970	/s/S181261
3292	195697664	195707471	9807	/s/S181262
3293	195707904	195721475	13571	/s/S181263
3294	195721728	195741720	19992	/s/S181264
3295	195742208	195764865	22657	/s/S181265
3296	195765248	195776375	11127	/s/S181266
3297	195776512	195792603	16091	/s/S181267
3298	195792896	195814389	21493	/s/S190301
3299	195814400	195831002	16602	/s/S190302
3300	195831296	195850013	18717	/s/S190303
3301	195850240	195866231	15991	/s/S190304
3302	195866624	195876963	10339	/s/S190305
3303	195877376	195892833	15457	/s/S190306
3304	195893248	195927051	33803	/s/S190307
3305	195927552	195955011	27459	/s/S190308
3306	195955200	195968214	13014	/s/S190309
3307	195968512	195986087	17575	/s/S190310
3308	195986432	195999941	13509	/s/S190311
3309	196000256	196029656	29400	/s/S190312
3310	196029952	196035038	5086	/s/S190313
3311	196035072	196043532	8460	/s/S190314
3312	196043776	196065078	21302	/s/S190315
3313	196065280	196089433	24153	/s/S190316
3314	196089856	196124081	34225	/s/S190317
3315	196124160	196130310	6150	/s/S190318
3316	196130816	196157770	26954	/s/S190319
3317	196157952	196183579	25627	/s/S190320
3318	196184064	196222125	38061	/s/S190321
3319	196222464	196248168	25704	/s/S190322
3320	196248576	196271374	22798	/s/S190323
3321	196271616	196299850	28234	/s/S190324
3322	196300288	196314395	14107	/s/S190325
3323	196314624	196344206	29582	/s/S190326
3324	196344320	196380442	36122	/s/S190327
3325	196380672	196397147	16475	/s/S190328
3326	196397568	196413707	16139	/s/S190329
3327	196413952	196440879	26927	/s/S190330
3328	196441088	196466328	25240	/s/S190331
3329	196466688	196493640	26952	/s/S190332
3330	196493824	196502736	8912	/s/S190333
3331	196503040	196522232	19192	/s/S191201
3332	196522496	196535722	13226	/s/S191202
3333	196535808	196560819	25011	/s/S191203
3334	196560896	196584044	23148	/s/S191204
3335	196584448	196613813	29365	/s/S191205
3336	196614144	196655761	41617	/s/S191206
3337	196656128	196688856	32728	/s/S191207
3338	196688896	196705874	16978	/s/S191208
3339	196706304	196719520	13216	/s/S191209
3340	196719616	196737803	18187	/s/S191210
3341	196738048	196758710	20662	/s/S191211
3342	196759040	196775024	15984	/s/S191212
3343	196775424	196795603	20179	/s/S191213
3344	196795904	196804859	8955	/s/S191214
3345	196805120	196842504	37384	/s/S191215
3346	196843008	196858609	15601	/s/S191216
3347	196858880	196889552	30672	/s/S191217
3348	196889600	196900695	11095	/s/S191218
3349	196900864	196918194	17330	/s/S191219
3350	196918272	196945550	27278	/s/S191220
3351	196945920	196966413	20493	/s/S191221
3352	196966912	196996511	29599	/s/S191222
3353	196996608	197013176	16568	/s/S191223
3354	197013504	197039528	26024	/s/S191224
3355	197039616	197079224	39608	/s/S191225
3356	197079552	197112349	32797	/s/S191226
3357	197112832	197116589	3757	/s/S191227
3358	197116928	197126440	9512	/s/S191228
3359	197126656	197153128	26472	/s/S191229
3360	197153280	197166988	13708	/s/S191230
3361	197167104	197193688	26584	/s/S191231
3362	197193728	197206804	13076	/s/S191232
3363	197207040	197211456	4416	/s/S191233
3364	197211648	197243720	32072	/s/S191234
3365	197243904	197260219	16315	/s/S191235
3366	197260288	197277000	16712	/s/S191236
3367	197277184	197311812	34628	/s/S191237
3368	197312000	197333753	21753	/s/S191238
3369	197334016	197359118	25102	/s/S191239
3370	197359616	197402708	43092	/s/S191804
3371	197403136	197447415	44279	/s/S191805
3372	197447680	197468169	20489	/s/S191806
3373	197468672	197484569	15897	/s/S191807
3374	197485056	197524141	39085	/s/S191808
3375	197524480	197536590	12110	/s/S191809
3376	197536768	197559528	22760	/s/S191810
3377	197559808	197612794	52986	/s/S191811
3378	197613056	197640248	27192	/s/S191812
3379	197640704	197663037	22333	/s/S191813
3380	197663232	197674449	11217	/s/S191814
3381	197674496	197682898	8402	/s/S191815
3382	197683200	197713689	30489	/s/S191816
3383	197713920	197747180	33260	/s/S191817
3384	197747200	197776897	29697	/s/S191818
3385	197777408	197809249	31841	/s/S191819
3386	197809664	197823464	13800	/s/S191820
3387	197823488	197841485	17997	/s/S191821
3388	197841920	197847439	5519	/s/S191822
3389	197847552	197871172	23620	/s/S191823
3390	197871616	197895957	24341	/s/S191824
3391	197896192	197931717	35525	/s/S191825
3392	197932032	197938729	6697	/s/S191826
3393	197939200	197955321	16121	/s/S191827
3394	197955584	197964977	9393	/s/S191828
3395	197965312	197975059	9747	/s/S191829
3396	197975552	198004946	29394	/s/S191830
3397	198005248	198013406	8158	/s/S191831
3398	198013440	198024589	11149	/s/S191832
3399	198024704	198042135	17431	/s/S191901
3400	198042624	198073445	30821	/s/S191902
3401	198073856	198101111	27255	/s/S191903
3402	198101504	198128693	27189	/s/S191904
3403	198129152	198159990	30838	/s/S191905
3404	198160384	198202982	42598	/s/S191906
3405	198203392	198215847	12455	/s/S191907
3406	198216192	198245763	29571	/s/S191908
3407	198245888	198278958	33070	/s/S191909
3408	198279168	198298877	19709	/s/S191910
3409	198299136	198327218	28082	/s/S191911
3410	198327296	198343133	15837	/s/S191912
3411	198343168	198374822	31654	/s/S191913
3412	198374912	198401862	26950	/s/S191914
3413	198402048	198421310	19262	/s/S191915
3414	198421504	198427422	5918	/s/S191916
3415	198427648	198435680	8032	/s/S191917
3416	198435840	198459565	23725	/s/S192101
3417	198459904	198477255	17351	/s/S192102
3418	198477312	198491987	14675	/s/S192103
3419	198492160	198509776	17616	/s/S192104
3420	198510080	198527186	17106	/s/S192105
3421	198527488	198551591	24103	/s/S192106
3422	198552064	198572756	20692	/s/S192107
3423	198573056	198591952	18896	/s/S192108
3424	198592000	198600160	8160	/s/S192109
3425	198600192	198620464	20272	/s/S192110
3426	198620672	198651596	30924	/s/S192111
3427	198651904	198675586	23682	/s/S192112
3428	198675968	198702821	26853	/s/S192113
3429	198703104	198723167	20063	/s/S192114
3430	198723584	198739747	16163	/s/S192115
3431	198739968	198772633	32665	/s/S192116
3432	198772736	198796416	23680	/s/S192117
3433	198796800	198815801	19001	/s/S192118
3434	198816256	198829467	13211	/s/S192119
3435	198829568	198849436	19868	/s/S192120
3436	198849536	198862777	13241	/s/S192121
3437	198862848	198886775	23927	/s/S192122
3438	198886912	198907651	20739	/s/S192123
3439	198907904	198917999	10095	/s/S192124
3440	198918144	198942190	24046	/s/S192125
3441	198942208	198962140	19932	/s/S192126
3442	198962176	198983944	21768	/s/S192127
3443	198984192	199011390	27198	/s/S192128
3444	199011840	199039564	27724	/s/S192129
3445	199040000	199065936	25936	/s/S192130
3446	199066112	199102359	36247	/s/S192131
3447	199102464	199121984	19520	/s/S192132
3448	199122432	199151718	29286	/s/S192133
3449	199152128	199175143	23015	/s/S192134
3450	199175168	199201203	26035	/s/S192135
3451	199201280	199231096	29816	/s/S192136
3452	199231488	199245934	14446	/s/S192137
3453	199246336	199263702	17366	/s/S192201
3454	199263744	199273842	10098	/s/S192202
3455	199273984	199297849	23865	/s/S192203
3456	199298048	199303595	5547	/s/S192204
3457	199303680	199312717	9037	/s/S192205
3458	199312896	199329413	16517	/s/S192206
3459	199329792	199349694	19902	/s/S192207
3460	199349760	199378919	29159	/s/S192208
3461	199378944	199382489	3545	/s/S192209
3462	199382528	199407338	24810	/s/S192210
3463	199407616	199437603	29987	/s/S192211
3464	199437824	199444467	6643	/s/S192212
3465	199444480	199454103	9623	/s/S192213
3466	199454208	199477868	23660	/s/S192214
3467	199478272	199489531	11259	/s/S192215
3468	199489536	199510710	21174	/s/S192216
3469	199511040	199536662	25622	/s/S192217
3470	199537152	199565853	28701	/s/S192218
3471	199566336	199585570	19234	/s/S192219
3472	199585792	199605015	19223	/s/S192220
3473	199605248	199624339	19091	/s/S192221
3474	199624704	199635688	10984	/s/S192222
3475	199635968	199648004	12036	/s/S192223
3476	199648256	199676362	28106	/s/S192224
3477	199676416	199705640	29224	/s/S192225
3478	199706112	199721205	15093	/s/S192226
3479	199721472	199757200	35728	/s/S192301
3480	199757312	199776752	19440	/s/S192302
3481	199776768	199796666	19898	/s/S192303
3482	199796736	199823672	26936	/s/S192304
3483	199823872	199860963	37091	/s/S192305
3484	199861248	199872835	11587	/s/S192306
3485	199873024	199893910	20886	/s/S192307
3486	199894016	199899788	5772	/s/S192308
3487	199900160	199910646	10486	/s/S192309
3488	199910912	199934925	24013	/s/S192310
3489	199934976	199943820	8844	/s/S192311
3490	199944192	199971395	27203	/s/S192312
3491	199971840	199988142	16302	/s/S192313
3492	199988224	200000217	11993	/s/S192314
3493	200000512	200008984	8472	/s/S192315
3494	200009216	200010960	1744	/s/S192316
3495	200011264	200027505	16241	/s/S192317
3496	200027648	200061610	33962	/s/S192318
3497	200061952	200089589	27637	/s/S192319
3498	200089600	200106292	16692	/s/S192320
3499	200106496	200128740	22244	/s/S192321
3500	200129024	200144420	15396	/s/S192322
3501	200144896	200169095	24199	/s/S192323
3502	200169472	200185191	15719	/s/S192324
3503	200185344	200219227	33883	/s/S192325
3504	200219648	200231447	11799	/s/S192401
3505	200231936	200257724	25788	/s/S192402
3506	200258048	200262099	4051	/s/S192403
3507	200262144	200267003	4859	/s/S192404
3508	200267264	200283738	16474	/s/S192405
3509	200284160	200304938	20778	/s/S192406
3510	200305152	200332251	27099	/s/S192407
3511	200332288	200341158	8870	/s/S192408
3512	200341504	200366443	24939	/s/S192409
3513	200366592	200391270	24678	/s/S192501
3514	200391680	200397507	5827	/s/S192502
3515	200397824	200402219	4395	/s/S192503
3516	200402432	200427643	25211	/s/S192504
3517	200428032	200449898	21866	/s/S192505
3518	200450048	200457224	7176	/s/S192506
3519	200457728	200461936	4208	/s/S192507
3520	200462336	200473703	11367	/s/S192508
3521	200474112	200483735	9623	/s/S192509
3522	200483840	200505235	21395	/s/S192510
3523	200505344	200533036	27692	/s/S192511
3524	200533504	200546973	13469	/s/S192512
3525	200547328	200570018	22690	/s/S192513
3526	200570368	200575786	5418	/s/S192514
3527	200576000	200593826	17826	/s/S192515
3528	200593920	200602567	8647	/s/S192516
3529	200602624	200610493	7869	/s/S192517
3530	200610816	200624356	13540	/s/S192601
3531	200624640	200653677	29037	/s/S192602
3532	200653824	200690729	36905	/s/S192603
3533	200691200	200711892	20692	/s/S192604
3534	200712192	200730156	17964	/s/S192605
3535	200730624	200771255	40631	/s/S192606
3536	200771584	200815895	44311	/s/S192607
3537	200816128	200822891	6763	/s/S192608
3538	200823296	200848882	25586	/s/S192609
3539	200848896	200869919	21023	/s/S192801
3540	200870400	200892930	22530	/s/S192802
3541	200893440	200919650	26210	/s/S192803
3542	200920064	200947769	27705	/s/S192804
3543	200948224	200972268	24044	/s/S192805
3544	200972288	200994796	22508	/s/S192806
3545	200994816	201006068	11252	/s/S192807
3546	201006080	201022844	16764	/s/S192808
3547	201022976	201041894	18918	/s/S192809
3548	201041920	201062428	20508	/s/S192810
3549	201062912	201090019	27107	/s/S192811
3550	201090048	201122575	32527	/s/S192812
3551	201122816	201147943	25127	/s/S192813
3552	201148416	201169072	20656	/s/S192814
3553	201169408	201173750	4342	/s/S192815
3554	201174016	201186848	12832	/s/S192816
3555	201187328	201201192	13864	/s/S192817
3556	201201664	201220149	18485	/s/S192818
3557	201220608	201235721	15113	/s/S192819
3558	201235968	201250555	14587	/s/S192820
3559	201250816	201275306	24490	/s/S192821
3560	201275392	201299454	24062	/s/S192822
3561	201299456	201323941	24485	/s/S192823
3562	201324032	201356208	32176	/s/S192824
3563	201356288	201381469	25181	/s/S192825
3564	201381888	201393415	11527	/s/S192826
3565	201393664	201402545	8881	/s/S192827
3566	201402880	201428468	25588	/s/S192828
3567	201428480	201453843	25363	/s/S192829
3568	201454080	201470681	16601	/s/S192830
3569	201470976	201484383	13407	/s/S192831
3570	201484800	201490600	5800	/s/S192832
3571	201490944	201499577	8633	/s/S192833
3572	201499648	201506300	6652	/s/S192834
3573	201506304	201524422	18118	/s/S192835
3574	201524736	201546369	21633	/s/S192836
3575	201546752	201580396	33644	/s/S192837
3576	201580544	201588814	8270	/s/S192838
3577	201589248	201592614	3366	/s/S192839
3578	201592832	201615014	22182	/s/S192840
3579	201615360	201633396	18036	/s/S192841
3580	201633792	201668144	34352	/s/S192842
3581	201668608	201679194	10586	/s/S192843
3582	201679360	201693508	14148	/s/S192844
3583	201693696	201720918	27222	/s/S192845
3584	201721344	201761395	40051	/s/S192846
3585	201761792	201786420	24628	/s/S192847
3586	201786880	201811523	24643	/s/S192848
3587	201811968	201840005	28037	/s/S192849
3588	201840128	201862627	22499	/s/S192850
3589	201862656	201879212	16556	/s/S192851
3590	201879552	201902258	22706	/s/S192852
3591	201902592	201931439	28847	/s/S192853
3592	201931776	201938805	7029	/s/S192854
3593	201938944	201963049	24105	/s/S192855
3594	201963520	202002802	39282	/s/S192856
3595	202002944	202037018	34074	/s/S192857
3596	202037248	202057653	20405	/s/S192858
3597	202057728	202079103	21375	/s/S192859
3598	202079232	202091595	12363	/s/S192901
3599	202092032	202110180	18148	/s/S192902
3600	202110464	202136055	25591	/s/S192903
3601	202136064	202149416	13352	/s/S192904
3602	202149888	202164038	14150	/s/S192905
3603	202164224	202181157	16933	/s/S192906
3604	202181632	202212334	30702	/s/S192907
3605	202212352	202230615	18263	/s/S192908
3606	202230784	202248509	17725	/s/S192909
3607	202248704	202277024	28320	/s/S192910
3608	202277376	202306282	28906	/s/S192911
3609	202306560	202325426	18866	/s/S192912
3610	202325504	202337914	12410	/s/S192913
3611	202338304	202346291	7987	/s/S192914
3612	202346496	202384925	38429	/s/S201801
3613	202385408	202411727	26319	/s/S201802
3614	202412032	202434531	22499	/s/S201803
3615	202434560	202467589	33029	/s/S201804
3616	202467840	202492258	24418	/s/S201805
3617	202492416	202513452	21036	/s/S201806
3618	202513920	202535759	21839	/s/S201807
3619	202535936	202558021	22085	/s/S201808
3620	202558464	202589049	30585	/s/S201809
3621	202589184	202612623	23439	/s/S201810
3622	202612736	202642303	29567	/s/S201811
3623	202642432	202672834	30402	/s/S201812
3624	202673152	202688768	15616	/s/S201813
3625	202689024	202707043	18019	/s/S201814
3626	202707456	202725482	18026	/s/S201815
3627	202725888	202737175	11287	/s/S201816
3628	202737664	202744104	6440	/s/S201817
3629	202744320	202768054	23734	/s/S201818
3630	202768384	202803520	35136	/s/S201819
3631	202803712	202812960	9248	/s/S201820
3632	202813440	202851163	37723	/s/S201821
3633	202851328	202880983	29655	/s/S201822
3634	202881024	202905830	24806	/s/S201823
3635	202906112	202907952	1840	/s/S201824
3636	202908160	202959109	50949	/s/S201825
3637	202959360	202980127	20767	/s/S201826
3638	202980352	203006163	25811	/s/S201827
3639	203006464	203013395	6931	/s/S201828
3640	203013632	203038773	25141	/s/S201829
3641	203039232	203066395	27163	/s/S201830
3642	203066880	203087706	20826	/s/S201831
3643	203087872	203091469	3597	/s/S201832
3644	203091968	203115528	23560	/s/S201833
3645	203116032	203133122	17090	/s/S201834
3646	203133440	203156098	22658	/s/S201835
3647	203156480	203171533	15053	/s/S201836
3648	203171840	203180809	8969	/s/S201837
3649	203181056	203184520	3464	/s/S201838
3650	203184640	203210774	26134	/s/S201839
3651	203211264	203232415	21151	/s/S201840
3652	203232768	203264989	32221	/s/S201841
3653	203265024	203293204	28180	/s/S201901
3654	203293696	203323628	29932	/s/S201902
3655	203323904	203334181	10277	/s/S201903
3656	203334656	203338535	3879	/s/S201904
3657	203338752	203356034	17282	/s/S201905
3658	203356160	203383557	27397	/s/S201906
3659	203383808	203393135	9327	/s/S201907
3660	203393536	203409861	16325	/s/S201908
3661	203409920	203423160	13240	/s/S201909
3662	203423232	203438906	15674	/s/S201910
3663	203439104	203448928	9824	/s/S201911
3664	203449344	203462679	13335	/s/S201912
3665	203463168	203481614	18446	/s/S201913
3666	203482112	203493200	11088	/s/S201914
3667	203493376	203520781	27405	/s/S201915
3668	203521024	203534537	13513	/s/S201916
3669	203534848	203572267	37419	/s/S201917
3670	203572736	203595021	22285	/s/S201918
3671	203595264	203604502	9238	/s/S201919
3672	203604992	203627518	22526	/s/S201920
3673	203627520	203676100	48580	/s/S201921
3674	203676160	203689088	12928	/s/S201922
3675	203689472	203692946	3474	/s/S201923
3676	203693056	203699248	6192	/s/S201924
3677	203699712	203732186	32474	/s/S201925
3678	203732480	203746385	13905	/s/S201926
3679	203746816	203769291	22475	/s/S201927
3680	203769344	203780133	10789	/s/S201928
3681	203780608	203821984	41376	/s/S201929
3682	203822080	203825349	3269	/s/S201930
3683	203825664	203829932	4268	/s/S201931
3684	203830272	203853518	23246	/s/S201932
3685	203853824	203879007	25183	/s/S201933
3686	203879424	203895201	15777	/s/S201934
3687	203895296	203920895	25599	/s/S201935
3688	203920896	203953587	32691	/s/S201936
3689	203953664	203965159	11495	/s/S201937
3690	203965440	203969516	4076	/s/S201938
3691	203969536	203992790	23254	/s/S201939
3692	203993088	204015653	22565	/s/S201940
3693	204016128	204053053	36925	/s/S201941
3694	204053504	204069533	16029	/s/S201942
3695	204069888	204083979	14091	/s/S201943
3696	204084224	204113291	29067	/s/S201944
3697	204113408	204146129	32721	/s/S201945
3698	204146176	204167565	21389	/s/S201946
3699	204167680	204169708	2028	/s/S201947
3700	204169728	204196272	26544	/s/S201948
3701	204196352	204223575	27223	/s/S201949
3702	204224000	204249707	25707	/s/S201950
3703	204250112	204289129	39017	/s/S201951
3704	204289536	204311983	22447	/s/S201952
3705	204312064	204344898	32834	/s/S201953
3706	204345344	204366839	21495	/s/S201954
3707	204366848	204382268	15420	/s/S201955
3708	204382720	204419844	37124	/s/S201956
3709	204420096	204445604	25508	/s/S201957
3710	204445696	204488524	42828	/s/S201958
3711	204488704	204503314	14610	/s/S201959
3712	204503552	204509035	5483	/s/S201960
3713	204509184	204512307	3123	/s/S201961
3714	204512768	204518190	5422	/s/S201962
3715	204518400	204560101	41701	/s/S201963
3716	204560384	204578909	18525	/s/S201964
3717	204579328	204618005	38677	/s/S201965
3718	204618240	204639203	20963	/s/S201966
3719	204639232	204659516	20284	/s/S201967
3720	204659712	204663211	3499	/s/S201968
3721	204663296	204680159	16863	/s/S201969
3722	204680192	204694694	14502	/s/S201970
3723	204695040	204711725	16685	/s/S201971
3724	204711936	204729932	17996	/s/S201972
3725	204730368	204755302	24934	/s/S201973
3726	204755456	204786618	31162	/s/S202001
3727	204786688	204815690	29002	/s/S202002
3728	204815872	204836731	20859	/s/S202003
3729	204836864	204859241	22377	/s/S202004
3730	204859392	204897901	38509	/s/S202005
3731	204898304	204929319	31015	/s/S202006
3732	204929536	204965931	36395	/s/S202007
3733	204966400	204999059	32659	/s/S202008
3734	204999168	205021969	22801	/s/S202009
3735	205022208	205042723	20515	/s/S202010
3736	205043200	205059984	16784	/s/S202011
3737	205060096	205073866	13770	/s/S202012
3738	205073920	205113259	39339	/s/S202013
3739	205113344	205143165	29821	/s/S202014
3740	205143552	205182573	39021	/s/S202015
3741	205182976	205209101	26125	/s/S202016
3742	205209600	205237945	28345	/s/S202017
3743	205238272	205274118	35846	/s/S202018
3744	205274624	205293250	18626	/s/S202019
3745	205293568	205316655	23087	/s/S202020
3746	205317120	205329289	12169	/s/S202021
3747	205329408	205357603	28195	/s/S202022
3748	205358080	205388559	30479	/s/S202023
3749	205388800	205413895	25095	/s/S202024
3750	205414400	205439881	25481	/s/S202025
3751	205440000	205452832	12832	/s/S202026
3752	205453312	205471763	18451	/s/S202027
3753	205472256	205490066	17810	/s/S202028
3754	205490176	205524937	34761	/s/S202029
3755	205524992	205562311	37319	/s/S202030
3756	205562368	205587463	25095	/s/S202031
3757	205587968	205608170	20202	/s/S202032
3758	205608448	205628205	19757	/s/S202033
3759	205628416	205645549	17133	/s/S202034
3760	205645824	205670769	24945	/s/S202035
3761	205670912	205691153	20241	/s/S202036
3762	205691392	205708515	17123	/s/S202037
3763	205708800	205732241	23441	/s/S202038
3764	205732352	205748546	16194	/s/S202039
3765	205748736	205757550	8814	/s/S202040
3766	205757952	205785580	27628	/s/S202041
3767	205785600	205814349	28749	/s/S202042
3768	205814784	205840292	25508	/s/S202043
3769	205840384	205858746	18362	/s/S202044
3770	205858816	205866320	7504	/s/S202045
3771	205866496	205891788	25292	/s/S202046
3772	205892096	205910166	18070	/s/S202201
3773	205910528	205925886	15358	/s/S202301
3774	205925888	205941085	15197	/s/S202401
3775	205941248	205966736	25488	/s/S202501
3776	205966848	205987260	20412	/s/S202701
3777	205987328	206004941	17613	/s/S202702
3778	206005248	206023594	18346	/s/S202703
3779	206023680	206034902	11222	/s/S202704
3780	206034944	206044743	9799	/s/S202705
3781	206045184	206080479	35295	/s/S202706
3782	206080512	206108932	28420	/s/S202707
3783	206109184	206121306	12122	/s/S202708
3784	206121472	206143587	22115	/s/S211001
3785	206144000	206161975	17975	/s/S211002
3786	206162432	206184002	21570	/s/S211003
3787	206184448	206195950	11502	/s/S211004
3788	206196224	206218022	21798	/s/S211005
3789	206218240	206241728	23488	/s/S211006
3790	206241792	206253621	11829	/s/S211007
3791	206254080	206273188	19108	/s/S211008
3792	206273536	206282529	8993	/s/S211009
3793	206282752	206310541	27789	/s/S211010
3794	206310912	206338482	27570	/s/S211201
3795	206338560	206360812	22252	/s/S211202
3796	206361088	206394950	33862	/s/S211203
3797	206395392	206408864	13472	/s/S211204
3798	206409216	206415541	6325	/s/S211205
3799	206415872	206430093	14221	/s/S211206
3800	206430208	206453360	23152	/s/S211207
3801	206453760	206458459	4699	/s/S211208
3802	206458880	206468314	9434	/s/S211209
3803	206468608	206493782	25174	/s/S211210
3804	206494208	206502493	8285	/s/S211211
3805	206502912	206535071	32159	/s/S211212
3806	206535168	206563716	28548	/s/S211213
3807	206563840	206589431	25591	/s/S211214
3808	206589440	206602706	13266	/s/S211215
3809	206602752	206610325	7573	/s/S211216
3810	206610432	206630995	20563	/s/S211217
3811	206631424	206634770	3346	/s/S211218
3812	206635008	206637223	2215	/s/S211219
3813	206637568	206668574	31006	/s/S211220
3814	206668800	206680584	11784	/s/S211221
3815	206681088	206709461	28373	/s/S211222
3816	206709760	206733444	23684	/s/S211223
3817	206733824	206742572	8748	/s/S211224
3818	206743040	206759651	16611	/s/S211225
3819	206759936	206781097	21161	/s/S211226
3820	206781440	206800729	19289	/s/S211227
3821	206800896	206810258	9362	/s/S211228
3822	206810624	206823204	12580	/s/S211229
3823	206823424	206834474	11050	/s/S211230
3824	206834688	206865868	31180	/s/S211231
3825	206865920	206903750	37830	/s/S211232
3826	206903808	206935161	31353	/s/S211233
3827	206935552	206960088	24536	/s/S211234
3828	206960128	206970780	10652	/s/S211235
3829	206970880	206992871	21991	/s/S211236
3830	206992896	207003175	10279	/s/S211237
3831	207003648	207009959	6311	/s/S211238
3832	207010304	207021192	10888	/s/S211239
3833	207021568	207059781	38213	/s/S211240
3834	207059968	207100848	40880	/s/S211241
3835	207100928	207116159	15231	/s/S211242
3836	207116288	207135969	19681	/s/S211243
3837	207136256	207170772	34516	/s/S211244
3838	207171072	207189385	18313	/s/S211245
3839	207189504	207200796	11292	/s/S211246
3840	207201280	207235978	34698	/s/S211247
3841	207236096	207284621	48525	/s/S211248
3842	207284736	207344727	59991	/s/S211249
3843	207345152	207364878	19726	/s/S211250
3844	207365120	207381301	16181	/s/S211251
3845	207381504	207432125	50621	/s/S211252
3846	207432192	207489604	57412	/s/S211253
3847	207490048	207522183	32135	/s/S211254
3848	207522304	207530509	8205	/s/S211255
3849	207531008	207554151	23143	/s/S211256
3850	207554560	207560375	5815	/s/S211257
3851	207560704	207585900	25196	/s/S211258
3852	207586304	207635471	49167	/s/S211259
3853	207635968	207657112	21144	/s/S211260
3854	207657472	207714841	57369	/s/S211261
3855	207715328	207752324	36996	/s/S211262
3856	207752704	207783466	30762	/s/S211263
3857	207783936	207828100	44164	/s/S211264
3858	207828480	207845468	16988	/s/S211301
3859	207845888	207876232	30344	/s/S211302
3860	207876608	207891650	15042	/s/S211303
3861	207891968	207918065	26097	/s/S211304
3862	207918080	207934864	16784	/s/S211305
3863	207934976	207958530	23554	/s/S211306
3864	207959040	207987949	28909	/s/S211307
3865	207988224	207997784	9560	/s/S211308
3866	207997952	208017604	19652	/s/S211309
3867	208017920	208031250	13330	/s/S211310
3868	208031744	208045363	13619	/s/S211311
3869	208045568	208058530	12962	/s/S211312
3870	208058880	208082612	23732	/s/S211313
3871	208082944	208095922	12978	/s/S211314
3872	208096256	208105068	8812	/s/S211315
3873	208105472	208125936	20464	/s/S211316
3874	208125952	208143587	17635	/s/S211317
3875	208143872	208163733	19861	/s/S211318
3876	208163840	208171205	7365	/s/S211319
3877	208171520	208191281	19761	/s/S211320
3878	208191488	208201387	9899	/s/S211321
3879	208201728	208221116	19388	/s/S211322
3880	208221184	208227009	5825	/s/S211323
3881	208227328	208244179	16851	/s/S211324
3882	208244224	208264669	20445	/s/S211325
3883	208264704	208292906	28202	/s/S211326
3884	208293376	208317456	24080	/s/S211327
3885	208317952	208331863	13911	/s/S211328
3886	208332288	208361687	29399	/s/S211329
3887	208361984	208401909	39925	/s/S211330
3888	208401920	208422724	20804	/s/S211331
3889	208422912	208444613	21701	/s/S211332
3890	208444928	208468889	23961	/s/S211333
3891	208468992	208481698	12706	/s/S211334
3892	208481792	208498698	16906	/s/S211335
3893	208499200	208506455	7255	/s/S211336
3894	208506880	208527269	20389	/s/S211401
3895	208527360	208550062	22702	/s/S211402
3896	208550400	208577599	27199	/s/S211403
3897	208578048	208600726	22678	/s/S211404
3898	208601088	208620624	19536	/s/S211405
3899	208621056	208649712	28656	/s/S211406
3900	208649728	208678560	28832	/s/S211407
3901	208678912	208692957	14045	/s/S211408
3902	208693248	208707761	14513	/s/S211409
3903	208708096	208739128	31032	/s/S211410
3904	208739328	208763613	24285	/s/S211411
3905	208763904	208781783	17879	/s/S211601
3906	208781824	208794468	12644	/s/S211602
3907	208794624	208803843	9219	/s/S211603
3908	208804352	208815169	10817	/s/S211604
3909	208815616	208816776	1160	/s/S211605
3910	208817152	208834153	17001	/s/S211606
3911	208834560	208838197	3637	/s/S211607
3912	208838656	208861256	22600	/s/S211608
3913	208861696	208870958	9262	/s/S211609
3914	208871424	208883181	11757	/s/S211610
3915	208883200	208890687	7487	/s/S211611
3916	208890880	208908662	17782	/s/S211612
3917	208908800	208922882	14082	/s/S211613
3918	208923136	208943241	20105	/s/S211614
3919	208943616	208958329	14713	/s/S211615
3920	208958464	208974748	16284	/s/S211616
3921	208974848	208999984	25136	/s/S211617
3922	209000448	209028265	27817	/s/S211618
3923	209028608	209046998	18390	/s/S211619
3924	209047040	209065475	18435	/s/S211620
3925	209065984	209074805	8821	/s/S211621
3926	209075200	209092423	17223	/s/S211622
3927	209092608	209106606	13998	/s/S211623
3928	209106944	209113397	6453	/s/S211624
3929	209113600	209116296	2696	/s/S211625
3930	209116672	209127291	10619	/s/S211626
3931	209127424	209142683	15259	/s/S211627
3932	209142784	209149467	6683	/s/S211628
3933	209149952	209163572	13620	/s/S220901
3934	209163776	209189002	25226	/s/S220902
3935	209189376	209202452	13076	/s/S220903
3936	209202688	209231215	28527	/s/S220904
3937	209231360	209244824	13464	/s/S220905
3938	209245184	209265771	20587	/s/S220906
3939	209266176	209291096	24920	/s/S220907
3940	209291264	209304435	13171	/s/S220908
3941	209304576	209325193	20617	/s/S220909
3942	209325568	209364346	38778	/s/S220910
3943	209364480	209373060	8580	/s/S220911
3944	209373184	209397261	24077	/s/S220912
3945	209397760	209424114	26354	/s/S220913
3946	209424384	209457986	33602	/s/S220914
3947	209458176	209476737	18561	/s/S221001
3948	209477120	209517044	39924	/s/S221002
3949	209517056	209567454	50398	/s/S221003
3950	209567744	209606209	38465	/s/S221004
3951	209606656	209621343	14687	/s/S221005
3952	209621504	209643322	21818	/s/S221006
3953	209643520	209647725	4205	/s/S221007
3954	209648128	209662262	14134	/s/S221008
3955	209662464	209676158	13694	/s/S221009
3956	209676288	209692512	16224	/s/S221010
3957	209692672	209708006	15334	/s/S221011
3958	209708032	209716481	8449	/s/S221012
3959	209716736	209726986	10250	/s/S221013
3960	209727488	209749074	21586	/s/S221014
3961	209749504	209766358	16854	/s/S221015
3962	209766400	209785755	19355	/s/S221016
3963	209785856	209805816	19960	/s/S221017
3964	209805824	209813768	7944	/s/S221018
3965	209814016	209822788	8772	/s/S221019
3966	209823232	209834536	11304	/s/S221020
3967	209835008	209862149	27141	/s/S221021
3968	209862656	209889766	27110	/s/S221022
3969	209889792	209912689	22897	/s/S221023
3970	209912832	209920689	7857	/s/S221101
3971	209921024	209946714	25690	/s/S221102
3972	209947136	209992532	45396	/s/S221103
3973	209992704	210004054	11350	/s/S221201
3974	210004480	210024298	19818	/s/S221202
3975	210024448	210061612	37164	/s/S221203
3976	210061824	210083767	21943	/s/S221204
3977	210083840	210096027	12187	/s/S221301
3978	210096128	210102744	6616	/s/S221302
3979	210102784	210131785	29001	/s/S221303
3980	210131968	210166227	34259	/s/S221304
3981	210166272	210181689	15417	/s/S221401
3982	210182144	210192232	10088	/s/S221402
3983	210192384	210238188	45804	/s/S221403
3984	210238464	210266674	28210	/s/S221404
3985	210267136	210292294	25158	/s/S221501
3986	210292736	210319484	26748	/s/S221502
3987	210319872	210351282	31410	/s/S221503
3988	210351616	210365591	13975	/s/S221504
3989	210365952	210393482	27530	/s/S221505
3990	210393600	210423723	30123	/s/S221506
3991	210423808	210452700	28892	/s/S221507
3992	210452992	210476178	23186	/s/S221508
3993	210476544	210509359	32815	/s/S221509
3994	210509824	210519944	10120	/s/S221510
3995	210520064	210559209	39145	/s/S221511
3996	210559488	210591875	32387	/s/S221512
3997	210592256	210635908	43652	/s/S221513
3998	210636288	210648120	11832	/s/S221514
3999	210648576	210669100	20524	/s/S221515
4000	210669568	210688518	18950	/s/S221516
4001	210689024	210705290	16266	/s/S221517
4002	210705408	210712052	6644	/s/S221518
4003	210712064	210723739	11675	/s/S221519
4004	210723840	210725349	1509	/s/S221520
4005	210725376	210738055	12679	/s/S221521
4006	210738176	210755841	17665	/s/S221522
4007	210756096	210780603	24507	/s/S221523
4008	210780672	210785284	4612	/s/S221524
4009	210785792	210814413	28621	/s/S221525
4010	210814464	210848805	34341	/s/S221526
4011	210849280	210858387	9107	/s/S221527
4012	210858496	210880364	21868	/s/S221528
4013	210880512	210894952	14440	/s/S221529
4014	210895360	210908005	12645	/s/S221530
4015	210908160	210924467	16307	/s/S230801
4016	210924544	210940463	15919	/s/S230802
4017	210940928	210954366	13438	/s/S230803
4018	210954752	210979879	25127	/s/S230804
4019	210980352	211003725	23373	/s/S230805
4020	211003904	211019617	15713	/s/S230806
4021	211019776	211038017	18241	/s/S230807
4022	211038208	211063229	25021	/s/S230808
4023	211063296	211090350	27054	/s/S230809
4024	211090432	211120132	29700	/s/S230810
4025	211120640	211158266	37626	/s/S230811
4026	211158528	211165967	7439	/s/S230812
4027	211166208	211180085	13877	/s/S230813
4028	211180544	211203807	23263	/s/S230814
4029	211204096	211228806	24710	/s/S230815
4030	211229184	211256636	27452	/s/S230816
4031	211256832	211278164	21332	/s/S230817
4032	211278336	211303731	25395	/s/S230818
4033	211303936	211323396	19460	/s/S230819
4034	211323904	211339927	16023	/s/S230820
4035	211340288	211345305	5017	/s/S230821
4036	211345408	211350430	5022	/s/S230822
4037	211350528	211375366	24838	/s/S230823
4038	211375616	211404782	29166	/s/S230824
4039	211404800	211433372	28572	/s/S230825
4040	211433472	211451893	18421	/s/S230826
4041	211451904	211463157	11253	/s/S230827
4042	211463168	211476283	13115	/s/S230901
4043	211476480	211508087	31607	/s/S230902
4044	211508224	211534262	26038	/s/S230903
4045	211534336	211545357	11021	/s/S230904
4046	211545600	211566737	21137	/s/S231001
4047	211567104	211594856	27752	/s/S231002
4048	211595264	211623738	28474	/s/S231003
4049	211623936	211640055	16119	/s/S231004
4050	211640320	211674171	33851	/s/S231005
4051	211674624	211714679	40055	/s/S231006
4052	211715072	211727664	12592	/s/S231007
4053	211727872	211744808	16936	/s/S231008
4054	211745280	211753187	7907	/s/S231009
4055	211753472	211771791	18319	/s/S231010
4056	211771904	211781670	9766	/s/S231011
4057	211782144	211798668	16524	/s/S231101
4058	211799040	211810578	11538	/s/S231102
4059	211810816	211826530	15714	/s/S231103
4060	211826688	211839819	13131	/s/S231104
4061	211840000	211864652	24652	/s/S231105
4062	211865088	211874849	9761	/s/S231106
4063	211875328	211901728	26400	/s/S231107
4064	211901952	211919605	17653	/s/S231108
4065	211919872	211945721	25849	/s/S231109
4066	211945984	211962514	16530	/s/S231110
4067	211962880	211982189	19309	/s/S231111
4068	211982336	211994708	12372	/s/S231112
4069	211995136	212018532	23396	/s/S231113
4070	212018688	212049589	30901	/s/S231114
4071	212049920	212083882	33962	/s/S231115
4072	212084224	212093145	8921	/s/S231116
4073	212093440	212115811	22371	/s/S231117
4074	212115968	212142426	26458	/s/S231118
4075	212142592	212162073	19481	/s/S231119
4076	212162560	212173433	10873	/s/S231120
4077	212173824	212193898	20074	/s/S231121
4078	212194304	212213500	19196	/s/S231122
4079	212213760	212226230	12470	/s/S231123
4080	212226560	212229531	2971	/s/S231124
4081	212229632	212231121	1489	/s/S231125
4082	212231168	212245579	14411	/s/S231126
4083	212246016	212264968	18952	/s/S231127
4084	212265472	212281836	16364	/s/S231128
4085	212281856	212301538	19682	/s/S231129
4086	212301824	212325251	23427	/s/S231130
4087	212325376	212346610	21234	/s/S231131
4088	212346880	212358224	11344	/s/S231132
4089	212358656	212372348	13692	/s/S231133
4090	212372480	212397813	25333	/s/S231134
4091	212398080	212414472	16392	/s/S231135
4092	212414976	212432310	17334	/s/S231136
4093	212432384	212457276	24892	/s/S231137
4094	212457472	212469843	12371	/s/S231138
4095	212470272	212494677	24405	/s/S231139
4096	212494848	212511598	16750	/s/S231140
4097	212511744	212524734	12990	/s/S231141
4098	212525056	212538484	13428	/s/S231142
4099	212538880	212549741	10861	/s/S231143
4100	212550144	212571498	21354	/s/S231144
4101	212571648	212595921	24273	/s/S231145
4102	212596224	212602539	6315	/s/S231146
4103	212602880	212617289	14409	/s/S231147
4104	212617728	212629918	12190	/s/S231148
4105	212630016	212642885	12869	/s/S231149
4106	212643328	212659833	16505	/s/S231301
4107	212660224	212679483	19259	/s/S231302
4108	212679680	212689954	10274	/s/S231303
4109	212690432	212712318	21886	/s/S231304
4110	212712448	212732357	19909	/s/S231305
4111	212732416	212753662	21246	/s/S231306
4112	212753920	212777996	24076	/s/S231307
4113	212778496	212791593	13097	/s/S231308
4114	212791808	212808266	16458	/s/S231309
4115	212808704	212865872	57168	/s/S231310
4116	212866048	212891214	25166	/s/S231311
4117	212891648	212895980	4332	/s/S231312
4118	212896256	212912497	16241	/s/S231313
4119	212912640	212933010	20370	/s/S231314
4120	212933120	212960549	27429	/s/S231315
4121	212960768	212967323	6555	/s/S231316
4122	212967424	212986976	19552	/s/S231317
4123	212987392	213004447	17055	/s/S231318
4124	213004800	213023993	19193	/s/S231319
4125	213024256	213045691	21435	/s/S231320
4126	213045760	213067387	21627	/s/S231321
4127	213067776	213083224	15448	/s/S231322
4128	213083648	213101584	17936	/s/S231323
4129	213102080	213114759	12679	/s/S231324
4130	213114880	213118371	3491	/s/S231325
4131	213118464	213144851	26387	/s/S231326
4132	213145088	213168216	23128	/s/S231327
4133	213168640	213195326	26686	/s/S231328
4134	213195776	213198909	3133	/s/S231329
4135	213199360	213201206	1846	/s/S231330
4136	213201408	213221477	20069	/s/S231331
4137	213221888	213251103	29215	/s/S231332
4138	213251584	213264517	12933	/s/S231333
4139	213264896	213281373	16477	/s/S231334
4140	213281792	213300120	18328	/s/S231335
4141	213300224	213311245	11021	/s/S231336
4142	213311488	213325622	14134	/s/S231337
4143	213325824	213341608	15784	/s/S231338
4144	213341696	213354118	12422	/s/S231339
4145	213354496	213366236	11740	/s/S231340
4146	213366272	213377726	11454	/s/S231341
4147	213378048	213403812	25764	/s/S231342
4148	213404160	213434798	30638	/s/S232201
4149	213434880	213457186	22306	/s/S232202
4150	213457408	213475137	17729	/s/S232203
4151	213475328	213487596	12268	/s/S232204
4152	213487616	213513219	25603	/s/S232205
4153	213513728	213540156	26428	/s/S232206
4154	213540352	213563165	22813	/s/S232207
4155	213563392	213579207	15815	/s/S232208
4156	213579264	213603009	23745	/s/S232209
4157	213603328	213619800	16472	/s/S232210
4158	213620224	213625072	4848	/s/S232211
4159	213625344	213628270	2926	/s/S232212
4160	213628416	213631425	3009	/s/S232213
4161	213631488	213671708	40220	/s/S232214
4162	213671936	213698582	26646	/s/S232215
4163	213699072	213705414	6342	/s/S232216
4164	213705728	213715477	9749	/s/S232217
4165	213715968	213738087	22119	/s/S232218
4166	213738496	213762951	24455	/s/S232219
4167	213763072	213792784	29712	/s/S232220
4168	213793280	213800083	6803	/s/S232221
4169	213800448	213832372	31924	/s/S232222
4170	213832704	213837220	4516	/s/S232223
4171	213837312	213844785	7473	/s/S232224
4172	213844992	213880156	35164	/s/S232225
4173	213880320	213892951	12631	/s/S232226
4174	213893120	213917503	24383	/s/S232227
4175	213917696	213931092	13396	/s/S232228
4176	213931520	213938948	7428	/s/S232229
4177	213939200	213947042	7842	/s/S232230
4178	213947392	213984783	37391	/s/S232301
4179	213985280	214017942	32662	/s/S232302
4180	214018048	214027576	9528	/s/S232303
4181	214027776	214048888	21112	/s/S232304
4182	214049280	214058924	9644	/s/S232305
4183	214059008	214095680	36672	/s/S232306
4184	214095872	214140598	44726	/s/S232307
4185	214140928	214177059	36131	/s/S232308
4186	214177280	214186912	9632	/s/S232309
4187	214187008	214201832	14824	/s/S232310
4188	214201856	214231734	29878	/s/S232311
4189	214232064	214256790	24726	/s/S232312
4190	214257152	214282945	25793	/s/S232313
4191	214283264	214305641	22377	/s/S232314
4192	214305792	214322647	16855	/s/S232315
4193	214322688	214331512	8824	/s/S232316
4194	214331904	214357111	25207	/s/S232317
4195	214357504	214382536	25032	/s/S232401
4196	214382592	214412142	29550	/s/S232402
4197	214412288	214442406	30118	/s/S232403
4198	214442496	214467521	25025	/s/S232404
4199	214467584	214495967	28383	/s/S232405
4200	214496256	214513922	17666	/s/S232406
4201	214514176	214546092	31916	/s/S232407
4202	214546432	214579556	33124	/s/S232408
4203	214579712	214595948	16236	/s/S232409
4204	214596096	214622929	26833	/s/S232410
4205	214623232	214641748	18516	/s/S232411
4206	214642176	214671713	29537	/s/S232412
4207	214671872	214685758	13886	/s/S232413
4208	214686208	214720040	33832	/s/S232414
4209	214720512	214725792	5280	/s/S232415
4210	214726144	214749862	23718	/s/S232416
4211	214750208	214777637	27429	/s/S232417
4212	214777856	214803302	25446	/s/S232418
4213	214803456	214809707	6251	/s/S232419
4214	214810112	214820336	10224	/s/S232420
4215	214820352	214841759	21407	/s/S232601
4216	214841856	214886108	44252	/s/S232602
4217	214886400	214940406	54006	/s/S232603
4218	214940672	214974776	34104	/s/S240601
4219	214974976	215000238	25262	/s/S240602
4220	215000576	215023252	22676	/s/S240603
4221	215023616	215054675	31059	/s/S240604
4222	215054848	215069934	15086	/s/S240605
4223	215070208	215100674	30466	/s/S240606
4224	215100928	215123953	23025	/s/S240607
4225	215123968	215152951	28983	/s/S240608
4226	215153152	215174566	21414	/s/S240609
4227	215174656	215202033	27377	/s/S240610
4228	215202304	215230470	28166	/s/S240611
4229	215230976	215256331	25355	/s/S240612
4230	215256576	215275017	18441	/s/S240613
4231	215275520	215299034	23514	/s/S240614
4232	215299072	215302030	2958	/s/S240615
4233	215302144	215334129	31985	/s/S240616
4234	215334400	215361271	26871	/s/S240617
4235	215361536	215371071	9535	/s/S240618
4236	215371264	215397582	26318	/s/S240619
4237	215397888	215407262	9374	/s/S240620
4238	215407616	215419951	12335	/s/S240621
4239	215420416	215429329	8913	/s/S240622
4240	215429632	215447252	17620	/s/S240623
4241	215447552	215472943	25391	/s/S240624
4242	215473152	215497194	24042	/s/S240701
4243	215497216	215518055	20839	/s/S240702
4244	215518208	215542579	24371	/s/S240703
4245	215542784	215553537	10753	/s/S240704
4246	215554048	215575535	21487	/s/S240705
4247	215575552	215611625	36073	/s/S240706
4248	215611904	215635782	23878	/s/S240707
4249	215635968	215647458	11490	/s/S240708
4250	215647744	215660427	12683	/s/S240709
4251	215660544	215685860	25316	/s/S240710
4252	215686144	215710753	24609	/s/S240711
4253	215711232	215728288	17056	/s/S240712
4254	215728640	215752020	23380	/s/S240713
4255	215752192	215780907	28715	/s/S240714
4256	215781376	215798366	16990	/s/S240715
4257	215798784	215816439	17655	/s/S240716
4258	215816704	215840474	23770	/s/S240717
4259	215840768	215845160	4392	/s/S240718
4260	215845376	215876490	31114	/s/S240719
4261	215876608	215906157	29549	/s/S240720
4262	215906304	215935224	28920	/s/S240721
4263	215935488	215958704	23216	/s/S240722
4264	215959040	215988097	29057	/s/S240723
4265	215988224	216025908	37684	/s/S240724
4266	216026112	216058975	32863	/s/S240725
4267	216059392	216065140	5748	/s/S240726
4268	216065536	216070102	4566	/s/S240727
4269	216070144	216095819	25675	/s/S240728
4270	216096256	216105894	9638	/s/S240729
4271	216105984	216119590	13606	/s/S240730
4272	216119808	216128193	8385	/s/S240731
4273	216128512	216135508	6996	/s/S240732
4274	216135680	216159262	23582	/s/S240733
4275	216159744	216187281	27537	/s/S240734
4276	216187392	216206882	19490	/s/S240735
4277	216207360	216232712	25352	/s/S240736
4278	216232960	216250887	17927	/s/S240737
4279	216251392	216275262	23870	/s/S240738
4280	216275456	216297488	22032	/s/S240739
4281	216297984	216323401	25417	/s/S240740
4282	216323584	216338752	15168	/s/S240741
4283	216338944	216350540	11596	/s/S240742
4284	216350720	216377006	26286	/s/S240743
4285	216377344	216392935	15591	/s/S240744
4286	216393216	216419506	26290	/s/S240745
4287	216419840	216423633	3793	/s/S240746
4288	216423936	216437180	13244	/s/S240747
4289	216437248	216446505	9257	/s/S240748
4290	216446976	216466787	19811	/s/S240749
4291	216466944	216476896	9952	/s/S240750
4292	216477184	216498701	21517	/s/S241001
4293	216499200	216521091	21891	/s/S241002
4294	216521216	216546279	25063	/s/S241003
4295	216546304	216572512	26208	/s/S241004
4296	216572928	216601135	28207	/s/S241005
4297	216601600	216615280	13680	/s/S241006
4298	216615424	216627681	12257	/s/S241007
4299	216627712	216631715	4003	/s/S241008
4300	216631808	216652975	21167	/s/S241009
4301	216653312	216689002	35690	/s/S241010
4302	216689152	216709769	20617	/s/S241011
4303	216710144	216722794	12650	/s/S241012
4304	216722944	216739311	16367	/s/S241013
4305	216739328	216761973	22645	/s/S241014
4306	216762368	216791236	28868	/s/S241015
4307	216791552	216815721	24169	/s/S241016
4308	216816128	216824675	8547	/s/S241017
4309	216824832	216844786	19954	/s/S241018
4310	216844800	216873988	29188	/s/S241019
4311	216874496	216920856	46360	/s/S241020
4312	216921088	216955579	34491	/s/S241021
4313	216955904	216968414	12510	/s/S241022
4314	216968704	216987338	18634	/s/S241023
4315	216987648	217012934	25286	/s/S241024
4316	217013248	217034661	21413	/s/S241025
4317	217034752	217059882	25130	/s/S241026
4318	217060352	217088166	27814	/s/S241027
4319	217088512	217092677	4165	/s/S241028
4320	217093120	217099436	6316	/s/S241029
4321	217099776	217130082	30306	/s/S241030
4322	217130496	217135531	5035	/s/S241031
4323	217135616	217160531	24915	/s/S241032
4324	217160704	217181557	20853	/s/S241033
4325	217181696	217203934	22238	/s/S241034
4326	217204224	217226535	22311	/s/S241101
4327	217226752	217248322	21570	/s/S241102
4328	217248768	217275941	27173	/s/S241103
4329	217276416	217298198	21782	/s/S241104
4330	217298432	217309732	11300	/s/S241105
4331	217310208	217325101	14893	/s/S241106
4332	217325568	217346056	20488	/s/S241107
4333	217346560	217353901	7341	/s/S241108
4334	217354240	217362954	8714	/s/S241109
4335	217363456	217390169	26713	/s/S241110
4336	217390592	217404817	14225	/s/S241111
4337	217404928	217433593	28665	/s/S241112
4338	217433600	217445338	11738	/s/S241113
4339	217445376	217471363	25987	/s/S241114
4340	217471488	217496275	24787	/s/S241115
4341	217496576	217516003	19427	/s/S241116
4342	217516032	217534511	18479	/s/S241117
4343	217534976	217557588	22612	/s/S241118
4344	217558016	217585287	27271	/s/S241119
4345	217585664	217598091	12427	/s/S241120
4346	217598464	217606361	7897	/s/S241121
4347	217606656	217620621	13965	/s/S241122
4348	217620992	217650988	29996	/s/S241123
4349	217651200	217671539	20339	/s/S241124
4350	217671680	217700065	28385	/s/S241125
4351	217700352	217725132	24780	/s/S241126
4352	217725440	217750444	25004	/s/S241127
4353	217750528	217778120	27592	/s/S241128
4354	217778176	217786668	8492	/s/S241129
4355	217786880	217810375	23495	/s/S241130
4356	217810432	217832146	21714	/s/S241131
4357	217832448	217855537	23089	/s/S241132
4358	217856000	217875265	19265	/s/S241133
4359	217875456	217897141	21685	/s/S241134
4360	217897472	217924016	26544	/s/S241135
4361	217924096	217935586	11490	/s/S241201
4362	217935872	217940585	4713	/s/S241202
4363	217940992	217958082	17090	/s/S241203
4364	217958400	217968371	9971	/s/S241204
4365	217968640	217977967	9327	/s/S241205
4366	217978368	218000432	22064	/s/S241206
4367	218000896	218020481	19585	/s/S241301
4368	218020864	218030619	9755	/s/S241302
4369	218031104	218039538	8434	/s/S241303
4370	218039808	218049680	9872	/s/S241304
4371	218050048	218054301	4253	/s/S241305
4372	218054656	218082803	28147	/s/S241306
4373	218082816	218108097	25281	/s/S241307
4374	218108416	218131380	22964	/s/S241308
4375	218131456	218166588	35132	/s/S241309
4376	218166784	218186636	19852	/s/S241310
4377	218186752	218204323	17571	/s/S241311
4378	218204672	218241414	36742	/s/S241312
4379	218241536	218263822	22286	/s/S241313
4380	218264064	218297169	33105	/s/S241314
4381	218297344	218331939	34595	/s/S241315
4382	218332160	218354565	22405	/s/S241316
4383	218354688	218376357	21669	/s/S241317
4384	218376704	218400317	23613	/s/S241318
4385	218400768	218422927	22159	/s/S241319
4386	218423296	218441648	18352	/s/S241320
4387	218441728	218455351	13623	/s/S241321
4388	218455552	218485110	29558	/s/S241322
4389	218485248	218500580	15332	/s/S241323
4390	218500608	218525677	25069	/s/S241324
4391	218525696	218551757	26061	/s/S241325
4392	218551808	218555015	3207	/s/S241326
4393	218555392	218572983	17591	/s/S241327
4394	218573312	218588854	15542	/s/S241328
4395	218589184	218593429	4245	/s/S241329
4396	218593792	218627187	33395	/s/S241330
4397	218627584	218652446	24862	/s/S241331
4398	218652672	218659050	6378	/s/S241332
4399	218659328	218689139	29811	/s/S241333
4400	218689536	218696662	7126	/s/S241334
4401	218696704	218712116	15412	/s/S241335
4402	218712576	218739731	27155	/s/S241336
4403	218740224	218759884	19660	/s/S241337
4404	218760192	218778449	18257	/s/S241338
4405	218778624	218794139	15515	/s/S241339
4406	218794496	218832321	37825	/s/S241401
4407	218832384	218858949	26565	/s/S241402
4408	218859008	218865313	6305	/s/S241403
4409	218865664	218886522	20858	/s/S241404
4410	218886656	218910797	24141	/s/S241405
4411	218911232	218927435	16203	/s/S241406
4412	218927616	218932056	4440	/s/S241407
4413	218932224	218942287	10063	/s/S241408
4414	218942464	218967250	24786	/s/S241409
4415	218967552	218983403	15851	/s/S241410
4416	218983424	218990482	7058	/s/S241411
4417	218990592	218996144	5552	/s/S241412
4418	218996224	219005586	9362	/s/S241413
4419	219005952	219032816	26864	/s/S241414
4420	219033088	219065473	32385	/s/S241415
4421	219065856	219096778	30922	/s/S241416
4422	219097088	219104119	7031	/s/S241417
4423	219104256	219112681	8425	/s/S241418
4424	219112960	219141989	29029	/s/S241419
4425	219142144	219185732	43588	/s/S241420
4426	219186176	219199946	13770	/s/S241421
4427	219200000	219217988	17988	/s/S241422
4428	219218432	219223087	4655	/s/S241423
4429	219223552	219237948	14396	/s/S241424
4430	219238400	219250024	11624	/s/S241425
4431	219250176	219270909	20733	/s/S241426
4432	219271168	219276835	5667	/s/S241427
4433	219277312	219299314	22002	/s/S241428
4434	219299328	219302287	2959	/s/S241429
4435	219302400	219304588	2188	/s/S241430
4436	219304960	219344844	39884	/s/S241431
4437	219344896	219384050	39154	/s/S241432
4438	219384320	219403996	19676	/s/S241433
4439	219404288	219443617	39329	/s/S241434
4440	219443712	219454732	11020	/s/S241435
4441	219454976	219475579	20603	/s/S241436
4442	219475968	219509597	33629	/s/S241437
4443	219509760	219538069	28309	/s/S241438
4444	219538432	219580090	41658	/s/S241439
4445	219580416	219603922	23506	/s/S241440
4446	219603968	219609012	5044	/s/S241441
4447	219609088	219614000	4912	/s/S241442
4448	219614208	219632983	18775	/s/S241601
4449	219633152	219651195	18043	/s/S241602
4450	219651584	219662541	10957	/s/S241603
4451	219662848	219680646	17798	/s/S241604
4452	219680768	219690109	9341	/s/S241605
4453	219690496	219718545	28049	/s/S241606
4454	219718656	219737134	18478	/s/S241607
4455	219737600	219748500	10900	/s/S241608
4456	219748864	219763170	14306	/s/S241609
4457	219763200	219789315	26115	/s/S241610
4458	219789824	219820101	30277	/s/S241611
4459	219820544	219849291	28747	/s/S241612
4460	219849728	219874430	24702	/s/S241613
4461	219874816	219900252	25436	/s/S241614
4462	219900416	219917332	16916	/s/S241615
4463	219917824	219946834	29010	/s/S241616
4464	219947008	219969706	22698	/s/S241617
4465	219970048	219985205	15157	/s/S241618
4466	219985408	220014320	28912	/s/S241619
4467	220014592	220036529	21937	/s/S241620
4468	220036608	220045496	8888	/s/S241621
4469	220045824	220061704	15880	/s/S241622
4470	220062208	220086047	23839	/s/S241623
4471	220086272	220092085	5813	/s/S241624
4472	220092416	220112941	20525	/s/S241625
4473	220113408	220132446	19038	/s/S241626
4474	220132864	220179093	46229	/s/S241627
4475	220179456	220202436	22980	/s/S241628
4476	220202496	220228884	26388	/s/S241629
4477	220229120	220262631	33511	/s/S241630
4478	220262912	220270498	7586	/s/S241631
4479	220270592	220286249	15657	/s/S241632
4480	220286464	220321655	35191	/s/S241633
4481	220321792	220338766	16974	/s/S241634
4482	220339200	220365544	26344	/s/S241635
4483	220365824	220384405	18581	/s/S241636
4484	220384768	220427769	43001	/s/S241637
4485	220427776	220455459	27683	/s/S241801
4486	220455936	220492005	36069	/s/S241802
4487	220492288	220536931	44643	/s/S241803
4488	220537344	220564473	27129	/s/S241804
4489	220564480	220594927	30447	/s/S241805
4490	220595200	220623315	28115	/s/S241806
4491	220623360	220643994	20634	/s/S241807
4492	220644352	220693108	48756	/s/S241808
4493	220693504	220697202	3698	/s/S241809
4494	220697600	220731265	33665	/s/S241810
4495	220731392	220770325	38933	/s/S241811
4496	220770816	220794383	23567	/s/S241812
4497	220794880	220808694	13814	/s/S241813
4498	220808704	220844570	35866	/s/S241814
4499	220845056	220874756	29700	/s/S241815
4500	220875264	220901200	25936	/s/S241816
4501	220901376	220910291	8915	/s/S241817
4502	220910592	220943151	32559	/s/S241818
4503	220943360	220982147	38787	/s/S241819
4504	220982272	221024400	42128	/s/S241820
4505	221024768	221044694	19926	/s/S241821
4506	221044736	221066797	22061	/s/S241822
4507	221067264	221083755	16491	/s/S241823
4508	221084160	221086360	2200	/s/S241824
4509	221086720	221125988	39268	/s/S241825
4510	221126144	221163305	37161	/s/S241826
4511	221163520	221167815	4295	/s/S241827
4512	221168128	221200954	32826	/s/S241828
4513	221201408	221228779	27371	/s/S241829
4514	221229056	221247027	17971	/s/S241830
4515	221247488	221266986	19498	/s/S241831
4516	221267456	221279345	11889	/s/S241832
4517	221279744	221298571	18827	/s/S241833
4518	221298688	221304902	6214	/s/S241834
4519	221305344	221337412	32068	/s/S241835
4520	221337600	221359979	22379	/s/S241836
4521	221360128	221368521	8393	/s/S241837
4522	221368832	221384200	15368	/s/S241838
4523	221384704	221388596	3892	/s/S241839
4524	221388800	221412492	23692	/s/S241840
4525	221412864	221423658	10794	/s/S241841
4526	221424128	221426602	2474	/s/S241842
4527	221426688	221442386	15698	/s/S241843
4528	221442560	221462380	19820	/s/S241844
4529	221462528	221488750	26222	/s/S241845
4530	221489152	221498942	9790	/s/S241846
4531	221499392	221518179	18787	/s/S241847
4532	221518336	221541501	23165	/s/S241848
4533	221541888	221568278	26390	/s/S241849
4534	221568512	221604449	35937	/s/S241850
4535	221604864	221621739	16875	/s/S241851
4536	221621760	221638669	16909	/s/S241852
4537	221639168	221675593	36425	/s/S241853
4538	221676032	221698485	22453	/s/S241854
4539	221698560	221704793	6233	/s/S241855
4540	221705216	221729789	24573	/s/S241856
4541	221729792	221765518	35726	/s/S241857
4542	221765632	221775207	9575	/s/S241858
4543	221775360	221785690	10330	/s/S241859
4544	221786112	221813343	27231	/s/S241860
4545	221813760	221841057	27297	/s/S241861
4546	221841408	221858532	17124	/s/S241862
4547	221858816	221872552	13736	/s/S241863
4548	221872640	221887360	14720	/s/S241864
4549	221887488	221918689	31201	/s/S241865
4550	221918720	221942708	23988	/s/S241866
4551	221942784	221945118	2334	/s/S241867
4552	221945344	221961609	16265	/s/S241868
4553	221961728	221983696	21968	/s/S241869
4554	221983744	222009510	25766	/s/S241870
4555	222009856	222027771	17915	/s/S241871
4556	222027776	222051609	23833	/s/S241872
4557	222051840	222057540	5700	/s/S241873
4558	222057984	222089681	31697	/s/S241874
4559	222089728	222117610	27882	/s/S241875
4560	222117888	222134632	16744	/s/S241876
4561	222134784	222151886	17102	/s/S241877
4562	222152192	222158894	6702	/s/S241878
4563	222159360	222172910	13550	/s/S241879
4564	222173184	222199016	25832	/s/S241880
4565	222199296	222233342	34046	/s/S241881
4566	222233600	222246840	13240	/s/S241882
4567	222246912	222271524	24612	/s/S241883
4568	222272000	222286949	14949	/s/S241884
4569	222287360	222303132	15772	/s/S241885
4570	222303232	222318372	15140	/s/S241886
4571	222318592	222340754	22162	/s/S241901
4572	222341120	222367804	26684	/s/S241902
4573	222368256	222387231	18975	/s/S241903
4574	222387712	222414082	26370	/s/S241904
4575	222414336	222437614	23278	/s/S241905
4576	222437888	222457489	19601	/s/S241906
4577	222457856	222470047	12191	/s/S241907
4578	222470144	222485917	15773	/s/S241908
4579	222486016	222498727	12711	/s/S241909
4580	222498816	222506771	7955	/s/S241910
4581	222507008	222519816	12808	/s/S241911
4582	222520320	222532786	12466	/s/S241912
4583	222533120	222542416	9296	/s/S241913
4584	222542848	222554640	11792	/s/S241914
4585	222555136	222579065	23929	/s/S242001
4586	222579200	222596468	17268	/s/S242002
4587	222596608	222615007	18399	/s/S242003
4588	222615040	222634562	19522	/s/S242004
4589	222635008	222643679	8671	/s/S242005
4590	222643712	222656646	12934	/s/S242006
4591	222657024	222665050	8026	/s/S242007
4592	222665216	222685239	20023	/s/S242008
4593	222685696	222705275	19579	/s/S242009
4594	222705664	222734078	28414	/s/S242010
4595	222734336	222767516	33180	/s/S242011
4596	222767616	222780639	13023	/s/S242012
4597	222780928	222786798	5870	/s/S242013
4598	222787072	222821173	34101	/s/S242014
4599	222821376	222828787	7411	/s/S242015
4600	222829056	222831197	2141	/s/S242016
4601	222831616	222859407	27791	/s/S242017
4602	222859776	222890091	30315	/s/S242018
4603	222890496	222926102	35606	/s/S242019
4604	222926336	222946902	20566	/s/S242020
4605	222947328	222964140	16812	/s/S242021
4606	222964224	222965793	1569	/s/S242022
4607	222966272	222982644	16372	/s/S242023
4608	222982656	222984883	2227	/s/SE_FCS_046_1.ahx
4609	222985216	222987124	1908	/s/SE_FCS_052_1.ahx
4610	222987264	223010470	23206	/s/SE_FCS_151_1.ahx
4611	223010816	223042971	32155	/s/SE_FCS_151_2.ahx
4612	223043072	223068600	25528	/s/SE_FCS_166_1.ahx
4613	223068672	223094229	25557	/s/SE_FCS_166_2.ahx
4614	223094272	223118001	23729	/s/SE_FCS_166_3.ahx
4615	223383552	244530112	21146560	/s/sound_data.sdat
4616	244530176	244535416	5240	/s/vbp_pack.wpd
4617	223118336	223118356	20	/s/lvd/C0101.lvd
4618	223118848	223118872	24	/s/lvd/C0102.lvd
4619	223119360	223119380	20	/s/lvd/C0103.lvd
4620	223119872	223119904	32	/s/lvd/C0104.lvd
4621	223120384	223120412	28	/s/lvd/C0201.lvd
4622	223120896	223120940	44	/s/lvd/C0202.lvd
4623	223121408	223121432	24	/s/lvd/C0204.lvd
4624	223121920	223121944	24	/s/lvd/C0205.lvd
4625	223122432	223122452	20	/s/lvd/C0301.lvd
4626	223122944	223122968	24	/s/lvd/C0302.lvd
4627	223123456	223123480	24	/s/lvd/C0303.lvd
4628	223123968	223124000	32	/s/lvd/C0304.lvd
4629	223124480	223124496	16	/s/lvd/C0401.lvd
4630	223124992	223125004	12	/s/lvd/C0402.lvd
4631	223125504	223125532	28	/s/lvd/C0403.lvd
4632	223126016	223126036	20	/s/lvd/C0404.lvd
4633	223126528	223126548	20	/s/lvd/C0405.lvd
4634	223127040	223127068	28	/s/lvd/C0501.lvd
4635	223127552	223127568	16	/s/lvd/C0502.lvd
4636	223128064	223128092	28	/s/lvd/C0503.lvd
4637	223128576	223128600	24	/s/lvd/C0504.lvd
4638	223129088	223129112	24	/s/lvd/C0601.lvd
4639	223129600	223129624	24	/s/lvd/C0602.lvd
4640	223130112	223130128	16	/s/lvd/C0603.lvd
4641	223130624	223130644	20	/s/lvd/C0604.lvd
4642	223131136	223131152	16	/s/lvd/C0605.lvd
4643	223131648	223131672	24	/s/lvd/C0606.lvd
4644	223132160	223132176	16	/s/lvd/C0701.lvd
4645	223132672	223132712	40	/s/lvd/C0702.lvd
4646	223133184	223133204	20	/s/lvd/C0704.lvd
4647	223133696	223133720	24	/s/lvd/C0705.lvd
4648	223134208	223134220	12	/s/lvd/C0801.lvd
4649	223134720	223134728	8	/s/lvd/C0802.lvd
4650	223135232	223135244	12	/s/lvd/C0803.lvd
4651	223135744	223135780	36	/s/lvd/C0804.lvd
4652	223136256	223136268	12	/s/lvd/C0806.lvd
4653	223136768	223136796	28	/s/lvd/C0901.lvd
4654	223137280	223137308	28	/s/lvd/C0902.lvd
4655	223137792	223137832	40	/s/lvd/C0903.lvd
4656	223138304	223138328	24	/s/lvd/C0904.lvd
4657	223138816	223138844	28	/s/lvd/C0905.lvd
4658	223139328	223139352	24	/s/lvd/C0906.lvd
4659	223139840	223139856	16	/s/lvd/C0907.lvd
4660	223140352	223140376	24	/s/lvd/C0908.lvd
4661	223140864	223140880	16	/s/lvd/C1001.lvd
4662	223141376	223141408	32	/s/lvd/C1002.lvd
4663	223141888	223141908	20	/s/lvd/C1003.lvd
4664	223142400	223142420	20	/s/lvd/C1004.lvd
4665	223142912	223142936	24	/s/lvd/C1005.lvd
4666	223143424	223143444	20	/s/lvd/C1101.lvd
4667	223143936	223143944	8	/s/lvd/C1102.lvd
4668	223144448	223144468	20	/s/lvd/C1103.lvd
4669	223144960	223144988	28	/s/lvd/C1104.lvd
4670	223145472	223145504	32	/s/lvd/C1105.lvd
4671	223145984	223145996	12	/s/lvd/C1106.lvd
4672	223146496	223146528	32	/s/lvd/C1107.lvd
4673	223147008	223147024	16	/s/lvd/C1201.lvd
4674	223147520	223147536	16	/s/lvd/C1202.lvd
4675	223148032	223148048	16	/s/lvd/C1203.lvd
4676	223148544	223148564	20	/s/lvd/C1204.lvd
4677	223149056	223149080	24	/s/lvd/C1205.lvd
4678	223149568	223149580	12	/s/lvd/C1206.lvd
4679	223150080	223150108	28	/s/lvd/C1207.lvd
4680	223150592	223150620	28	/s/lvd/C1208.lvd
4681	223151104	223151132	28	/s/lvd/C1209.lvd
4682	223151616	223151636	20	/s/lvd/C1301.lvd
4683	223152128	223152136	8	/s/lvd/C1302.lvd
4684	223152640	223152676	36	/s/lvd/C1303.lvd
4685	223153152	223153180	28	/s/lvd/C1304.lvd
4686	223153664	223153680	16	/s/lvd/C1305.lvd
4687	223154176	223154204	28	/s/lvd/C1306.lvd
4688	223154688	223154724	36	/s/lvd/C1401.lvd
4689	223155200	223155224	24	/s/lvd/C1402.lvd
4690	223155712	223155728	16	/s/lvd/C1403.lvd
4691	223156224	223156252	28	/s/lvd/C1403b.lvd
4692	223156736	223156744	8	/s/lvd/C1404.lvd
4693	223157248	223157268	20	/s/lvd/C1405.lvd
4694	223157760	223157772	12	/s/lvd/C1406.lvd
4695	223158272	223158296	24	/s/lvd/C1407.lvd
4696	223158784	223158796	12	/s/lvd/C1408.lvd
4697	223159296	223159312	16	/s/lvd/C1501.lvd
4698	223159808	223159828	20	/s/lvd/C1502.lvd
4699	223160320	223160348	28	/s/lvd/C1503.lvd
4700	223160832	223160860	28	/s/lvd/C1504.lvd
4701	223161344	223161380	36	/s/lvd/C1505.lvd
4702	223161856	223161876	20	/s/lvd/C1506.lvd
4703	223162368	223162396	28	/s/lvd/C1507.lvd
4704	223162880	223162900	20	/s/lvd/C1601.lvd
4705	223163392	223163420	28	/s/lvd/C1602.lvd
4706	223163904	223163924	20	/s/lvd/C1603.lvd
4707	223164416	223164448	32	/s/lvd/C1604.lvd
4708	223164928	223164936	8	/s/lvd/C1605.lvd
4709	223165440	223165472	32	/s/lvd/C1701.lvd
4710	223165952	223165976	24	/s/lvd/C1702.lvd
4711	223166464	223166488	24	/s/lvd/C1703.lvd
4712	223166976	223166992	16	/s/lvd/C1704.lvd
4713	223167488	223167512	24	/s/lvd/C1705.lvd
4714	223168000	223168012	12	/s/lvd/C1706.lvd
4715	223168512	223168536	24	/s/lvd/C1707.lvd
4716	223169024	223169036	12	/s/lvd/C1708.lvd
4717	223169536	223169556	20	/s/lvd/C1709.lvd
4718	223170048	223170064	16	/s/lvd/C1801.lvd
4719	223170560	223170572	12	/s/lvd/C1802.lvd
4720	223171072	223171100	28	/s/lvd/C1803.lvd
4721	223171584	223171592	8	/s/lvd/C1804.lvd
4722	223172096	223172120	24	/s/lvd/C1901.lvd
4723	223172608	223172632	24	/s/lvd/C1902.lvd
4724	223173120	223173148	28	/s/lvd/C1903.lvd
4725	223173632	223173664	32	/s/lvd/C1904.lvd
4726	223174144	223174164	20	/s/lvd/C1905.lvd
4727	223174656	223174680	24	/s/lvd/C1906.lvd
4728	223175168	223175216	48	/s/lvd/C2001.lvd
4729	223175680	223175688	8	/s/lvd/C2002.lvd
4730	223176192	223176216	24	/s/lvd/C2003.lvd
4731	223176704	223176724	20	/s/lvd/C2004.lvd
4732	223177216	223177236	20	/s/lvd/C2005.lvd
4733	223177728	223177768	40	/s/lvd/C2006.lvd
4734	223178240	223178256	16	/s/lvd/C2101.lvd
4735	223178752	223178784	32	/s/lvd/C2102.lvd
4736	223179264	223179292	28	/s/lvd/C2103.lvd
4737	223179776	223179820	44	/s/lvd/C2104.lvd
4738	223180288	223180324	36	/s/lvd/C2105.lvd
4739	223180800	223180828	28	/s/lvd/C2106.lvd
4740	223181312	223181336	24	/s/lvd/C2107.lvd
4741	223181824	223181848	24	/s/lvd/C2201.lvd
4742	223182336	223182356	20	/s/lvd/C2202.lvd
4743	223182848	223182872	24	/s/lvd/C2203.lvd
4744	223183360	223183384	24	/s/lvd/C2204.lvd
4745	223183872	223183892	20	/s/lvd/C2205.lvd
4746	223184384	223184408	24	/s/lvd/C2206.lvd
4747	223184896	223184920	24	/s/lvd/C2207.lvd
4748	223185408	223185440	32	/s/lvd/C2301.lvd
4749	223185920	223185944	24	/s/lvd/C2303.lvd
4750	223186432	223186440	8	/s/lvd/C2304.lvd
4751	223186944	223186968	24	/s/lvd/C2305.lvd
4752	223187456	223187484	28	/s/lvd/C2306.lvd
4753	223187968	223187988	20	/s/lvd/C2307.lvd
4754	223188480	223188504	24	/s/lvd/C2401.lvd
4755	223188992	223189016	24	/s/lvd/C2402.lvd
4756	223189504	223189528	24	/s/lvd/C2403.lvd
4757	223190016	223190036	20	/s/lvd/C2404.lvd
4758	223190528	223190540	12	/s/lvd/C2405.lvd
4759	223191040	223191068	28	/s/lvd/C2405b.lvd
4760	223191552	223191576	24	/s/lvd/C2406.lvd
4761	223192064	223192080	16	/s/lvd/C2407.lvd
4762	223192576	223192600	24	/s/lvd/C2501.lvd
4763	223193088	223193120	32	/s/lvd/C2502.lvd
4764	223193600	223193616	16	/s/lvd/C2503.lvd
4765	223194112	223194140	28	/s/lvd/C2504.lvd
4766	223194624	223194648	24	/s/lvd/C2505.lvd
4767	223195136	223195160	24	/s/lvd/C2601.lvd
4768	223195648	223195676	28	/s/lvd/C2602.lvd
4769	223196160	223196184	24	/s/lvd/C2603.lvd
4770	223196672	223196708	36	/s/lvd/C2604.lvd
4771	223197184	223197204	20	/s/lvd/C2605.lvd
4772	223197696	223197732	36	/s/lvd/C2701.lvd
4773	223198208	223198244	36	/s/lvd/C2702.lvd
4774	223198720	223198756	36	/s/lvd/C2703.lvd
4775	223199232	223199260	28	/s/lvd/C2704.lvd
4776	223199744	223199768	24	/s/lvd/C2705.lvd
4777	223200256	223200284	28	/s/lvd/C2801.lvd
4778	223200768	223200792	24	/s/lvd/C2802.lvd
4779	223201280	223201308	28	/s/lvd/C2803.lvd
4780	223201792	223201812	20	/s/lvd/C2804.lvd
4781	223202304	223202332	28	/s/lvd/C2805.lvd
4782	223202816	223202856	40	/s/lvd/C2806.lvd
4783	223203328	223203340	12	/s/lvd/C2807.lvd
4784	223203840	223203860	20	/s/lvd/C2901.lvd
4785	223204352	223204364	12	/s/lvd/C2902.lvd
4786	223204864	223204948	84	/s/lvd/C2903.lvd
4787	223205376	223205400	24	/s/lvd/C3001.lvd
4788	223205888	223205900	12	/s/lvd/C3002.lvd
4789	223206400	223206424	24	/s/lvd/C3003.lvd
4790	223206912	223206944	32	/s/lvd/C3004.lvd
4791	223207424	223207444	20	/s/lvd/C3005.lvd
4792	223207936	223207960	24	/s/lvd/C3006.lvd
4793	223208448	223208468	20	/s/lvd/C3101.lvd
4794	223208960	223208988	28	/s/lvd/C3102.lvd
4795	223209472	223209508	36	/s/lvd/C3103.lvd
4796	223209984	223210020	36	/s/lvd/C3104.lvd
4797	223210496	223210520	24	/s/lvd/C3105.lvd
4798	223211008	223211036	28	/s/lvd/C3106.lvd
4799	223211520	223211548	28	/s/lvd/C3107.lvd
4800	223212032	223212056	24	/s/lvd/C3108.lvd
4801	223212544	223212568	24	/s/lvd/C3201.lvd
4802	223213056	223213080	24	/s/lvd/C3202.lvd
4803	223213568	223213580	12	/s/lvd/C3203.lvd
4804	223214080	223214092	12	/s/lvd/C3204.lvd
4805	223214592	223214616	24	/s/lvd/C3205.lvd
4806	223215104	223215124	20	/s/lvd/C3301.lvd
4807	223215616	223215644	28	/s/lvd/C3302.lvd
4808	223216128	223216144	16	/s/lvd/C3303.lvd
4809	223216640	223216660	20	/s/lvd/C3304.lvd
4810	223217152	223217180	28	/s/lvd/C3305.lvd
4811	223217664	223217680	16	/s/lvd/C3401.lvd
4812	223218176	223218200	24	/s/lvd/C3402.lvd
4813	223218688	223218704	16	/s/lvd/C3403.lvd
4814	223219200	223219224	24	/s/lvd/C3404.lvd
4815	223219712	223219740	28	/s/lvd/C3405.lvd
4816	223220224	223220248	24	/s/lvd/C3406.lvd
4817	223220736	223220756	20	/s/lvd/C3407.lvd
4818	223221248	223221272	24	/s/lvd/C3408.lvd
4819	223221760	223221780	20	/s/lvd/C3501.lvd
4820	223222272	223222288	16	/s/lvd/C3502.lvd
4821	223222784	223222836	52	/s/lvd/C3503.lvd
4822	223223296	223223308	12	/s/lvd/C3505.lvd
4823	223223808	223223836	28	/s/lvd/C3506.lvd
4824	223224320	223224344	24	/s/lvd/C3507.lvd
4825	223224832	223224872	40	/s/lvd/C3601.lvd
4826	223225344	223225364	20	/s/lvd/C3603.lvd
4827	223225856	223225884	28	/s/lvd/C3604.lvd
4828	223226368	223226396	28	/s/lvd/C3605.lvd
4829	223226880	223226904	24	/s/lvd/C3701.lvd
4830	223227392	223227420	28	/s/lvd/C3702.lvd
4831	223227904	223227940	36	/s/lvd/C3703.lvd
4832	223228416	223228436	20	/s/lvd/C3704.lvd
4833	223228928	223228940	12	/s/lvd/C3705.lvd
4834	223229440	223229464	24	/s/lvd/C3706.lvd
4835	223229952	223229984	32	/s/lvd/C3801.lvd
4836	223230464	223230484	20	/s/lvd/C3802.lvd
4837	223230976	223230996	20	/s/lvd/C3803.lvd
4838	223231488	223231520	32	/s/lvd/C3804.lvd
4839	223232000	223232024	24	/s/lvd/C3901.lvd
4840	223232512	223232532	20	/s/lvd/C3902.lvd
4841	223233024	223233048	24	/s/lvd/C3903.lvd
4842	223233536	223233560	24	/s/lvd/C3904.lvd
4843	223234048	223234068	20	/s/lvd/C3905.lvd
4844	223234560	223234576	16	/s/lvd/C3906.lvd
4845	223235072	223235100	28	/s/lvd/C4001.lvd
4846	223235584	223235600	16	/s/lvd/C4002.lvd
4847	223236096	223236116	20	/s/lvd/C4003.lvd
4848	223236608	223236624	16	/s/lvd/C4004.lvd
4849	223237120	223237136	16	/s/lvd/C4005.lvd
4850	223237632	223237652	20	/s/lvd/C4006.lvd
4851	223238144	223238168	24	/s/lvd/C4101.lvd
4852	223238656	223238672	16	/s/lvd/C4102.lvd
4853	223239168	223239192	24	/s/lvd/C4103.lvd
4854	223239680	223239704	24	/s/lvd/C4104.lvd
4855	223240192	223240208	16	/s/lvd/C4105.lvd
4856	223240704	223240744	40	/s/lvd/C4106.lvd
4857	223241216	223241236	20	/s/lvd/C4201.lvd
4858	223241728	223241748	20	/s/lvd/C4202.lvd
4859	223242240	223242256	16	/s/lvd/C4203.lvd
4860	223242752	223242776	24	/s/lvd/C4204.lvd
4861	223243264	223243276	12	/s/lvd/C4205.lvd
4862	223243776	223243796	20	/s/lvd/C4206.lvd
4863	223244288	223244316	28	/s/lvd/C4207.lvd
4864	223244800	223244820	20	/s/lvd/C4208.lvd
4865	223245312	223245340	28	/s/lvd/C4301.lvd
4866	223245824	223245856	32	/s/lvd/C4302.lvd
4867	223246336	223246360	24	/s/lvd/C4303.lvd
4868	223246848	223246872	24	/s/lvd/C4304.lvd
4869	223247360	223247388	28	/s/lvd/C4305.lvd
4870	223247872	223247896	24	/s/lvd/C4306.lvd
4871	223248384	223248408	24	/s/lvd/C4401.lvd
4872	223248896	223248920	24	/s/lvd/C4402.lvd
4873	223249408	223249440	32	/s/lvd/C4403.lvd
4874	223249920	223249936	16	/s/lvd/C4404.lvd
4875	223250432	223250468	36	/s/lvd/C4405.lvd
4876	223250944	223250964	20	/s/lvd/C4406.lvd
4877	223251456	223251480	24	/s/lvd/C4407.lvd
4878	223251968	223251996	28	/s/lvd/C4408.lvd
4879	223252480	223252500	20	/s/lvd/C4501.lvd
4880	223252992	223253020	28	/s/lvd/C4502.lvd
4881	223253504	223253532	28	/s/lvd/C4503.lvd
4882	223254016	223254044	28	/s/lvd/C4504.lvd
4883	223254528	223254560	32	/s/lvd/C4505.lvd
4884	223255040	223255060	20	/s/lvd/C4601.lvd
4885	223255552	223255576	24	/s/lvd/C4602.lvd
4886	223256064	223256084	20	/s/lvd/C4603.lvd
4887	223256576	223256592	16	/s/lvd/C4604.lvd
4888	223257088	223257100	12	/s/lvd/C4605.lvd
4889	223257600	223257624	24	/s/lvd/C4606.lvd
4890	223258112	223258140	28	/s/lvd/C4607.lvd
4891	223258624	223258652	28	/s/lvd/C4608.lvd
4892	223259136	223259164	28	/s/lvd/C4609.lvd
4893	223259648	223259672	24	/s/lvd/C4610.lvd
4894	223260160	223260188	28	/s/lvd/C4611.lvd
4895	223260672	223260704	32	/s/lvd/C4612.lvd
4896	223261184	223261208	24	/s/lvd/C4613.lvd
4897	223261696	223261716	20	/s/lvd/C4701.lvd
4898	223262208	223262224	16	/s/lvd/C4702.lvd
4899	223262720	223262736	16	/s/lvd/C4703.lvd
4900	223263232	223263264	32	/s/lvd/C4704.lvd
4901	223263744	223263764	20	/s/lvd/C4705.lvd
4902	223264256	223264272	16	/s/lvd/C4706.lvd
4903	223264768	223264784	16	/s/lvd/C4707.lvd
4904	223265280	223265296	16	/s/lvd/C4708.lvd
4905	223265792	223265812	20	/s/lvd/C4709.lvd
4906	223266304	223266332	28	/s/lvd/C4801.lvd
4907	223266816	223266852	36	/s/lvd/C4802.lvd
4908	223267328	223267356	28	/s/lvd/C4803.lvd
4909	223267840	223267872	32	/s/lvd/C4804.lvd
4910	223268352	223268376	24	/s/lvd/C4805.lvd
4911	223268864	223268884	20	/s/lvd/C4806.lvd
4912	223269376	223269396	20	/s/lvd/C4807.lvd
4913	223269888	223269908	20	/s/lvd/C4901.lvd
4914	223270400	223270420	20	/s/lvd/C4902.lvd
4915	223270912	223270928	16	/s/lvd/C4903.lvd
4916	223271424	223271448	24	/s/lvd/C4904.lvd
4917	223271936	223271956	20	/s/lvd/C4905.lvd
4918	223272448	223272496	48	/s/lvd/C4906.lvd
4919	223272960	223272988	28	/s/lvd/C4907.lvd
4920	223273472	223273496	24	/s/lvd/C5001.lvd
4921	223273984	223274008	24	/s/lvd/C5002.lvd
4922	223274496	223274524	28	/s/lvd/C5003.lvd
4923	223275008	223275032	24	/s/lvd/C5004.lvd
4924	223275520	223275548	28	/s/lvd/C5005.lvd
4925	223276032	223276056	24	/s/lvd/C5006.lvd
4926	223276544	223276564	20	/s/lvd/C5007.lvd
4927	223277056	223277072	16	/s/lvd/C5008.lvd
4928	223277568	223277588	20	/s/lvd/C5009.lvd
4929	223278080	223278108	28	/s/lvd/C5101.lvd
4930	223278592	223278616	24	/s/lvd/C5102.lvd
4931	223279104	223279128	24	/s/lvd/C5103.lvd
4932	223279616	223279648	32	/s/lvd/C5104.lvd
4933	223280128	223280152	24	/s/lvd/C5105.lvd
4934	223280640	223280672	32	/s/lvd/C5201.lvd
4935	223281152	223281184	32	/s/lvd/C5202.lvd
4936	223281664	223281704	40	/s/lvd/C5203.lvd
4937	223282176	223282200	24	/s/lvd/C5204.lvd
4938	223282688	223282712	24	/s/lvd/C5205.lvd
4939	223283200	223283228	28	/s/lvd/C5301.lvd
4940	223283712	223283736	24	/s/lvd/C5302.lvd
4941	223284224	223284248	24	/s/lvd/C5303.lvd
4942	223284736	223284756	20	/s/lvd/C5304.lvd
4943	223285248	223285284	36	/s/lvd/C5305.lvd
4944	223285760	223285788	28	/s/lvd/C5306.lvd
4945	223286272	223286300	28	/s/lvd/C5307.lvd
4946	223286784	223286812	28	/s/lvd/C5401.lvd
4947	223287296	223287316	20	/s/lvd/C5402.lvd
4948	223287808	223287844	36	/s/lvd/C5403.lvd
4949	223288320	223288336	16	/s/lvd/C5404.lvd
4950	223288832	223288860	28	/s/lvd/C5405.lvd
4951	223289344	223289368	24	/s/lvd/C5406.lvd
4952	223289856	223289880	24	/s/lvd/C5407.lvd
4953	223290368	223290396	28	/s/lvd/C5501.lvd
4954	223290880	223290896	16	/s/lvd/C5502.lvd
4955	223291392	223291428	36	/s/lvd/C5503.lvd
4956	223291904	223291912	8	/s/lvd/C5504.lvd
4957	223292416	223292440	24	/s/lvd/C5505.lvd
4958	223292928	223292940	12	/s/lvd/C5506.lvd
4959	223293440	223293480	40	/s/lvd/C5601.lvd
4960	223293952	223293972	20	/s/lvd/C5602.lvd
4961	223294464	223294500	36	/s/lvd/C5603.lvd
4962	223294976	223294988	12	/s/lvd/C5604.lvd
4963	223295488	223295516	28	/s/lvd/C5605.lvd
4964	223296000	223296012	12	/s/lvd/C5606.lvd
4965	223296512	223296532	20	/s/lvd/C5606b.lvd
4966	223297024	223297036	12	/s/lvd/C5701.lvd
4967	223297536	223297556	20	/s/lvd/C5702.lvd
4968	223298048	223298072	24	/s/lvd/C5703.lvd
4969	223298560	223298588	28	/s/lvd/C5704.lvd
4970	223299072	223299108	36	/s/lvd/C5705.lvd
4971	223299584	223299608	24	/s/lvd/C5706.lvd
4972	223300096	223300120	24	/s/lvd/C5801.lvd
4973	223300608	223300632	24	/s/lvd/C5802.lvd
4974	223301120	223301128	8	/s/lvd/C5803.lvd
4975	223301632	223301648	16	/s/lvd/C5804.lvd
4976	223302144	223302160	16	/s/lvd/C5805.lvd
4977	223302656	223302668	12	/s/lvd/C5806.lvd
4978	223303168	223303180	12	/s/lvd/C5807.lvd
4979	223303680	223303700	20	/s/lvd/C5901.lvd
4980	223304192	223304212	20	/s/lvd/C5902.lvd
4981	223304704	223304724	20	/s/lvd/C5903.lvd
4982	223305216	223305240	24	/s/lvd/C5904.lvd
4983	223305728	223305748	20	/s/lvd/C6001.lvd
4984	223306240	223306268	28	/s/lvd/C6002.lvd
4985	223306752	223306776	24	/s/lvd/C6003.lvd
4986	223307264	223307284	20	/s/lvd/C6004.lvd
4987	223307776	223307804	28	/s/lvd/C6005.lvd
4988	223308288	223308308	20	/s/lvd/C6006.lvd
4989	223308800	223308820	20	/s/lvd/C6007.lvd
4990	223309312	223309336	24	/s/lvd/C6008.lvd
4991	223309824	223309844	20	/s/lvd/C6009.lvd
4992	223310336	223310360	24	/s/lvd/C6010.lvd
4993	223310848	223310864	16	/s/lvd/C6011.lvd
4994	223311360	223311372	12	/s/lvd/C6012.lvd
4995	223311872	223311884	12	/s/lvd/C6013.lvd
4996	223312384	223312400	16	/s/lvd/C6101.lvd
4997	223312896	223312916	20	/s/lvd/C6102.lvd
4998	223313408	223313432	24	/s/lvd/C6103.lvd
4999	223313920	223313932	12	/s/lvd/C6104.lvd
5000	223314432	223314452	20	/s/lvd/C6105.lvd
5001	223314944	223314968	24	/s/lvd/C6106.lvd
5002	223315456	223315476	20	/s/lvd/C6107.lvd
5003	223315968	223315984	16	/s/lvd/C6201.lvd
5004	223316480	223316492	12	/s/lvd/C6202.lvd
5005	223316992	223317012	20	/s/lvd/C6203.lvd
5006	223317504	223317524	20	/s/lvd/C6204.lvd
5007	223318016	223318032	16	/s/lvd/C6205.lvd
5008	223318528	223318552	24	/s/lvd/C6301.lvd
5009	223319040	223319060	20	/s/lvd/C6302.lvd
5010	223319552	223319580	28	/s/lvd/C6303.lvd
5011	223320064	223320072	8	/s/lvd/C6304.lvd
5012	223320576	223320592	16	/s/lvd/C6305.lvd
5013	223321088	223321108	20	/s/lvd/C6401.lvd
5014	223321600	223321624	24	/s/lvd/C6402.lvd
5015	223322112	223322148	36	/s/lvd/C6403.lvd
5016	223322624	223322640	16	/s/lvd/C6404.lvd
5017	223323136	223323156	20	/s/lvd/C6405.lvd
5018	223323648	223323668	20	/s/lvd/C6406.lvd
5019	223324160	223324176	16	/s/lvd/C6501.lvd
5020	223324672	223324704	32	/s/lvd/C6502.lvd
5021	223325184	223325204	20	/s/lvd/C6503.lvd
5022	223325696	223325724	28	/s/lvd/C6504.lvd
5023	223326208	223326216	8	/s/lvd/C6505.lvd
5024	223326720	223326744	24	/s/lvd/C6601.lvd
5025	223327232	223327256	24	/s/lvd/C6602.lvd
5026	223327744	223327764	20	/s/lvd/C6603.lvd
5027	223328256	223328272	16	/s/lvd/C6604.lvd
5028	223328768	223328792	24	/s/lvd/C6605.lvd
5029	223329280	223329300	20	/s/lvd/C6606.lvd
5030	223329792	223329816	24	/s/lvd/C6607.lvd
5031	223330304	223330312	8	/s/lvd/C6608.lvd
5032	223330816	223330828	12	/s/lvd/C6701.lvd
5033	223331328	223331344	16	/s/lvd/C6702.lvd
5034	223331840	223331856	16	/s/lvd/C6703.lvd
5035	223332352	223332368	16	/s/lvd/C6704.lvd
5036	223332864	223332884	20	/s/lvd/C6705.lvd
5037	223333376	223333384	8	/s/lvd/C6706.lvd
5038	223333888	223333912	24	/s/lvd/C6707.lvd
5039	223334400	223334420	20	/s/lvd/C6801.lvd
5040	223334912	223334940	28	/s/lvd/C6802.lvd
5041	223335424	223335448	24	/s/lvd/C6803.lvd
5042	223335936	223335960	24	/s/lvd/C6804.lvd
5043	223336448	223336476	28	/s/lvd/C6805.lvd
5044	223336960	223336996	36	/s/lvd/C6806.lvd
5045	223337472	223337508	36	/s/lvd/C6807.lvd
5046	223337984	223338012	28	/s/lvd/C6808.lvd
5047	223338496	223338520	24	/s/lvd/C6901.lvd
5048	223339008	223339032	24	/s/lvd/C6902.lvd
5049	223339520	223339548	28	/s/lvd/C6903.lvd
5050	223340032	223340056	24	/s/lvd/C6904.lvd
5051	223340544	223340568	24	/s/lvd/C6905.lvd
5052	223341056	223341084	28	/s/lvd/C7001.lvd
5053	223341568	223341588	20	/s/lvd/C7002.lvd
5054	223342080	223342108	28	/s/lvd/C7003.lvd
5055	223342592	223342620	28	/s/lvd/C7004.lvd
5056	223343104	223343136	32	/s/lvd/C7005.lvd
5057	223343616	223343652	36	/s/lvd/C7006.lvd
5058	223344128	223344144	16	/s/lvd/C7101.lvd
5059	223344640	223344664	24	/s/lvd/C7102.lvd
5060	223345152	223345176	24	/s/lvd/C7103.lvd
5061	223345664	223345696	32	/s/lvd/C7104.lvd
5062	223346176	223346200	24	/s/lvd/C7105.lvd
5063	223346688	223346716	28	/s/lvd/C7106.lvd
5064	223347200	223347220	20	/s/lvd/C7107.lvd
5065	223347712	223347744	32	/s/lvd/C7108.lvd
5066	223348224	223348244	20	/s/lvd/C7201.lvd
5067	223348736	223348764	28	/s/lvd/C7202.lvd
5068	223349248	223349268	20	/s/lvd/C7203.lvd
5069	223349760	223349780	20	/s/lvd/C7204.lvd
5070	223350272	223350292	20	/s/lvd/C7205.lvd
5071	223350784	223350808	24	/s/lvd/C7206.lvd
5072	223351296	223351316	20	/s/lvd/C7207.lvd
5073	223351808	223351836	28	/s/lvd/C7208.lvd
5074	223352320	223352336	16	/s/lvd/C7209.lvd
5075	223352832	223352860	28	/s/lvd/C7210.lvd
5076	223353344	223353368	24	/s/lvd/C7301.lvd
5077	223353856	223353868	12	/s/lvd/C7302.lvd
5078	223354368	223354380	12	/s/lvd/C7303.lvd
5079	223354880	223354904	24	/s/lvd/C7304.lvd
5080	223355392	223355416	24	/s/lvd/C7305.lvd
5081	223355904	223355928	24	/s/lvd/C7306.lvd
5082	223356416	223356428	12	/s/lvd/C7307.lvd
5083	223356928	223356944	16	/s/lvd/C7308.lvd
5084	223357440	223357468	28	/s/lvd/C7309.lvd
5085	223357952	223357968	16	/s/lvd/C7310.lvd
5086	223358464	223358488	24	/s/lvd/C7401.lvd
5087	223358976	223358988	12	/s/lvd/C7402.lvd
5088	223359488	223359512	24	/s/lvd/C7403.lvd
5089	223360000	223360032	32	/s/lvd/C7404.lvd
5090	223360512	223360536	24	/s/lvd/C7405.lvd
5091	223361024	223361048	24	/s/lvd/C7406.lvd
5092	223361536	223361560	24	/s/lvd/C7407.lvd
5093	223362048	223362076	28	/s/lvd/C7408.lvd
5094	223362560	223362572	12	/s/lvd/C7409.lvd
5095	223363072	223363100	28	/s/lvd/C7410.lvd
5096	223363584	223363596	12	/s/lvd/C7411.lvd
5097	223364096	223364116	20	/s/lvd/C7412.lvd
5098	223364608	223364624	16	/s/lvd/C7413.lvd
5099	223365120	223365132	12	/s/lvd/C7414.lvd
5100	223365632	223365660	28	/s/lvd/C7415.lvd
5101	223366144	223366168	24	/s/lvd/C7416.lvd
5102	223366656	223366684	28	/s/lvd/C7417.lvd
5103	223367168	223367196	28	/s/lvd/C7418.lvd
5104	223367680	223367688	8	/s/lvd/C7419.lvd
5105	223368192	223368200	8	/s/lvd/C7420.lvd
5106	223368704	223368712	8	/s/lvd/C7421.lvd
5107	223369216	223369244	28	/s/lvd/C7501.lvd
5108	223369728	223369748	20	/s/lvd/C7502.lvd
5109	223370240	223370252	12	/s/lvd/C7503.lvd
5110	223370752	223370776	24	/s/lvd/C7504.lvd
5111	223371264	223371288	24	/s/lvd/C7505.lvd
5112	223371776	223371800	24	/s/lvd/C7506.lvd
5113	223372288	223372304	16	/s/lvd/C7507.lvd
5114	223372800	223372824	24	/s/lvd/C7508.lvd
5115	223373312	223373336	24	/s/lvd/C7509.lvd
5116	223373824	223373844	20	/s/lvd/C7510.lvd
5117	223374336	223374372	36	/s/lvd/C7511.lvd
5118	223374848	223374860	12	/s/lvd/C7512.lvd
5119	223375360	223375376	16	/s/lvd/C7513.lvd
5120	223375872	223375892	20	/s/lvd/C7514.lvd
5121	223376384	223376404	20	/s/lvd/C7515.lvd
5122	223376896	223376908	12	/s/lvd/C7516.lvd
5123	223377408	223377432	24	/s/lvd/C7517.lvd
5124	223377920	223377944	24	/s/lvd/C7518.lvd
5125	223378432	223378444	12	/s/lvd/C7519.lvd
5126	223378944	223378952	8	/s/lvd/C7520.lvd
5127	223379456	223379464	8	/s/lvd/C7521.lvd
5128	223379968	223379992	24	/s/lvd/C7601.lvd
5129	223380480	223380504	24	/s/lvd/C7602.lvd
5130	223380992	223381004	12	/s/lvd/C7603.lvd
5131	223381504	223381524	20	/s/lvd/C7604.lvd
5132	223382016	223382036	20	/s/lvd/C7605.lvd
5133	223382528	223382560	32	/s/lvd/C7606.lvd
5134	223383040	223383064	24	/s/lvd/C7607.lvd
5135	244568064	244594111	26047	/title/game_over.NCGR_lz
5136	244594176	244594696	520	/title/game_over.NCLR_lz
5137	244595200	244596959	1759	/title/game_over.NSCR_lz
5138	244535808	244562791	26983	/title/Menu_Event.NCGR_lz
5139	244562944	244563491	547	/title/Menu_Event.NCLR_lz
5140	244563968	244565740	1772	/title/Menu_Event.NSCR_lz
5141	244597248	244858064	260816	/title/t.dat
5142	244566016	244566754	738	/title/TITLE_LOGO_NAMCO.NCGR_lz
5143	244567040	244567130	90	/title/TITLE_LOGO_NAMCO.NCLR_lz
5144	244567552	244567799	247	/title/TITLE_LOGO_NAMCO.NSCR_lz
